ticker,quarter,date,positive,negative,neutral,sentiment_score,sector,q,risk_count,positive_count,risk_ratio
MRNA,2020-Q1,"May 9, 2020, 8:30 p.m. ET",0.02616637386381626,0.02784154936671257,0.9459920525550842,-0.001675175502896309,Healthcare,2020-Q1,22,44,0.3283582089552239
MRNA,2021-Q1,"May 06, 2021, 8:00 a.m. ET",0.14075466990470886,0.011109570972621441,0.848135769367218,0.12964509893208742,Healthcare,2021-Q1,35,25,0.5737704918032787
MRNA,2021-Q1,"May 06, 2021, 8:00 a.m. ET",0.14075466990470886,0.011109570972621441,0.848135769367218,0.12964509893208742,Healthcare,2021-Q1,35,25,0.5737704918032787
MRNA,2021-Q1,"May 06, 2021, 8:00 a.m. ET",0.14075466990470886,0.011109570972621441,0.848135769367218,0.12964509893208742,Healthcare,2021-Q1,35,25,0.5737704918032787
MRNA,2021-Q1,"May 06, 2021, 8:00 a.m. ET",0.14075466990470886,0.011109570972621441,0.848135769367218,0.12964509893208742,Healthcare,2021-Q1,35,25,0.5737704918032787
MRNA,2021-Q1,"May 06, 2021, 8:00 a.m. ET",0.14075466990470886,0.011109570972621441,0.848135769367218,0.12964509893208742,Healthcare,2021-Q1,35,25,0.5737704918032787
MRNA,2021-Q1,"May 06, 2021, 8:00 a.m. ET",0.14075466990470886,0.011109570972621441,0.848135769367218,0.12964509893208742,Healthcare,2021-Q1,35,25,0.5737704918032787
MRNA,2021-Q1,"May 06, 2021, 8:00 a.m. ET",0.14075466990470886,0.011109570972621441,0.848135769367218,0.12964509893208742,Healthcare,2021-Q1,35,25,0.5737704918032787
MRNA,2021-Q1,"May 06, 2021, 8:00 a.m. ET",0.14075466990470886,0.011109570972621441,0.848135769367218,0.12964509893208742,Healthcare,2021-Q1,35,25,0.5737704918032787
AAPL,2020-Q2,"Apr 30, 2020, 5:00 p.m. ET",0.2375384420156479,0.012087523937225342,0.7503740191459656,0.22545091807842255,Tech,2020-Q2,33,61,0.3473684210526316
AAPL,2020-Q2,"Apr 30, 2020, 5:00 p.m. ET",0.2375384420156479,0.012087523937225342,0.7503740191459656,0.22545091807842255,Tech,2020-Q2,33,61,0.3473684210526316
AAPL,2020-Q2,"Apr 30, 2020, 5:00 p.m. ET",0.2375384420156479,0.012087523937225342,0.7503740191459656,0.22545091807842255,Tech,2020-Q2,33,61,0.3473684210526316
AAPL,2020-Q2,"Apr 30, 2020, 5:00 p.m. ET",0.2375384420156479,0.012087523937225342,0.7503740191459656,0.22545091807842255,Tech,2020-Q2,33,61,0.3473684210526316
AAPL,2020-Q2,"Apr 30, 2020, 5:00 p.m. ET",0.2375384420156479,0.012087523937225342,0.7503740191459656,0.22545091807842255,Tech,2020-Q2,33,61,0.3473684210526316
AAPL,2020-Q2,"Apr 30, 2020, 5:00 p.m. ET",0.2375384420156479,0.012087523937225342,0.7503740191459656,0.22545091807842255,Tech,2020-Q2,33,61,0.3473684210526316
AAPL,2020-Q2,"Apr 30, 2020, 5:00 p.m. ET",0.2375384420156479,0.012087523937225342,0.7503740191459656,0.22545091807842255,Tech,2020-Q2,33,61,0.3473684210526316
AAPL,2020-Q2,"Apr 30, 2020, 5:00 p.m. ET",0.2375384420156479,0.012087523937225342,0.7503740191459656,0.22545091807842255,Tech,2020-Q2,33,61,0.3473684210526316
AAPL,2020-Q2,"Apr 30, 2020, 5:00 p.m. ET",0.2375384420156479,0.012087523937225342,0.7503740191459656,0.22545091807842255,Tech,2020-Q2,33,61,0.3473684210526316
AAPL,2020-Q2,"Apr 30, 2020, 5:00 p.m. ET",0.2375384420156479,0.012087523937225342,0.7503740191459656,0.22545091807842255,Tech,2020-Q2,33,61,0.3473684210526316
AAPL,2020-Q2,"Apr 30, 2020, 5:00 p.m. ET",0.2375384420156479,0.012087523937225342,0.7503740191459656,0.22545091807842255,Tech,2020-Q2,33,61,0.3473684210526316
AAPL,2020-Q2,"Apr 30, 2020, 5:00 p.m. ET",0.2375384420156479,0.012087523937225342,0.7503740191459656,0.22545091807842255,Tech,2020-Q2,33,61,0.3473684210526316
AAPL,2020-Q2,"Apr 30, 2020, 5:00 p.m. ET",0.2375384420156479,0.012087523937225342,0.7503740191459656,0.22545091807842255,Tech,2020-Q2,33,61,0.3473684210526316
AAPL,2020-Q2,"Apr 30, 2020, 5:00 p.m. ET",0.2375384420156479,0.012087523937225342,0.7503740191459656,0.22545091807842255,Tech,2020-Q2,33,61,0.3473684210526316
AAPL,2020-Q2,"Apr 30, 2020, 5:00 p.m. ET",0.2375384420156479,0.012087523937225342,0.7503740191459656,0.22545091807842255,Tech,2020-Q2,33,61,0.3473684210526316
AAPL,2020-Q2,"Apr 30, 2020, 5:00 p.m. ET",0.2375384420156479,0.012087523937225342,0.7503740191459656,0.22545091807842255,Tech,2020-Q2,33,61,0.3473684210526316
AAPL,2020-Q2,"Apr 30, 2020, 5:00 p.m. ET",0.2375384420156479,0.012087523937225342,0.7503740191459656,0.22545091807842255,Tech,2020-Q2,33,61,0.3473684210526316
AAPL,2020-Q2,"Apr 30, 2020, 5:00 p.m. ET",0.2375384420156479,0.012087523937225342,0.7503740191459656,0.22545091807842255,Tech,2020-Q2,33,61,0.3473684210526316
AAPL,2020-Q2,"Apr 30, 2020, 5:00 p.m. ET",0.2375384420156479,0.012087523937225342,0.7503740191459656,0.22545091807842255,Tech,2020-Q2,33,61,0.3473684210526316
AAPL,2020-Q2,"Apr 30, 2020, 5:00 p.m. ET",0.2375384420156479,0.012087523937225342,0.7503740191459656,0.22545091807842255,Tech,2020-Q2,33,61,0.3473684210526316
AAPL,2020-Q2,"Apr 30, 2020, 5:00 p.m. ET",0.2375384420156479,0.012087523937225342,0.7503740191459656,0.22545091807842255,Tech,2020-Q2,33,61,0.3473684210526316
AAPL,2020-Q2,"Apr 30, 2020, 5:00 p.m. ET",0.2375384420156479,0.012087523937225342,0.7503740191459656,0.22545091807842255,Tech,2020-Q2,33,61,0.3473684210526316
AAPL,2020-Q2,"Apr 30, 2020, 5:00 p.m. ET",0.2375384420156479,0.012087523937225342,0.7503740191459656,0.22545091807842255,Tech,2020-Q2,33,61,0.3473684210526316
AAPL,2020-Q2,"Apr 30, 2020, 5:00 p.m. ET",0.2375384420156479,0.012087523937225342,0.7503740191459656,0.22545091807842255,Tech,2020-Q2,33,61,0.3473684210526316
AAPL,2020-Q2,"Apr 30, 2020, 5:00 p.m. ET",0.2375384420156479,0.012087523937225342,0.7503740191459656,0.22545091807842255,Tech,2020-Q2,33,61,0.3473684210526316
META,2020-Q4,"Jan 27, 2021, 5:00 p.m. ET",0.09929036349058151,0.014725789427757263,0.8859838247299194,0.08456457406282425,Tech,2020-Q4,35,47,0.42168674698795183
META,2020-Q4,"Jan 27, 2021, 5:00 p.m. ET",0.09929036349058151,0.014725789427757263,0.8859838247299194,0.08456457406282425,Tech,2020-Q4,35,47,0.42168674698795183
F,2019-Q4,"Feb 4, 2020, 5:00 p.m. ET",0.38692185282707214,0.009179184213280678,0.6038990020751953,0.37774266861379147,Auto,2019-Q4,53,58,0.4732142857142857
F,2019-Q4,"Feb 4, 2020, 5:00 p.m. ET",0.38692185282707214,0.009179184213280678,0.6038990020751953,0.37774266861379147,Auto,2019-Q4,53,58,0.4732142857142857
TGT,2020-Q4,"Mar 02, 2021, 9:00 a.m. ET",0.09841155260801315,0.014091943390667439,0.8874964714050293,0.08431960921734571,Retail,2020-Q4,49,164,0.22897196261682243
KO,2021-Q1,"Apr 19, 2021, 8:30 a.m. ET",0.3852633535861969,0.019992617890238762,0.5947439670562744,0.36527073569595814,Consumer,2021-Q1,38,83,0.3114754098360656
AMZN,2022-Q3,"Oct 27, 2022, 5:30 p.m. ET",0.0530579574406147,0.02138059213757515,0.9255614876747131,0.03167736530303955,Tech,2022-Q3,26,32,0.4406779661016949
WFC,2021-Q2,"Jul 14, 2021, 11:30 a.m. ET",0.05672881007194519,0.0218930933624506,0.9213781356811523,0.03483571670949459,Finance,2021-Q2,73,61,0.5407407407407407
DIS,2020-Q3,"Aug 04, 2020, 4:30 p.m. ET",0.028005406260490417,0.08130818605422974,0.8906863927841187,-0.05330277979373932,Media,2020-Q3,32,44,0.4155844155844156
DIS,2020-Q3,"Aug 04, 2020, 4:30 p.m. ET",0.028005406260490417,0.08130818605422974,0.8906863927841187,-0.05330277979373932,Media,2020-Q3,32,44,0.4155844155844156
DIS,2020-Q3,"Aug 04, 2020, 4:30 p.m. ET",0.028005406260490417,0.08130818605422974,0.8906863927841187,-0.05330277979373932,Media,2020-Q3,32,44,0.4155844155844156
DIS,2020-Q3,"Aug 04, 2020, 4:30 p.m. ET",0.028005406260490417,0.08130818605422974,0.8906863927841187,-0.05330277979373932,Media,2020-Q3,32,44,0.4155844155844156
DIS,2020-Q3,"Aug 04, 2020, 4:30 p.m. ET",0.028005406260490417,0.08130818605422974,0.8906863927841187,-0.05330277979373932,Media,2020-Q3,32,44,0.4155844155844156
DIS,2020-Q3,"Aug 04, 2020, 4:30 p.m. ET",0.028005406260490417,0.08130818605422974,0.8906863927841187,-0.05330277979373932,Media,2020-Q3,32,44,0.4155844155844156
DIS,2020-Q3,"Aug 04, 2020, 4:30 p.m. ET",0.028005406260490417,0.08130818605422974,0.8906863927841187,-0.05330277979373932,Media,2020-Q3,32,44,0.4155844155844156
DIS,2020-Q3,"Aug 04, 2020, 4:30 p.m. ET",0.028005406260490417,0.08130818605422974,0.8906863927841187,-0.05330277979373932,Media,2020-Q3,32,44,0.4155844155844156
DIS,2020-Q3,"Aug 04, 2020, 4:30 p.m. ET",0.028005406260490417,0.08130818605422974,0.8906863927841187,-0.05330277979373932,Media,2020-Q3,32,44,0.4155844155844156
DIS,2020-Q3,"Aug 04, 2020, 4:30 p.m. ET",0.028005406260490417,0.08130818605422974,0.8906863927841187,-0.05330277979373932,Media,2020-Q3,32,44,0.4155844155844156
DIS,2020-Q3,"Aug 04, 2020, 4:30 p.m. ET",0.028005406260490417,0.08130818605422974,0.8906863927841187,-0.05330277979373932,Media,2020-Q3,32,44,0.4155844155844156
DIS,2020-Q3,"Aug 04, 2020, 4:30 p.m. ET",0.028005406260490417,0.08130818605422974,0.8906863927841187,-0.05330277979373932,Media,2020-Q3,32,44,0.4155844155844156
DIS,2020-Q3,"Aug 04, 2020, 4:30 p.m. ET",0.028005406260490417,0.08130818605422974,0.8906863927841187,-0.05330277979373932,Media,2020-Q3,32,44,0.4155844155844156
DIS,2020-Q3,"Aug 04, 2020, 4:30 p.m. ET",0.028005406260490417,0.08130818605422974,0.8906863927841187,-0.05330277979373932,Media,2020-Q3,32,44,0.4155844155844156
DIS,2020-Q3,"Aug 04, 2020, 4:30 p.m. ET",0.028005406260490417,0.08130818605422974,0.8906863927841187,-0.05330277979373932,Media,2020-Q3,32,44,0.4155844155844156
DIS,2020-Q3,"Aug 04, 2020, 4:30 p.m. ET",0.028005406260490417,0.08130818605422974,0.8906863927841187,-0.05330277979373932,Media,2020-Q3,32,44,0.4155844155844156
DIS,2020-Q3,"Aug 04, 2020, 4:30 p.m. ET",0.028005406260490417,0.08130818605422974,0.8906863927841187,-0.05330277979373932,Media,2020-Q3,32,44,0.4155844155844156
DIS,2020-Q3,"Aug 04, 2020, 4:30 p.m. ET",0.028005406260490417,0.08130818605422974,0.8906863927841187,-0.05330277979373932,Media,2020-Q3,32,44,0.4155844155844156
DIS,2020-Q3,"Aug 04, 2020, 4:30 p.m. ET",0.028005406260490417,0.08130818605422974,0.8906863927841187,-0.05330277979373932,Media,2020-Q3,32,44,0.4155844155844156
DIS,2020-Q3,"Aug 04, 2020, 4:30 p.m. ET",0.028005406260490417,0.08130818605422974,0.8906863927841187,-0.05330277979373932,Media,2020-Q3,32,44,0.4155844155844156
DIS,2020-Q3,"Aug 04, 2020, 4:30 p.m. ET",0.028005406260490417,0.08130818605422974,0.8906863927841187,-0.05330277979373932,Media,2020-Q3,32,44,0.4155844155844156
DIS,2020-Q3,"Aug 04, 2020, 4:30 p.m. ET",0.028005406260490417,0.08130818605422974,0.8906863927841187,-0.05330277979373932,Media,2020-Q3,32,44,0.4155844155844156
DIS,2020-Q3,"Aug 04, 2020, 4:30 p.m. ET",0.028005406260490417,0.08130818605422974,0.8906863927841187,-0.05330277979373932,Media,2020-Q3,32,44,0.4155844155844156
DIS,2020-Q3,"Aug 04, 2020, 4:30 p.m. ET",0.028005406260490417,0.08130818605422974,0.8906863927841187,-0.05330277979373932,Media,2020-Q3,32,44,0.4155844155844156
DIS,2020-Q3,"Aug 04, 2020, 4:30 p.m. ET",0.028005406260490417,0.08130818605422974,0.8906863927841187,-0.05330277979373932,Media,2020-Q3,32,44,0.4155844155844156
DIS,2021-Q2,"May 13, 2021, 4:30 p.m. ET",0.17253045737743378,0.010824526660144329,0.8166450262069702,0.16170593071728945,Media,2021-Q2,13,56,0.18571428571428572
TSLA,2021-Q1,"Apr 26, 2021, 5:30 p.m. ET",0.1510339379310608,0.010555521585047245,0.8384105563163757,0.14047841634601355,Auto,2021-Q1,29,27,0.5087719298245614
TSLA,2021-Q1,"Apr 26, 2021, 5:30 p.m. ET",0.1510339379310608,0.010555521585047245,0.8384105563163757,0.14047841634601355,Auto,2021-Q1,29,27,0.5087719298245614
INTC,2020-Q4,"Jan 21, 2021, 5:00 p.m. ET",0.2571169137954712,0.01003392692655325,0.7328491806983948,0.24708298686891794,Tech,2020-Q4,17,101,0.14285714285714285
INTC,2020-Q4,"Jan 21, 2021, 5:00 p.m. ET",0.2571169137954712,0.01003392692655325,0.7328491806983948,0.24708298686891794,Tech,2020-Q4,17,101,0.14285714285714285
KO,2020-Q4,"Feb 10, 2021, 8:30 a.m. ET",0.599564254283905,0.013237076811492443,0.38719868659973145,0.5863271774724126,Consumer,2020-Q4,49,89,0.35251798561151076
KO,2020-Q4,"Feb 10, 2021, 8:30 a.m. ET",0.599564254283905,0.013237076811492443,0.38719868659973145,0.5863271774724126,Consumer,2020-Q4,49,89,0.35251798561151076
KO,2020-Q4,"Feb 10, 2021, 8:30 a.m. ET",0.599564254283905,0.013237076811492443,0.38719868659973145,0.5863271774724126,Consumer,2020-Q4,49,89,0.35251798561151076
KO,2020-Q4,"Feb 10, 2021, 8:30 a.m. ET",0.599564254283905,0.013237076811492443,0.38719868659973145,0.5863271774724126,Consumer,2020-Q4,49,89,0.35251798561151076
KO,2020-Q4,"Feb 10, 2021, 8:30 a.m. ET",0.599564254283905,0.013237076811492443,0.38719868659973145,0.5863271774724126,Consumer,2020-Q4,49,89,0.35251798561151076
AAPL,2020-Q2,"Apr 30, 2020, 5:00 p.m. ET",0.2375384420156479,0.012087523937225342,0.7503740191459656,0.22545091807842255,Tech,2020-Q2,33,61,0.3473684210526316
AAPL,2020-Q2,"Apr 30, 2020, 5:00 p.m. ET",0.2375384420156479,0.012087523937225342,0.7503740191459656,0.22545091807842255,Tech,2020-Q2,33,61,0.3473684210526316
AAPL,2020-Q2,"Apr 30, 2020, 5:00 p.m. ET",0.2375384420156479,0.012087523937225342,0.7503740191459656,0.22545091807842255,Tech,2020-Q2,33,61,0.3473684210526316
AAPL,2020-Q2,"Apr 30, 2020, 5:00 p.m. ET",0.2375384420156479,0.012087523937225342,0.7503740191459656,0.22545091807842255,Tech,2020-Q2,33,61,0.3473684210526316
AAPL,2020-Q2,"Apr 30, 2020, 5:00 p.m. ET",0.2375384420156479,0.012087523937225342,0.7503740191459656,0.22545091807842255,Tech,2020-Q2,33,61,0.3473684210526316
AAPL,2020-Q2,"Apr 30, 2020, 5:00 p.m. ET",0.2375384420156479,0.012087523937225342,0.7503740191459656,0.22545091807842255,Tech,2020-Q2,33,61,0.3473684210526316
AAPL,2020-Q2,"Apr 30, 2020, 5:00 p.m. ET",0.2375384420156479,0.012087523937225342,0.7503740191459656,0.22545091807842255,Tech,2020-Q2,33,61,0.3473684210526316
AAPL,2020-Q2,"Apr 30, 2020, 5:00 p.m. ET",0.2375384420156479,0.012087523937225342,0.7503740191459656,0.22545091807842255,Tech,2020-Q2,33,61,0.3473684210526316
AAPL,2020-Q2,"Apr 30, 2020, 5:00 p.m. ET",0.2375384420156479,0.012087523937225342,0.7503740191459656,0.22545091807842255,Tech,2020-Q2,33,61,0.3473684210526316
AAPL,2020-Q2,"Apr 30, 2020, 5:00 p.m. ET",0.2375384420156479,0.012087523937225342,0.7503740191459656,0.22545091807842255,Tech,2020-Q2,33,61,0.3473684210526316
AAPL,2020-Q2,"Apr 30, 2020, 5:00 p.m. ET",0.2375384420156479,0.012087523937225342,0.7503740191459656,0.22545091807842255,Tech,2020-Q2,33,61,0.3473684210526316
AAPL,2020-Q2,"Apr 30, 2020, 5:00 p.m. ET",0.2375384420156479,0.012087523937225342,0.7503740191459656,0.22545091807842255,Tech,2020-Q2,33,61,0.3473684210526316
AAPL,2020-Q2,"Apr 30, 2020, 5:00 p.m. ET",0.2375384420156479,0.012087523937225342,0.7503740191459656,0.22545091807842255,Tech,2020-Q2,33,61,0.3473684210526316
AAPL,2020-Q2,"Apr 30, 2020, 5:00 p.m. ET",0.2375384420156479,0.012087523937225342,0.7503740191459656,0.22545091807842255,Tech,2020-Q2,33,61,0.3473684210526316
AAPL,2020-Q2,"Apr 30, 2020, 5:00 p.m. ET",0.2375384420156479,0.012087523937225342,0.7503740191459656,0.22545091807842255,Tech,2020-Q2,33,61,0.3473684210526316
AAPL,2020-Q2,"Apr 30, 2020, 5:00 p.m. ET",0.2375384420156479,0.012087523937225342,0.7503740191459656,0.22545091807842255,Tech,2020-Q2,33,61,0.3473684210526316
AAPL,2020-Q2,"Apr 30, 2020, 5:00 p.m. ET",0.2375384420156479,0.012087523937225342,0.7503740191459656,0.22545091807842255,Tech,2020-Q2,33,61,0.3473684210526316
AAPL,2020-Q2,"Apr 30, 2020, 5:00 p.m. ET",0.2375384420156479,0.012087523937225342,0.7503740191459656,0.22545091807842255,Tech,2020-Q2,33,61,0.3473684210526316
AAPL,2020-Q2,"Apr 30, 2020, 5:00 p.m. ET",0.2375384420156479,0.012087523937225342,0.7503740191459656,0.22545091807842255,Tech,2020-Q2,33,61,0.3473684210526316
AAPL,2020-Q2,"Apr 30, 2020, 5:00 p.m. ET",0.2375384420156479,0.012087523937225342,0.7503740191459656,0.22545091807842255,Tech,2020-Q2,33,61,0.3473684210526316
AAPL,2020-Q2,"Apr 30, 2020, 5:00 p.m. ET",0.2375384420156479,0.012087523937225342,0.7503740191459656,0.22545091807842255,Tech,2020-Q2,33,61,0.3473684210526316
AAPL,2020-Q2,"Apr 30, 2020, 5:00 p.m. ET",0.2375384420156479,0.012087523937225342,0.7503740191459656,0.22545091807842255,Tech,2020-Q2,33,61,0.3473684210526316
AAPL,2020-Q2,"Apr 30, 2020, 5:00 p.m. ET",0.2375384420156479,0.012087523937225342,0.7503740191459656,0.22545091807842255,Tech,2020-Q2,33,61,0.3473684210526316
AAPL,2020-Q2,"Apr 30, 2020, 5:00 p.m. ET",0.2375384420156479,0.012087523937225342,0.7503740191459656,0.22545091807842255,Tech,2020-Q2,33,61,0.3473684210526316
AAPL,2020-Q2,"Apr 30, 2020, 5:00 p.m. ET",0.2375384420156479,0.012087523937225342,0.7503740191459656,0.22545091807842255,Tech,2020-Q2,33,61,0.3473684210526316
TSLA,2020-Q1,"Apr 29, 2020, 6:30 p.m. ET",0.941430389881134,0.023905618116259575,0.03466400131583214,0.9175247717648745,Auto,2020-Q1,17,32,0.34
TSLA,2020-Q1,"Apr 29, 2020, 6:30 p.m. ET",0.941430389881134,0.023905618116259575,0.03466400131583214,0.9175247717648745,Auto,2020-Q1,17,32,0.34
TSLA,2020-Q1,"Apr 29, 2020, 6:30 p.m. ET",0.941430389881134,0.023905618116259575,0.03466400131583214,0.9175247717648745,Auto,2020-Q1,17,32,0.34
TSLA,2020-Q1,"Apr 29, 2020, 6:30 p.m. ET",0.941430389881134,0.023905618116259575,0.03466400131583214,0.9175247717648745,Auto,2020-Q1,17,32,0.34
TSLA,2020-Q1,"Apr 29, 2020, 6:30 p.m. ET",0.941430389881134,0.023905618116259575,0.03466400131583214,0.9175247717648745,Auto,2020-Q1,17,32,0.34
BAC,2021-Q1,"Apr 15, 2021, 9:00 a.m. ET",0.10762317478656769,0.016225066035985947,0.8761517405509949,0.09139810875058174,Finance,2021-Q1,41,106,0.27702702702702703
GOOGL,2021-Q2,"Jul 27, 2021, 4:30 p.m. ET",0.24937154352664948,0.00945959985256195,0.7411688566207886,0.23991194367408752,Tech,2021-Q2,12,78,0.13186813186813187
GOOGL,2021-Q2,"Jul 27, 2021, 4:30 p.m. ET",0.24937154352664948,0.00945959985256195,0.7411688566207886,0.23991194367408752,Tech,2021-Q2,12,78,0.13186813186813187
GOOGL,2021-Q2,"Jul 27, 2021, 4:30 p.m. ET",0.24937154352664948,0.00945959985256195,0.7411688566207886,0.23991194367408752,Tech,2021-Q2,12,78,0.13186813186813187
GOOGL,2021-Q2,"Jul 27, 2021, 4:30 p.m. ET",0.24937154352664948,0.00945959985256195,0.7411688566207886,0.23991194367408752,Tech,2021-Q2,12,78,0.13186813186813187
GOOGL,2021-Q2,"Jul 27, 2021, 4:30 p.m. ET",0.24937154352664948,0.00945959985256195,0.7411688566207886,0.23991194367408752,Tech,2021-Q2,12,78,0.13186813186813187
GOOGL,2021-Q2,"Jul 27, 2021, 4:30 p.m. ET",0.24937154352664948,0.00945959985256195,0.7411688566207886,0.23991194367408752,Tech,2021-Q2,12,78,0.13186813186813187
GOOGL,2021-Q2,"Jul 27, 2021, 4:30 p.m. ET",0.24937154352664948,0.00945959985256195,0.7411688566207886,0.23991194367408752,Tech,2021-Q2,12,78,0.13186813186813187
GOOGL,2021-Q2,"Jul 27, 2021, 4:30 p.m. ET",0.24937154352664948,0.00945959985256195,0.7411688566207886,0.23991194367408752,Tech,2021-Q2,12,78,0.13186813186813187
GOOGL,2021-Q2,"Jul 27, 2021, 4:30 p.m. ET",0.24937154352664948,0.00945959985256195,0.7411688566207886,0.23991194367408752,Tech,2021-Q2,12,78,0.13186813186813187
GOOGL,2021-Q2,"Jul 27, 2021, 4:30 p.m. ET",0.24937154352664948,0.00945959985256195,0.7411688566207886,0.23991194367408752,Tech,2021-Q2,12,78,0.13186813186813187
GOOGL,2021-Q2,"Jul 27, 2021, 4:30 p.m. ET",0.24937154352664948,0.00945959985256195,0.7411688566207886,0.23991194367408752,Tech,2021-Q2,12,78,0.13186813186813187
GOOGL,2021-Q2,"Jul 27, 2021, 4:30 p.m. ET",0.24937154352664948,0.00945959985256195,0.7411688566207886,0.23991194367408752,Tech,2021-Q2,12,78,0.13186813186813187
GOOGL,2021-Q2,"Jul 27, 2021, 4:30 p.m. ET",0.24937154352664948,0.00945959985256195,0.7411688566207886,0.23991194367408752,Tech,2021-Q2,12,78,0.13186813186813187
GOOGL,2021-Q2,"Jul 27, 2021, 4:30 p.m. ET",0.24937154352664948,0.00945959985256195,0.7411688566207886,0.23991194367408752,Tech,2021-Q2,12,78,0.13186813186813187
COST,2020-Q1,"Dec 12, 2019, 5:00 p.m. ET",0.09047029167413712,0.03004791960120201,0.8794817924499512,0.060422372072935104,Retail,2020-Q1,14,25,0.35
AAPL,2020-Q2,"Apr 30, 2020, 5:00 p.m. ET",0.2375384420156479,0.012087523937225342,0.7503740191459656,0.22545091807842255,Tech,2020-Q2,33,61,0.3473684210526316
AAPL,2020-Q2,"Apr 30, 2020, 5:00 p.m. ET",0.2375384420156479,0.012087523937225342,0.7503740191459656,0.22545091807842255,Tech,2020-Q2,33,61,0.3473684210526316
AAPL,2020-Q2,"Apr 30, 2020, 5:00 p.m. ET",0.2375384420156479,0.012087523937225342,0.7503740191459656,0.22545091807842255,Tech,2020-Q2,33,61,0.3473684210526316
AAPL,2020-Q2,"Apr 30, 2020, 5:00 p.m. ET",0.2375384420156479,0.012087523937225342,0.7503740191459656,0.22545091807842255,Tech,2020-Q2,33,61,0.3473684210526316
AAPL,2020-Q2,"Apr 30, 2020, 5:00 p.m. ET",0.2375384420156479,0.012087523937225342,0.7503740191459656,0.22545091807842255,Tech,2020-Q2,33,61,0.3473684210526316
AAPL,2020-Q2,"Apr 30, 2020, 5:00 p.m. ET",0.2375384420156479,0.012087523937225342,0.7503740191459656,0.22545091807842255,Tech,2020-Q2,33,61,0.3473684210526316
AAPL,2020-Q2,"Apr 30, 2020, 5:00 p.m. ET",0.2375384420156479,0.012087523937225342,0.7503740191459656,0.22545091807842255,Tech,2020-Q2,33,61,0.3473684210526316
AAPL,2020-Q2,"Apr 30, 2020, 5:00 p.m. ET",0.2375384420156479,0.012087523937225342,0.7503740191459656,0.22545091807842255,Tech,2020-Q2,33,61,0.3473684210526316
AAPL,2020-Q2,"Apr 30, 2020, 5:00 p.m. ET",0.2375384420156479,0.012087523937225342,0.7503740191459656,0.22545091807842255,Tech,2020-Q2,33,61,0.3473684210526316
AAPL,2020-Q2,"Apr 30, 2020, 5:00 p.m. ET",0.2375384420156479,0.012087523937225342,0.7503740191459656,0.22545091807842255,Tech,2020-Q2,33,61,0.3473684210526316
AAPL,2020-Q2,"Apr 30, 2020, 5:00 p.m. ET",0.2375384420156479,0.012087523937225342,0.7503740191459656,0.22545091807842255,Tech,2020-Q2,33,61,0.3473684210526316
AAPL,2020-Q2,"Apr 30, 2020, 5:00 p.m. ET",0.2375384420156479,0.012087523937225342,0.7503740191459656,0.22545091807842255,Tech,2020-Q2,33,61,0.3473684210526316
AAPL,2020-Q2,"Apr 30, 2020, 5:00 p.m. ET",0.2375384420156479,0.012087523937225342,0.7503740191459656,0.22545091807842255,Tech,2020-Q2,33,61,0.3473684210526316
AAPL,2020-Q2,"Apr 30, 2020, 5:00 p.m. ET",0.2375384420156479,0.012087523937225342,0.7503740191459656,0.22545091807842255,Tech,2020-Q2,33,61,0.3473684210526316
AAPL,2020-Q2,"Apr 30, 2020, 5:00 p.m. ET",0.2375384420156479,0.012087523937225342,0.7503740191459656,0.22545091807842255,Tech,2020-Q2,33,61,0.3473684210526316
AAPL,2020-Q2,"Apr 30, 2020, 5:00 p.m. ET",0.2375384420156479,0.012087523937225342,0.7503740191459656,0.22545091807842255,Tech,2020-Q2,33,61,0.3473684210526316
AAPL,2020-Q2,"Apr 30, 2020, 5:00 p.m. ET",0.2375384420156479,0.012087523937225342,0.7503740191459656,0.22545091807842255,Tech,2020-Q2,33,61,0.3473684210526316
AAPL,2020-Q2,"Apr 30, 2020, 5:00 p.m. ET",0.2375384420156479,0.012087523937225342,0.7503740191459656,0.22545091807842255,Tech,2020-Q2,33,61,0.3473684210526316
AAPL,2020-Q2,"Apr 30, 2020, 5:00 p.m. ET",0.2375384420156479,0.012087523937225342,0.7503740191459656,0.22545091807842255,Tech,2020-Q2,33,61,0.3473684210526316
AAPL,2020-Q2,"Apr 30, 2020, 5:00 p.m. ET",0.2375384420156479,0.012087523937225342,0.7503740191459656,0.22545091807842255,Tech,2020-Q2,33,61,0.3473684210526316
AAPL,2020-Q2,"Apr 30, 2020, 5:00 p.m. ET",0.2375384420156479,0.012087523937225342,0.7503740191459656,0.22545091807842255,Tech,2020-Q2,33,61,0.3473684210526316
AAPL,2020-Q2,"Apr 30, 2020, 5:00 p.m. ET",0.2375384420156479,0.012087523937225342,0.7503740191459656,0.22545091807842255,Tech,2020-Q2,33,61,0.3473684210526316
AAPL,2020-Q2,"Apr 30, 2020, 5:00 p.m. ET",0.2375384420156479,0.012087523937225342,0.7503740191459656,0.22545091807842255,Tech,2020-Q2,33,61,0.3473684210526316
AAPL,2020-Q2,"Apr 30, 2020, 5:00 p.m. ET",0.2375384420156479,0.012087523937225342,0.7503740191459656,0.22545091807842255,Tech,2020-Q2,33,61,0.3473684210526316
AAPL,2020-Q2,"Apr 30, 2020, 5:00 p.m. ET",0.2375384420156479,0.012087523937225342,0.7503740191459656,0.22545091807842255,Tech,2020-Q2,33,61,0.3473684210526316
TSLA,2020-Q2,"Jul 22, 2020, 6:00 p.m. ET",0.085098035633564,0.018818067386746407,0.8960838913917542,0.06627996824681759,Auto,2020-Q2,14,32,0.2978723404255319
TSLA,2020-Q2,"Jul 22, 2020, 6:00 p.m. ET",0.085098035633564,0.018818067386746407,0.8960838913917542,0.06627996824681759,Auto,2020-Q2,14,32,0.2978723404255319
TSLA,2020-Q2,"Jul 22, 2020, 6:00 p.m. ET",0.085098035633564,0.018818067386746407,0.8960838913917542,0.06627996824681759,Auto,2020-Q2,14,32,0.2978723404255319
TSLA,2020-Q2,"Jul 22, 2020, 6:00 p.m. ET",0.085098035633564,0.018818067386746407,0.8960838913917542,0.06627996824681759,Auto,2020-Q2,14,32,0.2978723404255319
TSLA,2020-Q2,"Jul 22, 2020, 6:00 p.m. ET",0.085098035633564,0.018818067386746407,0.8960838913917542,0.06627996824681759,Auto,2020-Q2,14,32,0.2978723404255319
TSLA,2020-Q2,"Jul 22, 2020, 6:00 p.m. ET",0.085098035633564,0.018818067386746407,0.8960838913917542,0.06627996824681759,Auto,2020-Q2,14,32,0.2978723404255319
TSLA,2020-Q2,"Jul 22, 2020, 6:00 p.m. ET",0.085098035633564,0.018818067386746407,0.8960838913917542,0.06627996824681759,Auto,2020-Q2,14,32,0.2978723404255319
TSLA,2020-Q2,"Jul 22, 2020, 6:00 p.m. ET",0.085098035633564,0.018818067386746407,0.8960838913917542,0.06627996824681759,Auto,2020-Q2,14,32,0.2978723404255319
TSLA,2020-Q2,"Jul 22, 2020, 6:00 p.m. ET",0.085098035633564,0.018818067386746407,0.8960838913917542,0.06627996824681759,Auto,2020-Q2,14,32,0.2978723404255319
TSLA,2020-Q2,"Jul 22, 2020, 6:00 p.m. ET",0.085098035633564,0.018818067386746407,0.8960838913917542,0.06627996824681759,Auto,2020-Q2,14,32,0.2978723404255319
TSLA,2020-Q2,"Jul 22, 2020, 6:00 p.m. ET",0.085098035633564,0.018818067386746407,0.8960838913917542,0.06627996824681759,Auto,2020-Q2,14,32,0.2978723404255319
TSLA,2020-Q2,"Jul 22, 2020, 6:00 p.m. ET",0.085098035633564,0.018818067386746407,0.8960838913917542,0.06627996824681759,Auto,2020-Q2,14,32,0.2978723404255319
TSLA,2020-Q2,"Jul 22, 2020, 6:00 p.m. ET",0.085098035633564,0.018818067386746407,0.8960838913917542,0.06627996824681759,Auto,2020-Q2,14,32,0.2978723404255319
TSLA,2020-Q2,"Jul 22, 2020, 6:00 p.m. ET",0.085098035633564,0.018818067386746407,0.8960838913917542,0.06627996824681759,Auto,2020-Q2,14,32,0.2978723404255319
TSLA,2020-Q2,"Jul 22, 2020, 6:00 p.m. ET",0.085098035633564,0.018818067386746407,0.8960838913917542,0.06627996824681759,Auto,2020-Q2,14,32,0.2978723404255319
TSLA,2020-Q2,"Jul 22, 2020, 6:00 p.m. ET",0.085098035633564,0.018818067386746407,0.8960838913917542,0.06627996824681759,Auto,2020-Q2,14,32,0.2978723404255319
TSLA,2020-Q2,"Jul 22, 2020, 6:00 p.m. ET",0.085098035633564,0.018818067386746407,0.8960838913917542,0.06627996824681759,Auto,2020-Q2,14,32,0.2978723404255319
TSLA,2020-Q2,"Jul 22, 2020, 6:00 p.m. ET",0.085098035633564,0.018818067386746407,0.8960838913917542,0.06627996824681759,Auto,2020-Q2,14,32,0.2978723404255319
TSLA,2020-Q2,"Jul 22, 2020, 6:00 p.m. ET",0.085098035633564,0.018818067386746407,0.8960838913917542,0.06627996824681759,Auto,2020-Q2,14,32,0.2978723404255319
TSLA,2020-Q2,"Jul 22, 2020, 6:00 p.m. ET",0.085098035633564,0.018818067386746407,0.8960838913917542,0.06627996824681759,Auto,2020-Q2,14,32,0.2978723404255319
TSLA,2020-Q2,"Jul 22, 2020, 6:00 p.m. ET",0.085098035633564,0.018818067386746407,0.8960838913917542,0.06627996824681759,Auto,2020-Q2,14,32,0.2978723404255319
TSLA,2020-Q2,"Jul 22, 2020, 6:00 p.m. ET",0.085098035633564,0.018818067386746407,0.8960838913917542,0.06627996824681759,Auto,2020-Q2,14,32,0.2978723404255319
TSLA,2020-Q2,"Jul 22, 2020, 6:00 p.m. ET",0.085098035633564,0.018818067386746407,0.8960838913917542,0.06627996824681759,Auto,2020-Q2,14,32,0.2978723404255319
TSLA,2020-Q2,"Jul 22, 2020, 6:00 p.m. ET",0.085098035633564,0.018818067386746407,0.8960838913917542,0.06627996824681759,Auto,2020-Q2,14,32,0.2978723404255319
TSLA,2020-Q2,"Jul 22, 2020, 6:00 p.m. ET",0.085098035633564,0.018818067386746407,0.8960838913917542,0.06627996824681759,Auto,2020-Q2,14,32,0.2978723404255319
TSLA,2020-Q2,"Jul 22, 2020, 6:00 p.m. ET",0.085098035633564,0.018818067386746407,0.8960838913917542,0.06627996824681759,Auto,2020-Q2,14,32,0.2978723404255319
TSLA,2020-Q2,"Jul 22, 2020, 6:00 p.m. ET",0.085098035633564,0.018818067386746407,0.8960838913917542,0.06627996824681759,Auto,2020-Q2,14,32,0.2978723404255319
TSLA,2020-Q2,"Jul 22, 2020, 6:00 p.m. ET",0.085098035633564,0.018818067386746407,0.8960838913917542,0.06627996824681759,Auto,2020-Q2,14,32,0.2978723404255319
TSLA,2020-Q2,"Jul 22, 2020, 6:00 p.m. ET",0.085098035633564,0.018818067386746407,0.8960838913917542,0.06627996824681759,Auto,2020-Q2,14,32,0.2978723404255319
TSLA,2020-Q2,"Jul 22, 2020, 6:00 p.m. ET",0.085098035633564,0.018818067386746407,0.8960838913917542,0.06627996824681759,Auto,2020-Q2,14,32,0.2978723404255319
TSLA,2020-Q2,"Jul 22, 2020, 6:00 p.m. ET",0.085098035633564,0.018818067386746407,0.8960838913917542,0.06627996824681759,Auto,2020-Q2,14,32,0.2978723404255319
TSLA,2020-Q2,"Jul 22, 2020, 6:00 p.m. ET",0.085098035633564,0.018818067386746407,0.8960838913917542,0.06627996824681759,Auto,2020-Q2,14,32,0.2978723404255319
BAC,2021-Q3,"Oct 14, 2021, 9:00 a.m. ET",0.24899594485759735,0.016124369576573372,0.7348796725273132,0.23287157528102398,Finance,2021-Q3,45,147,0.23316062176165803
TSLA,2020-Q1,"Apr 29, 2020, 6:30 p.m. ET",0.941430389881134,0.023905618116259575,0.03466400131583214,0.9175247717648745,Auto,2020-Q1,17,32,0.34
TSLA,2020-Q1,"Apr 29, 2020, 6:30 p.m. ET",0.941430389881134,0.023905618116259575,0.03466400131583214,0.9175247717648745,Auto,2020-Q1,17,32,0.34
TSLA,2020-Q1,"Apr 29, 2020, 6:30 p.m. ET",0.941430389881134,0.023905618116259575,0.03466400131583214,0.9175247717648745,Auto,2020-Q1,17,32,0.34
TSLA,2020-Q1,"Apr 29, 2020, 6:30 p.m. ET",0.941430389881134,0.023905618116259575,0.03466400131583214,0.9175247717648745,Auto,2020-Q1,17,32,0.34
TSLA,2020-Q1,"Apr 29, 2020, 6:30 p.m. ET",0.941430389881134,0.023905618116259575,0.03466400131583214,0.9175247717648745,Auto,2020-Q1,17,32,0.34
NVDA,2023-Q3,"Nov 16, 2022, 5:00 p.m. ET",0.07007183879613876,0.04661807417869568,0.8833101391792297,0.023453764617443085,Tech,2023-Q3,19,48,0.27941176470588236
NVDA,2023-Q3,"Nov 16, 2022, 5:00 p.m. ET",0.07007183879613876,0.04661807417869568,0.8833101391792297,0.023453764617443085,Tech,2023-Q3,19,48,0.27941176470588236
TSLA,2020-Q2,"Jul 22, 2020, 6:00 p.m. ET",0.085098035633564,0.018818067386746407,0.8960838913917542,0.06627996824681759,Auto,2020-Q2,14,32,0.2978723404255319
TSLA,2020-Q2,"Jul 22, 2020, 6:00 p.m. ET",0.085098035633564,0.018818067386746407,0.8960838913917542,0.06627996824681759,Auto,2020-Q2,14,32,0.2978723404255319
TSLA,2020-Q2,"Jul 22, 2020, 6:00 p.m. ET",0.085098035633564,0.018818067386746407,0.8960838913917542,0.06627996824681759,Auto,2020-Q2,14,32,0.2978723404255319
TSLA,2020-Q2,"Jul 22, 2020, 6:00 p.m. ET",0.085098035633564,0.018818067386746407,0.8960838913917542,0.06627996824681759,Auto,2020-Q2,14,32,0.2978723404255319
TSLA,2020-Q2,"Jul 22, 2020, 6:00 p.m. ET",0.085098035633564,0.018818067386746407,0.8960838913917542,0.06627996824681759,Auto,2020-Q2,14,32,0.2978723404255319
TSLA,2020-Q2,"Jul 22, 2020, 6:00 p.m. ET",0.085098035633564,0.018818067386746407,0.8960838913917542,0.06627996824681759,Auto,2020-Q2,14,32,0.2978723404255319
TSLA,2020-Q2,"Jul 22, 2020, 6:00 p.m. ET",0.085098035633564,0.018818067386746407,0.8960838913917542,0.06627996824681759,Auto,2020-Q2,14,32,0.2978723404255319
TSLA,2020-Q2,"Jul 22, 2020, 6:00 p.m. ET",0.085098035633564,0.018818067386746407,0.8960838913917542,0.06627996824681759,Auto,2020-Q2,14,32,0.2978723404255319
TSLA,2020-Q2,"Jul 22, 2020, 6:00 p.m. ET",0.085098035633564,0.018818067386746407,0.8960838913917542,0.06627996824681759,Auto,2020-Q2,14,32,0.2978723404255319
TSLA,2020-Q2,"Jul 22, 2020, 6:00 p.m. ET",0.085098035633564,0.018818067386746407,0.8960838913917542,0.06627996824681759,Auto,2020-Q2,14,32,0.2978723404255319
TSLA,2020-Q2,"Jul 22, 2020, 6:00 p.m. ET",0.085098035633564,0.018818067386746407,0.8960838913917542,0.06627996824681759,Auto,2020-Q2,14,32,0.2978723404255319
TSLA,2020-Q2,"Jul 22, 2020, 6:00 p.m. ET",0.085098035633564,0.018818067386746407,0.8960838913917542,0.06627996824681759,Auto,2020-Q2,14,32,0.2978723404255319
TSLA,2020-Q2,"Jul 22, 2020, 6:00 p.m. ET",0.085098035633564,0.018818067386746407,0.8960838913917542,0.06627996824681759,Auto,2020-Q2,14,32,0.2978723404255319
TSLA,2020-Q2,"Jul 22, 2020, 6:00 p.m. ET",0.085098035633564,0.018818067386746407,0.8960838913917542,0.06627996824681759,Auto,2020-Q2,14,32,0.2978723404255319
TSLA,2020-Q2,"Jul 22, 2020, 6:00 p.m. ET",0.085098035633564,0.018818067386746407,0.8960838913917542,0.06627996824681759,Auto,2020-Q2,14,32,0.2978723404255319
TSLA,2020-Q2,"Jul 22, 2020, 6:00 p.m. ET",0.085098035633564,0.018818067386746407,0.8960838913917542,0.06627996824681759,Auto,2020-Q2,14,32,0.2978723404255319
TSLA,2020-Q2,"Jul 22, 2020, 6:00 p.m. ET",0.085098035633564,0.018818067386746407,0.8960838913917542,0.06627996824681759,Auto,2020-Q2,14,32,0.2978723404255319
TSLA,2020-Q2,"Jul 22, 2020, 6:00 p.m. ET",0.085098035633564,0.018818067386746407,0.8960838913917542,0.06627996824681759,Auto,2020-Q2,14,32,0.2978723404255319
TSLA,2020-Q2,"Jul 22, 2020, 6:00 p.m. ET",0.085098035633564,0.018818067386746407,0.8960838913917542,0.06627996824681759,Auto,2020-Q2,14,32,0.2978723404255319
TSLA,2020-Q2,"Jul 22, 2020, 6:00 p.m. ET",0.085098035633564,0.018818067386746407,0.8960838913917542,0.06627996824681759,Auto,2020-Q2,14,32,0.2978723404255319
TSLA,2020-Q2,"Jul 22, 2020, 6:00 p.m. ET",0.085098035633564,0.018818067386746407,0.8960838913917542,0.06627996824681759,Auto,2020-Q2,14,32,0.2978723404255319
TSLA,2020-Q2,"Jul 22, 2020, 6:00 p.m. ET",0.085098035633564,0.018818067386746407,0.8960838913917542,0.06627996824681759,Auto,2020-Q2,14,32,0.2978723404255319
TSLA,2020-Q2,"Jul 22, 2020, 6:00 p.m. ET",0.085098035633564,0.018818067386746407,0.8960838913917542,0.06627996824681759,Auto,2020-Q2,14,32,0.2978723404255319
TSLA,2020-Q2,"Jul 22, 2020, 6:00 p.m. ET",0.085098035633564,0.018818067386746407,0.8960838913917542,0.06627996824681759,Auto,2020-Q2,14,32,0.2978723404255319
TSLA,2020-Q2,"Jul 22, 2020, 6:00 p.m. ET",0.085098035633564,0.018818067386746407,0.8960838913917542,0.06627996824681759,Auto,2020-Q2,14,32,0.2978723404255319
TSLA,2020-Q2,"Jul 22, 2020, 6:00 p.m. ET",0.085098035633564,0.018818067386746407,0.8960838913917542,0.06627996824681759,Auto,2020-Q2,14,32,0.2978723404255319
TSLA,2020-Q2,"Jul 22, 2020, 6:00 p.m. ET",0.085098035633564,0.018818067386746407,0.8960838913917542,0.06627996824681759,Auto,2020-Q2,14,32,0.2978723404255319
TSLA,2020-Q2,"Jul 22, 2020, 6:00 p.m. ET",0.085098035633564,0.018818067386746407,0.8960838913917542,0.06627996824681759,Auto,2020-Q2,14,32,0.2978723404255319
TSLA,2020-Q2,"Jul 22, 2020, 6:00 p.m. ET",0.085098035633564,0.018818067386746407,0.8960838913917542,0.06627996824681759,Auto,2020-Q2,14,32,0.2978723404255319
TSLA,2020-Q2,"Jul 22, 2020, 6:00 p.m. ET",0.085098035633564,0.018818067386746407,0.8960838913917542,0.06627996824681759,Auto,2020-Q2,14,32,0.2978723404255319
TSLA,2020-Q2,"Jul 22, 2020, 6:00 p.m. ET",0.085098035633564,0.018818067386746407,0.8960838913917542,0.06627996824681759,Auto,2020-Q2,14,32,0.2978723404255319
TSLA,2020-Q2,"Jul 22, 2020, 6:00 p.m. ET",0.085098035633564,0.018818067386746407,0.8960838913917542,0.06627996824681759,Auto,2020-Q2,14,32,0.2978723404255319
AAPL,2022-Q3,"Jul 28, 2022, 5:00 p.m. ET",0.021943701431155205,0.5967257618904114,0.3813304901123047,-0.5747820604592562,Tech,2022-Q3,56,86,0.3916083916083916
KO,2021-Q2,"Jul 21, 2021, 8:30 a.m. ET",0.2694072425365448,0.016115637496113777,0.7144771218299866,0.253291605040431,Consumer,2021-Q2,19,99,0.15966386554621848
WFC,2021-Q1,"Apr 14, 2021, 10:00 a.m. ET",0.06105538830161095,0.01982148364186287,0.919123113155365,0.04123390465974808,Finance,2021-Q1,80,61,0.5633802816901409
F,2019-Q4,"Feb 4, 2020, 5:00 p.m. ET",0.38692185282707214,0.009179184213280678,0.6038990020751953,0.37774266861379147,Auto,2019-Q4,53,58,0.4732142857142857
F,2019-Q4,"Feb 4, 2020, 5:00 p.m. ET",0.38692185282707214,0.009179184213280678,0.6038990020751953,0.37774266861379147,Auto,2019-Q4,53,58,0.4732142857142857
DIS,2021-Q1,"Feb 11, 2021, 4:30 p.m. ET",0.6513528823852539,0.01099299918860197,0.33765414357185364,0.6403598831966519,Media,2021-Q1,25,34,0.4166666666666667
DIS,2020-Q3,"Aug 04, 2020, 4:30 p.m. ET",0.028005406260490417,0.08130818605422974,0.8906863927841187,-0.05330277979373932,Media,2020-Q3,32,44,0.4155844155844156
DIS,2020-Q3,"Aug 04, 2020, 4:30 p.m. ET",0.028005406260490417,0.08130818605422974,0.8906863927841187,-0.05330277979373932,Media,2020-Q3,32,44,0.4155844155844156
DIS,2020-Q3,"Aug 04, 2020, 4:30 p.m. ET",0.028005406260490417,0.08130818605422974,0.8906863927841187,-0.05330277979373932,Media,2020-Q3,32,44,0.4155844155844156
DIS,2020-Q3,"Aug 04, 2020, 4:30 p.m. ET",0.028005406260490417,0.08130818605422974,0.8906863927841187,-0.05330277979373932,Media,2020-Q3,32,44,0.4155844155844156
DIS,2020-Q3,"Aug 04, 2020, 4:30 p.m. ET",0.028005406260490417,0.08130818605422974,0.8906863927841187,-0.05330277979373932,Media,2020-Q3,32,44,0.4155844155844156
DIS,2020-Q3,"Aug 04, 2020, 4:30 p.m. ET",0.028005406260490417,0.08130818605422974,0.8906863927841187,-0.05330277979373932,Media,2020-Q3,32,44,0.4155844155844156
DIS,2020-Q3,"Aug 04, 2020, 4:30 p.m. ET",0.028005406260490417,0.08130818605422974,0.8906863927841187,-0.05330277979373932,Media,2020-Q3,32,44,0.4155844155844156
DIS,2020-Q3,"Aug 04, 2020, 4:30 p.m. ET",0.028005406260490417,0.08130818605422974,0.8906863927841187,-0.05330277979373932,Media,2020-Q3,32,44,0.4155844155844156
DIS,2020-Q3,"Aug 04, 2020, 4:30 p.m. ET",0.028005406260490417,0.08130818605422974,0.8906863927841187,-0.05330277979373932,Media,2020-Q3,32,44,0.4155844155844156
DIS,2020-Q3,"Aug 04, 2020, 4:30 p.m. ET",0.028005406260490417,0.08130818605422974,0.8906863927841187,-0.05330277979373932,Media,2020-Q3,32,44,0.4155844155844156
DIS,2020-Q3,"Aug 04, 2020, 4:30 p.m. ET",0.028005406260490417,0.08130818605422974,0.8906863927841187,-0.05330277979373932,Media,2020-Q3,32,44,0.4155844155844156
DIS,2020-Q3,"Aug 04, 2020, 4:30 p.m. ET",0.028005406260490417,0.08130818605422974,0.8906863927841187,-0.05330277979373932,Media,2020-Q3,32,44,0.4155844155844156
DIS,2020-Q3,"Aug 04, 2020, 4:30 p.m. ET",0.028005406260490417,0.08130818605422974,0.8906863927841187,-0.05330277979373932,Media,2020-Q3,32,44,0.4155844155844156
DIS,2020-Q3,"Aug 04, 2020, 4:30 p.m. ET",0.028005406260490417,0.08130818605422974,0.8906863927841187,-0.05330277979373932,Media,2020-Q3,32,44,0.4155844155844156
DIS,2020-Q3,"Aug 04, 2020, 4:30 p.m. ET",0.028005406260490417,0.08130818605422974,0.8906863927841187,-0.05330277979373932,Media,2020-Q3,32,44,0.4155844155844156
DIS,2020-Q3,"Aug 04, 2020, 4:30 p.m. ET",0.028005406260490417,0.08130818605422974,0.8906863927841187,-0.05330277979373932,Media,2020-Q3,32,44,0.4155844155844156
DIS,2020-Q3,"Aug 04, 2020, 4:30 p.m. ET",0.028005406260490417,0.08130818605422974,0.8906863927841187,-0.05330277979373932,Media,2020-Q3,32,44,0.4155844155844156
DIS,2020-Q3,"Aug 04, 2020, 4:30 p.m. ET",0.028005406260490417,0.08130818605422974,0.8906863927841187,-0.05330277979373932,Media,2020-Q3,32,44,0.4155844155844156
DIS,2020-Q3,"Aug 04, 2020, 4:30 p.m. ET",0.028005406260490417,0.08130818605422974,0.8906863927841187,-0.05330277979373932,Media,2020-Q3,32,44,0.4155844155844156
DIS,2020-Q3,"Aug 04, 2020, 4:30 p.m. ET",0.028005406260490417,0.08130818605422974,0.8906863927841187,-0.05330277979373932,Media,2020-Q3,32,44,0.4155844155844156
DIS,2020-Q3,"Aug 04, 2020, 4:30 p.m. ET",0.028005406260490417,0.08130818605422974,0.8906863927841187,-0.05330277979373932,Media,2020-Q3,32,44,0.4155844155844156
DIS,2020-Q3,"Aug 04, 2020, 4:30 p.m. ET",0.028005406260490417,0.08130818605422974,0.8906863927841187,-0.05330277979373932,Media,2020-Q3,32,44,0.4155844155844156
DIS,2020-Q3,"Aug 04, 2020, 4:30 p.m. ET",0.028005406260490417,0.08130818605422974,0.8906863927841187,-0.05330277979373932,Media,2020-Q3,32,44,0.4155844155844156
DIS,2020-Q3,"Aug 04, 2020, 4:30 p.m. ET",0.028005406260490417,0.08130818605422974,0.8906863927841187,-0.05330277979373932,Media,2020-Q3,32,44,0.4155844155844156
DIS,2020-Q3,"Aug 04, 2020, 4:30 p.m. ET",0.028005406260490417,0.08130818605422974,0.8906863927841187,-0.05330277979373932,Media,2020-Q3,32,44,0.4155844155844156
MCD,2021-Q2,"Jul 28, 2021, 8:30 a.m. ET",0.32859933376312256,0.00866956077516079,0.6627311110496521,0.31992977298796177,Consumer,2021-Q2,29,81,0.26126126126126126
MCD,2021-Q2,"Jul 28, 2021, 8:30 a.m. ET",0.32859933376312256,0.00866956077516079,0.6627311110496521,0.31992977298796177,Consumer,2021-Q2,29,81,0.26126126126126126
MCD,2021-Q2,"Jul 28, 2021, 8:30 a.m. ET",0.32859933376312256,0.00866956077516079,0.6627311110496521,0.31992977298796177,Consumer,2021-Q2,29,81,0.26126126126126126
TSLA,2020-Q2,"Jul 22, 2020, 6:00 p.m. ET",0.085098035633564,0.018818067386746407,0.8960838913917542,0.06627996824681759,Auto,2020-Q2,14,32,0.2978723404255319
TSLA,2020-Q2,"Jul 22, 2020, 6:00 p.m. ET",0.085098035633564,0.018818067386746407,0.8960838913917542,0.06627996824681759,Auto,2020-Q2,14,32,0.2978723404255319
TSLA,2020-Q2,"Jul 22, 2020, 6:00 p.m. ET",0.085098035633564,0.018818067386746407,0.8960838913917542,0.06627996824681759,Auto,2020-Q2,14,32,0.2978723404255319
TSLA,2020-Q2,"Jul 22, 2020, 6:00 p.m. ET",0.085098035633564,0.018818067386746407,0.8960838913917542,0.06627996824681759,Auto,2020-Q2,14,32,0.2978723404255319
TSLA,2020-Q2,"Jul 22, 2020, 6:00 p.m. ET",0.085098035633564,0.018818067386746407,0.8960838913917542,0.06627996824681759,Auto,2020-Q2,14,32,0.2978723404255319
TSLA,2020-Q2,"Jul 22, 2020, 6:00 p.m. ET",0.085098035633564,0.018818067386746407,0.8960838913917542,0.06627996824681759,Auto,2020-Q2,14,32,0.2978723404255319
TSLA,2020-Q2,"Jul 22, 2020, 6:00 p.m. ET",0.085098035633564,0.018818067386746407,0.8960838913917542,0.06627996824681759,Auto,2020-Q2,14,32,0.2978723404255319
TSLA,2020-Q2,"Jul 22, 2020, 6:00 p.m. ET",0.085098035633564,0.018818067386746407,0.8960838913917542,0.06627996824681759,Auto,2020-Q2,14,32,0.2978723404255319
TSLA,2020-Q2,"Jul 22, 2020, 6:00 p.m. ET",0.085098035633564,0.018818067386746407,0.8960838913917542,0.06627996824681759,Auto,2020-Q2,14,32,0.2978723404255319
TSLA,2020-Q2,"Jul 22, 2020, 6:00 p.m. ET",0.085098035633564,0.018818067386746407,0.8960838913917542,0.06627996824681759,Auto,2020-Q2,14,32,0.2978723404255319
TSLA,2020-Q2,"Jul 22, 2020, 6:00 p.m. ET",0.085098035633564,0.018818067386746407,0.8960838913917542,0.06627996824681759,Auto,2020-Q2,14,32,0.2978723404255319
TSLA,2020-Q2,"Jul 22, 2020, 6:00 p.m. ET",0.085098035633564,0.018818067386746407,0.8960838913917542,0.06627996824681759,Auto,2020-Q2,14,32,0.2978723404255319
TSLA,2020-Q2,"Jul 22, 2020, 6:00 p.m. ET",0.085098035633564,0.018818067386746407,0.8960838913917542,0.06627996824681759,Auto,2020-Q2,14,32,0.2978723404255319
TSLA,2020-Q2,"Jul 22, 2020, 6:00 p.m. ET",0.085098035633564,0.018818067386746407,0.8960838913917542,0.06627996824681759,Auto,2020-Q2,14,32,0.2978723404255319
TSLA,2020-Q2,"Jul 22, 2020, 6:00 p.m. ET",0.085098035633564,0.018818067386746407,0.8960838913917542,0.06627996824681759,Auto,2020-Q2,14,32,0.2978723404255319
TSLA,2020-Q2,"Jul 22, 2020, 6:00 p.m. ET",0.085098035633564,0.018818067386746407,0.8960838913917542,0.06627996824681759,Auto,2020-Q2,14,32,0.2978723404255319
TSLA,2020-Q2,"Jul 22, 2020, 6:00 p.m. ET",0.085098035633564,0.018818067386746407,0.8960838913917542,0.06627996824681759,Auto,2020-Q2,14,32,0.2978723404255319
TSLA,2020-Q2,"Jul 22, 2020, 6:00 p.m. ET",0.085098035633564,0.018818067386746407,0.8960838913917542,0.06627996824681759,Auto,2020-Q2,14,32,0.2978723404255319
TSLA,2020-Q2,"Jul 22, 2020, 6:00 p.m. ET",0.085098035633564,0.018818067386746407,0.8960838913917542,0.06627996824681759,Auto,2020-Q2,14,32,0.2978723404255319
TSLA,2020-Q2,"Jul 22, 2020, 6:00 p.m. ET",0.085098035633564,0.018818067386746407,0.8960838913917542,0.06627996824681759,Auto,2020-Q2,14,32,0.2978723404255319
TSLA,2020-Q2,"Jul 22, 2020, 6:00 p.m. ET",0.085098035633564,0.018818067386746407,0.8960838913917542,0.06627996824681759,Auto,2020-Q2,14,32,0.2978723404255319
TSLA,2020-Q2,"Jul 22, 2020, 6:00 p.m. ET",0.085098035633564,0.018818067386746407,0.8960838913917542,0.06627996824681759,Auto,2020-Q2,14,32,0.2978723404255319
TSLA,2020-Q2,"Jul 22, 2020, 6:00 p.m. ET",0.085098035633564,0.018818067386746407,0.8960838913917542,0.06627996824681759,Auto,2020-Q2,14,32,0.2978723404255319
TSLA,2020-Q2,"Jul 22, 2020, 6:00 p.m. ET",0.085098035633564,0.018818067386746407,0.8960838913917542,0.06627996824681759,Auto,2020-Q2,14,32,0.2978723404255319
TSLA,2020-Q2,"Jul 22, 2020, 6:00 p.m. ET",0.085098035633564,0.018818067386746407,0.8960838913917542,0.06627996824681759,Auto,2020-Q2,14,32,0.2978723404255319
TSLA,2020-Q2,"Jul 22, 2020, 6:00 p.m. ET",0.085098035633564,0.018818067386746407,0.8960838913917542,0.06627996824681759,Auto,2020-Q2,14,32,0.2978723404255319
TSLA,2020-Q2,"Jul 22, 2020, 6:00 p.m. ET",0.085098035633564,0.018818067386746407,0.8960838913917542,0.06627996824681759,Auto,2020-Q2,14,32,0.2978723404255319
TSLA,2020-Q2,"Jul 22, 2020, 6:00 p.m. ET",0.085098035633564,0.018818067386746407,0.8960838913917542,0.06627996824681759,Auto,2020-Q2,14,32,0.2978723404255319
TSLA,2020-Q2,"Jul 22, 2020, 6:00 p.m. ET",0.085098035633564,0.018818067386746407,0.8960838913917542,0.06627996824681759,Auto,2020-Q2,14,32,0.2978723404255319
TSLA,2020-Q2,"Jul 22, 2020, 6:00 p.m. ET",0.085098035633564,0.018818067386746407,0.8960838913917542,0.06627996824681759,Auto,2020-Q2,14,32,0.2978723404255319
TSLA,2020-Q2,"Jul 22, 2020, 6:00 p.m. ET",0.085098035633564,0.018818067386746407,0.8960838913917542,0.06627996824681759,Auto,2020-Q2,14,32,0.2978723404255319
TSLA,2020-Q2,"Jul 22, 2020, 6:00 p.m. ET",0.085098035633564,0.018818067386746407,0.8960838913917542,0.06627996824681759,Auto,2020-Q2,14,32,0.2978723404255319
AMZN,2020-Q2,"Jul 30, 2020, 5:30 p.m. ET",0.09640108048915863,0.015877222642302513,0.8877217173576355,0.08052385784685612,Tech,2020-Q2,11,54,0.16666666666666666
AMZN,2020-Q2,"Jul 30, 2020, 5:30 p.m. ET",0.09640108048915863,0.015877222642302513,0.8877217173576355,0.08052385784685612,Tech,2020-Q2,11,54,0.16666666666666666
AMZN,2020-Q2,"Jul 30, 2020, 5:30 p.m. ET",0.09640108048915863,0.015877222642302513,0.8877217173576355,0.08052385784685612,Tech,2020-Q2,11,54,0.16666666666666666
AMZN,2020-Q2,"Jul 30, 2020, 5:30 p.m. ET",0.09640108048915863,0.015877222642302513,0.8877217173576355,0.08052385784685612,Tech,2020-Q2,11,54,0.16666666666666666
AMZN,2020-Q2,"Jul 30, 2020, 5:30 p.m. ET",0.09640108048915863,0.015877222642302513,0.8877217173576355,0.08052385784685612,Tech,2020-Q2,11,54,0.16666666666666666
AMZN,2020-Q2,"Jul 30, 2020, 5:30 p.m. ET",0.09640108048915863,0.015877222642302513,0.8877217173576355,0.08052385784685612,Tech,2020-Q2,11,54,0.16666666666666666
AMZN,2020-Q2,"Jul 30, 2020, 5:30 p.m. ET",0.09640108048915863,0.015877222642302513,0.8877217173576355,0.08052385784685612,Tech,2020-Q2,11,54,0.16666666666666666
AMZN,2020-Q2,"Jul 30, 2020, 5:30 p.m. ET",0.09640108048915863,0.015877222642302513,0.8877217173576355,0.08052385784685612,Tech,2020-Q2,11,54,0.16666666666666666
AMZN,2020-Q2,"Jul 30, 2020, 5:30 p.m. ET",0.09640108048915863,0.015877222642302513,0.8877217173576355,0.08052385784685612,Tech,2020-Q2,11,54,0.16666666666666666
AMZN,2020-Q2,"Jul 30, 2020, 5:30 p.m. ET",0.09640108048915863,0.015877222642302513,0.8877217173576355,0.08052385784685612,Tech,2020-Q2,11,54,0.16666666666666666
AMZN,2020-Q2,"Jul 30, 2020, 5:30 p.m. ET",0.09640108048915863,0.015877222642302513,0.8877217173576355,0.08052385784685612,Tech,2020-Q2,11,54,0.16666666666666666
AMZN,2020-Q2,"Jul 30, 2020, 5:30 p.m. ET",0.09640108048915863,0.015877222642302513,0.8877217173576355,0.08052385784685612,Tech,2020-Q2,11,54,0.16666666666666666
AMZN,2020-Q2,"Jul 30, 2020, 5:30 p.m. ET",0.09640108048915863,0.015877222642302513,0.8877217173576355,0.08052385784685612,Tech,2020-Q2,11,54,0.16666666666666666
AMZN,2020-Q2,"Jul 30, 2020, 5:30 p.m. ET",0.09640108048915863,0.015877222642302513,0.8877217173576355,0.08052385784685612,Tech,2020-Q2,11,54,0.16666666666666666
AMZN,2020-Q2,"Jul 30, 2020, 5:30 p.m. ET",0.09640108048915863,0.015877222642302513,0.8877217173576355,0.08052385784685612,Tech,2020-Q2,11,54,0.16666666666666666
AMZN,2020-Q2,"Jul 30, 2020, 5:30 p.m. ET",0.09640108048915863,0.015877222642302513,0.8877217173576355,0.08052385784685612,Tech,2020-Q2,11,54,0.16666666666666666
AMZN,2020-Q2,"Jul 30, 2020, 5:30 p.m. ET",0.09640108048915863,0.015877222642302513,0.8877217173576355,0.08052385784685612,Tech,2020-Q2,11,54,0.16666666666666666
AMZN,2020-Q2,"Jul 30, 2020, 5:30 p.m. ET",0.09640108048915863,0.015877222642302513,0.8877217173576355,0.08052385784685612,Tech,2020-Q2,11,54,0.16666666666666666
AMZN,2020-Q2,"Jul 30, 2020, 5:30 p.m. ET",0.09640108048915863,0.015877222642302513,0.8877217173576355,0.08052385784685612,Tech,2020-Q2,11,54,0.16666666666666666
AMZN,2020-Q2,"Jul 30, 2020, 5:30 p.m. ET",0.09640108048915863,0.015877222642302513,0.8877217173576355,0.08052385784685612,Tech,2020-Q2,11,54,0.16666666666666666
AMZN,2020-Q2,"Jul 30, 2020, 5:30 p.m. ET",0.09640108048915863,0.015877222642302513,0.8877217173576355,0.08052385784685612,Tech,2020-Q2,11,54,0.16666666666666666
AMZN,2020-Q2,"Jul 30, 2020, 5:30 p.m. ET",0.09640108048915863,0.015877222642302513,0.8877217173576355,0.08052385784685612,Tech,2020-Q2,11,54,0.16666666666666666
AMZN,2020-Q2,"Jul 30, 2020, 5:30 p.m. ET",0.09640108048915863,0.015877222642302513,0.8877217173576355,0.08052385784685612,Tech,2020-Q2,11,54,0.16666666666666666
AMZN,2020-Q2,"Jul 30, 2020, 5:30 p.m. ET",0.09640108048915863,0.015877222642302513,0.8877217173576355,0.08052385784685612,Tech,2020-Q2,11,54,0.16666666666666666
AMZN,2020-Q2,"Jul 30, 2020, 5:30 p.m. ET",0.09640108048915863,0.015877222642302513,0.8877217173576355,0.08052385784685612,Tech,2020-Q2,11,54,0.16666666666666666
TSLA,2021-Q2,"Jul 26, 2021, 5:30 p.m. ET",0.04851594939827919,0.015900421887636185,0.9355835914611816,0.032615527510643005,Auto,2021-Q2,39,26,0.5909090909090909
AMZN,2022-Q1,"Apr 28, 2022, 5:30 p.m. ET",0.10695832222700119,0.20892630517482758,0.6841154098510742,-0.10196798294782639,Tech,2022-Q1,45,34,0.5625
AAPL,2020-Q1,"Jan 28, 2020, 5:00 p.m. ET",0.44424036145210266,0.011321954429149628,0.5444376468658447,0.43291840702295303,Tech,2020-Q1,18,103,0.14754098360655737
AAPL,2020-Q1,"Jan 28, 2020, 5:00 p.m. ET",0.44424036145210266,0.011321954429149628,0.5444376468658447,0.43291840702295303,Tech,2020-Q1,18,103,0.14754098360655737
AAPL,2020-Q1,"Jan 28, 2020, 5:00 p.m. ET",0.44424036145210266,0.011321954429149628,0.5444376468658447,0.43291840702295303,Tech,2020-Q1,18,103,0.14754098360655737
AAPL,2020-Q1,"Jan 28, 2020, 5:00 p.m. ET",0.44424036145210266,0.011321954429149628,0.5444376468658447,0.43291840702295303,Tech,2020-Q1,18,103,0.14754098360655737
AAPL,2020-Q1,"Jan 28, 2020, 5:00 p.m. ET",0.44424036145210266,0.011321954429149628,0.5444376468658447,0.43291840702295303,Tech,2020-Q1,18,103,0.14754098360655737
AAPL,2020-Q1,"Jan 28, 2020, 5:00 p.m. ET",0.44424036145210266,0.011321954429149628,0.5444376468658447,0.43291840702295303,Tech,2020-Q1,18,103,0.14754098360655737
AAPL,2020-Q1,"Jan 28, 2020, 5:00 p.m. ET",0.44424036145210266,0.011321954429149628,0.5444376468658447,0.43291840702295303,Tech,2020-Q1,18,103,0.14754098360655737
AAPL,2020-Q1,"Jan 28, 2020, 5:00 p.m. ET",0.44424036145210266,0.011321954429149628,0.5444376468658447,0.43291840702295303,Tech,2020-Q1,18,103,0.14754098360655737
AAPL,2020-Q1,"Jan 28, 2020, 5:00 p.m. ET",0.44424036145210266,0.011321954429149628,0.5444376468658447,0.43291840702295303,Tech,2020-Q1,18,103,0.14754098360655737
AAPL,2020-Q1,"Jan 28, 2020, 5:00 p.m. ET",0.44424036145210266,0.011321954429149628,0.5444376468658447,0.43291840702295303,Tech,2020-Q1,18,103,0.14754098360655737
AAPL,2020-Q1,"Jan 28, 2020, 5:00 p.m. ET",0.44424036145210266,0.011321954429149628,0.5444376468658447,0.43291840702295303,Tech,2020-Q1,18,103,0.14754098360655737
AAPL,2020-Q1,"Jan 28, 2020, 5:00 p.m. ET",0.44424036145210266,0.011321954429149628,0.5444376468658447,0.43291840702295303,Tech,2020-Q1,18,103,0.14754098360655737
AAPL,2020-Q1,"Jan 28, 2020, 5:00 p.m. ET",0.44424036145210266,0.011321954429149628,0.5444376468658447,0.43291840702295303,Tech,2020-Q1,18,103,0.14754098360655737
AAPL,2020-Q1,"Jan 28, 2020, 5:00 p.m. ET",0.44424036145210266,0.011321954429149628,0.5444376468658447,0.43291840702295303,Tech,2020-Q1,18,103,0.14754098360655737
AAPL,2020-Q1,"Jan 28, 2020, 5:00 p.m. ET",0.44424036145210266,0.011321954429149628,0.5444376468658447,0.43291840702295303,Tech,2020-Q1,18,103,0.14754098360655737
AAPL,2020-Q1,"Jan 28, 2020, 5:00 p.m. ET",0.44424036145210266,0.011321954429149628,0.5444376468658447,0.43291840702295303,Tech,2020-Q1,18,103,0.14754098360655737
AAPL,2020-Q1,"Jan 28, 2020, 5:00 p.m. ET",0.44424036145210266,0.011321954429149628,0.5444376468658447,0.43291840702295303,Tech,2020-Q1,18,103,0.14754098360655737
AAPL,2020-Q1,"Jan 28, 2020, 5:00 p.m. ET",0.44424036145210266,0.011321954429149628,0.5444376468658447,0.43291840702295303,Tech,2020-Q1,18,103,0.14754098360655737
AAPL,2020-Q1,"Jan 28, 2020, 5:00 p.m. ET",0.44424036145210266,0.011321954429149628,0.5444376468658447,0.43291840702295303,Tech,2020-Q1,18,103,0.14754098360655737
AAPL,2020-Q1,"Jan 28, 2020, 5:00 p.m. ET",0.44424036145210266,0.011321954429149628,0.5444376468658447,0.43291840702295303,Tech,2020-Q1,18,103,0.14754098360655737
AAPL,2020-Q1,"Jan 28, 2020, 5:00 p.m. ET",0.44424036145210266,0.011321954429149628,0.5444376468658447,0.43291840702295303,Tech,2020-Q1,18,103,0.14754098360655737
KO,2021-Q3,"Oct 27, 2021, 8:30 a.m. ET",0.0663120448589325,0.018883194774389267,0.9148047566413879,0.04742885008454323,Consumer,2021-Q3,50,98,0.33557046979865773
KO,2021-Q3,"Oct 27, 2021, 8:30 a.m. ET",0.0663120448589325,0.018883194774389267,0.9148047566413879,0.04742885008454323,Consumer,2021-Q3,50,98,0.33557046979865773
KO,2021-Q3,"Oct 27, 2021, 8:30 a.m. ET",0.0663120448589325,0.018883194774389267,0.9148047566413879,0.04742885008454323,Consumer,2021-Q3,50,98,0.33557046979865773
TSLA,2020-Q2,"Jul 22, 2020, 6:00 p.m. ET",0.085098035633564,0.018818067386746407,0.8960838913917542,0.06627996824681759,Auto,2020-Q2,14,32,0.2978723404255319
TSLA,2020-Q2,"Jul 22, 2020, 6:00 p.m. ET",0.085098035633564,0.018818067386746407,0.8960838913917542,0.06627996824681759,Auto,2020-Q2,14,32,0.2978723404255319
TSLA,2020-Q2,"Jul 22, 2020, 6:00 p.m. ET",0.085098035633564,0.018818067386746407,0.8960838913917542,0.06627996824681759,Auto,2020-Q2,14,32,0.2978723404255319
TSLA,2020-Q2,"Jul 22, 2020, 6:00 p.m. ET",0.085098035633564,0.018818067386746407,0.8960838913917542,0.06627996824681759,Auto,2020-Q2,14,32,0.2978723404255319
TSLA,2020-Q2,"Jul 22, 2020, 6:00 p.m. ET",0.085098035633564,0.018818067386746407,0.8960838913917542,0.06627996824681759,Auto,2020-Q2,14,32,0.2978723404255319
TSLA,2020-Q2,"Jul 22, 2020, 6:00 p.m. ET",0.085098035633564,0.018818067386746407,0.8960838913917542,0.06627996824681759,Auto,2020-Q2,14,32,0.2978723404255319
TSLA,2020-Q2,"Jul 22, 2020, 6:00 p.m. ET",0.085098035633564,0.018818067386746407,0.8960838913917542,0.06627996824681759,Auto,2020-Q2,14,32,0.2978723404255319
TSLA,2020-Q2,"Jul 22, 2020, 6:00 p.m. ET",0.085098035633564,0.018818067386746407,0.8960838913917542,0.06627996824681759,Auto,2020-Q2,14,32,0.2978723404255319
TSLA,2020-Q2,"Jul 22, 2020, 6:00 p.m. ET",0.085098035633564,0.018818067386746407,0.8960838913917542,0.06627996824681759,Auto,2020-Q2,14,32,0.2978723404255319
TSLA,2020-Q2,"Jul 22, 2020, 6:00 p.m. ET",0.085098035633564,0.018818067386746407,0.8960838913917542,0.06627996824681759,Auto,2020-Q2,14,32,0.2978723404255319
TSLA,2020-Q2,"Jul 22, 2020, 6:00 p.m. ET",0.085098035633564,0.018818067386746407,0.8960838913917542,0.06627996824681759,Auto,2020-Q2,14,32,0.2978723404255319
TSLA,2020-Q2,"Jul 22, 2020, 6:00 p.m. ET",0.085098035633564,0.018818067386746407,0.8960838913917542,0.06627996824681759,Auto,2020-Q2,14,32,0.2978723404255319
TSLA,2020-Q2,"Jul 22, 2020, 6:00 p.m. ET",0.085098035633564,0.018818067386746407,0.8960838913917542,0.06627996824681759,Auto,2020-Q2,14,32,0.2978723404255319
TSLA,2020-Q2,"Jul 22, 2020, 6:00 p.m. ET",0.085098035633564,0.018818067386746407,0.8960838913917542,0.06627996824681759,Auto,2020-Q2,14,32,0.2978723404255319
TSLA,2020-Q2,"Jul 22, 2020, 6:00 p.m. ET",0.085098035633564,0.018818067386746407,0.8960838913917542,0.06627996824681759,Auto,2020-Q2,14,32,0.2978723404255319
TSLA,2020-Q2,"Jul 22, 2020, 6:00 p.m. ET",0.085098035633564,0.018818067386746407,0.8960838913917542,0.06627996824681759,Auto,2020-Q2,14,32,0.2978723404255319
TSLA,2020-Q2,"Jul 22, 2020, 6:00 p.m. ET",0.085098035633564,0.018818067386746407,0.8960838913917542,0.06627996824681759,Auto,2020-Q2,14,32,0.2978723404255319
TSLA,2020-Q2,"Jul 22, 2020, 6:00 p.m. ET",0.085098035633564,0.018818067386746407,0.8960838913917542,0.06627996824681759,Auto,2020-Q2,14,32,0.2978723404255319
TSLA,2020-Q2,"Jul 22, 2020, 6:00 p.m. ET",0.085098035633564,0.018818067386746407,0.8960838913917542,0.06627996824681759,Auto,2020-Q2,14,32,0.2978723404255319
TSLA,2020-Q2,"Jul 22, 2020, 6:00 p.m. ET",0.085098035633564,0.018818067386746407,0.8960838913917542,0.06627996824681759,Auto,2020-Q2,14,32,0.2978723404255319
TSLA,2020-Q2,"Jul 22, 2020, 6:00 p.m. ET",0.085098035633564,0.018818067386746407,0.8960838913917542,0.06627996824681759,Auto,2020-Q2,14,32,0.2978723404255319
TSLA,2020-Q2,"Jul 22, 2020, 6:00 p.m. ET",0.085098035633564,0.018818067386746407,0.8960838913917542,0.06627996824681759,Auto,2020-Q2,14,32,0.2978723404255319
TSLA,2020-Q2,"Jul 22, 2020, 6:00 p.m. ET",0.085098035633564,0.018818067386746407,0.8960838913917542,0.06627996824681759,Auto,2020-Q2,14,32,0.2978723404255319
TSLA,2020-Q2,"Jul 22, 2020, 6:00 p.m. ET",0.085098035633564,0.018818067386746407,0.8960838913917542,0.06627996824681759,Auto,2020-Q2,14,32,0.2978723404255319
TSLA,2020-Q2,"Jul 22, 2020, 6:00 p.m. ET",0.085098035633564,0.018818067386746407,0.8960838913917542,0.06627996824681759,Auto,2020-Q2,14,32,0.2978723404255319
TSLA,2020-Q2,"Jul 22, 2020, 6:00 p.m. ET",0.085098035633564,0.018818067386746407,0.8960838913917542,0.06627996824681759,Auto,2020-Q2,14,32,0.2978723404255319
TSLA,2020-Q2,"Jul 22, 2020, 6:00 p.m. ET",0.085098035633564,0.018818067386746407,0.8960838913917542,0.06627996824681759,Auto,2020-Q2,14,32,0.2978723404255319
TSLA,2020-Q2,"Jul 22, 2020, 6:00 p.m. ET",0.085098035633564,0.018818067386746407,0.8960838913917542,0.06627996824681759,Auto,2020-Q2,14,32,0.2978723404255319
TSLA,2020-Q2,"Jul 22, 2020, 6:00 p.m. ET",0.085098035633564,0.018818067386746407,0.8960838913917542,0.06627996824681759,Auto,2020-Q2,14,32,0.2978723404255319
TSLA,2020-Q2,"Jul 22, 2020, 6:00 p.m. ET",0.085098035633564,0.018818067386746407,0.8960838913917542,0.06627996824681759,Auto,2020-Q2,14,32,0.2978723404255319
TSLA,2020-Q2,"Jul 22, 2020, 6:00 p.m. ET",0.085098035633564,0.018818067386746407,0.8960838913917542,0.06627996824681759,Auto,2020-Q2,14,32,0.2978723404255319
TSLA,2020-Q2,"Jul 22, 2020, 6:00 p.m. ET",0.085098035633564,0.018818067386746407,0.8960838913917542,0.06627996824681759,Auto,2020-Q2,14,32,0.2978723404255319
AMZN,2020-Q4,"Feb 02, 2021, 5:30 p.m. ET",0.17752444744110107,0.01459724921733141,0.807878315448761,0.16292719822376966,Tech,2020-Q4,12,54,0.1791044776119403
INTC,2022-Q2,"Jul 28, 2022, 5:00 p.m. ET",0.39988821744918823,0.053132425993680954,0.5469793081283569,0.3467557914555073,Tech,2022-Q2,49,90,0.35
GOOGL,2020-Q1,"April 28, 2020, 4:30 p.m. ET",0.08496109396219254,0.014933321624994278,0.9001055955886841,0.07002777233719826,Tech,2020-Q1,38,80,0.31932773109243695
GOOGL,2020-Q1,"April 28, 2020, 4:30 p.m. ET",0.08496109396219254,0.014933321624994278,0.9001055955886841,0.07002777233719826,Tech,2020-Q1,38,80,0.31932773109243695
GOOGL,2020-Q1,"April 28, 2020, 4:30 p.m. ET",0.08496109396219254,0.014933321624994278,0.9001055955886841,0.07002777233719826,Tech,2020-Q1,38,80,0.31932773109243695
GOOGL,2020-Q1,"April 28, 2020, 4:30 p.m. ET",0.08496109396219254,0.014933321624994278,0.9001055955886841,0.07002777233719826,Tech,2020-Q1,38,80,0.31932773109243695
GOOGL,2020-Q1,"April 28, 2020, 4:30 p.m. ET",0.08496109396219254,0.014933321624994278,0.9001055955886841,0.07002777233719826,Tech,2020-Q1,38,80,0.31932773109243695
GOOGL,2020-Q1,"April 28, 2020, 4:30 p.m. ET",0.08496109396219254,0.014933321624994278,0.9001055955886841,0.07002777233719826,Tech,2020-Q1,38,80,0.31932773109243695
GOOGL,2020-Q1,"April 28, 2020, 4:30 p.m. ET",0.08496109396219254,0.014933321624994278,0.9001055955886841,0.07002777233719826,Tech,2020-Q1,38,80,0.31932773109243695
GOOGL,2020-Q1,"April 28, 2020, 4:30 p.m. ET",0.08496109396219254,0.014933321624994278,0.9001055955886841,0.07002777233719826,Tech,2020-Q1,38,80,0.31932773109243695
GOOGL,2020-Q1,"April 28, 2020, 4:30 p.m. ET",0.08496109396219254,0.014933321624994278,0.9001055955886841,0.07002777233719826,Tech,2020-Q1,38,80,0.31932773109243695
GOOGL,2020-Q1,"April 28, 2020, 4:30 p.m. ET",0.08496109396219254,0.014933321624994278,0.9001055955886841,0.07002777233719826,Tech,2020-Q1,38,80,0.31932773109243695
GOOGL,2020-Q1,"April 28, 2020, 4:30 p.m. ET",0.08496109396219254,0.014933321624994278,0.9001055955886841,0.07002777233719826,Tech,2020-Q1,38,80,0.31932773109243695
GOOGL,2020-Q1,"April 28, 2020, 4:30 p.m. ET",0.08496109396219254,0.014933321624994278,0.9001055955886841,0.07002777233719826,Tech,2020-Q1,38,80,0.31932773109243695
GOOGL,2020-Q1,"April 28, 2020, 4:30 p.m. ET",0.08496109396219254,0.014933321624994278,0.9001055955886841,0.07002777233719826,Tech,2020-Q1,38,80,0.31932773109243695
GOOGL,2020-Q1,"April 28, 2020, 4:30 p.m. ET",0.08496109396219254,0.014933321624994278,0.9001055955886841,0.07002777233719826,Tech,2020-Q1,38,80,0.31932773109243695
GOOGL,2020-Q1,"April 28, 2020, 4:30 p.m. ET",0.08496109396219254,0.014933321624994278,0.9001055955886841,0.07002777233719826,Tech,2020-Q1,38,80,0.31932773109243695
DIS,2020-Q3,"Aug 04, 2020, 4:30 p.m. ET",0.028005406260490417,0.08130818605422974,0.8906863927841187,-0.05330277979373932,Media,2020-Q3,32,44,0.4155844155844156
DIS,2020-Q3,"Aug 04, 2020, 4:30 p.m. ET",0.028005406260490417,0.08130818605422974,0.8906863927841187,-0.05330277979373932,Media,2020-Q3,32,44,0.4155844155844156
DIS,2020-Q3,"Aug 04, 2020, 4:30 p.m. ET",0.028005406260490417,0.08130818605422974,0.8906863927841187,-0.05330277979373932,Media,2020-Q3,32,44,0.4155844155844156
DIS,2020-Q3,"Aug 04, 2020, 4:30 p.m. ET",0.028005406260490417,0.08130818605422974,0.8906863927841187,-0.05330277979373932,Media,2020-Q3,32,44,0.4155844155844156
DIS,2020-Q3,"Aug 04, 2020, 4:30 p.m. ET",0.028005406260490417,0.08130818605422974,0.8906863927841187,-0.05330277979373932,Media,2020-Q3,32,44,0.4155844155844156
DIS,2020-Q3,"Aug 04, 2020, 4:30 p.m. ET",0.028005406260490417,0.08130818605422974,0.8906863927841187,-0.05330277979373932,Media,2020-Q3,32,44,0.4155844155844156
DIS,2020-Q3,"Aug 04, 2020, 4:30 p.m. ET",0.028005406260490417,0.08130818605422974,0.8906863927841187,-0.05330277979373932,Media,2020-Q3,32,44,0.4155844155844156
DIS,2020-Q3,"Aug 04, 2020, 4:30 p.m. ET",0.028005406260490417,0.08130818605422974,0.8906863927841187,-0.05330277979373932,Media,2020-Q3,32,44,0.4155844155844156
DIS,2020-Q3,"Aug 04, 2020, 4:30 p.m. ET",0.028005406260490417,0.08130818605422974,0.8906863927841187,-0.05330277979373932,Media,2020-Q3,32,44,0.4155844155844156
DIS,2020-Q3,"Aug 04, 2020, 4:30 p.m. ET",0.028005406260490417,0.08130818605422974,0.8906863927841187,-0.05330277979373932,Media,2020-Q3,32,44,0.4155844155844156
DIS,2020-Q3,"Aug 04, 2020, 4:30 p.m. ET",0.028005406260490417,0.08130818605422974,0.8906863927841187,-0.05330277979373932,Media,2020-Q3,32,44,0.4155844155844156
DIS,2020-Q3,"Aug 04, 2020, 4:30 p.m. ET",0.028005406260490417,0.08130818605422974,0.8906863927841187,-0.05330277979373932,Media,2020-Q3,32,44,0.4155844155844156
DIS,2020-Q3,"Aug 04, 2020, 4:30 p.m. ET",0.028005406260490417,0.08130818605422974,0.8906863927841187,-0.05330277979373932,Media,2020-Q3,32,44,0.4155844155844156
DIS,2020-Q3,"Aug 04, 2020, 4:30 p.m. ET",0.028005406260490417,0.08130818605422974,0.8906863927841187,-0.05330277979373932,Media,2020-Q3,32,44,0.4155844155844156
DIS,2020-Q3,"Aug 04, 2020, 4:30 p.m. ET",0.028005406260490417,0.08130818605422974,0.8906863927841187,-0.05330277979373932,Media,2020-Q3,32,44,0.4155844155844156
DIS,2020-Q3,"Aug 04, 2020, 4:30 p.m. ET",0.028005406260490417,0.08130818605422974,0.8906863927841187,-0.05330277979373932,Media,2020-Q3,32,44,0.4155844155844156
DIS,2020-Q3,"Aug 04, 2020, 4:30 p.m. ET",0.028005406260490417,0.08130818605422974,0.8906863927841187,-0.05330277979373932,Media,2020-Q3,32,44,0.4155844155844156
DIS,2020-Q3,"Aug 04, 2020, 4:30 p.m. ET",0.028005406260490417,0.08130818605422974,0.8906863927841187,-0.05330277979373932,Media,2020-Q3,32,44,0.4155844155844156
DIS,2020-Q3,"Aug 04, 2020, 4:30 p.m. ET",0.028005406260490417,0.08130818605422974,0.8906863927841187,-0.05330277979373932,Media,2020-Q3,32,44,0.4155844155844156
DIS,2020-Q3,"Aug 04, 2020, 4:30 p.m. ET",0.028005406260490417,0.08130818605422974,0.8906863927841187,-0.05330277979373932,Media,2020-Q3,32,44,0.4155844155844156
DIS,2020-Q3,"Aug 04, 2020, 4:30 p.m. ET",0.028005406260490417,0.08130818605422974,0.8906863927841187,-0.05330277979373932,Media,2020-Q3,32,44,0.4155844155844156
DIS,2020-Q3,"Aug 04, 2020, 4:30 p.m. ET",0.028005406260490417,0.08130818605422974,0.8906863927841187,-0.05330277979373932,Media,2020-Q3,32,44,0.4155844155844156
DIS,2020-Q3,"Aug 04, 2020, 4:30 p.m. ET",0.028005406260490417,0.08130818605422974,0.8906863927841187,-0.05330277979373932,Media,2020-Q3,32,44,0.4155844155844156
DIS,2020-Q3,"Aug 04, 2020, 4:30 p.m. ET",0.028005406260490417,0.08130818605422974,0.8906863927841187,-0.05330277979373932,Media,2020-Q3,32,44,0.4155844155844156
DIS,2020-Q3,"Aug 04, 2020, 4:30 p.m. ET",0.028005406260490417,0.08130818605422974,0.8906863927841187,-0.05330277979373932,Media,2020-Q3,32,44,0.4155844155844156
BAC,2021-Q2,"Jul 14, 2021, 9:00 a.m. ET",0.13691753149032593,0.015406912192702293,0.847675621509552,0.12151061929762363,Finance,2021-Q2,52,109,0.32098765432098764
GOOGL,2021-Q2,"Jul 27, 2021, 4:30 p.m. ET",0.24937154352664948,0.00945959985256195,0.7411688566207886,0.23991194367408752,Tech,2021-Q2,12,78,0.13186813186813187
GOOGL,2021-Q2,"Jul 27, 2021, 4:30 p.m. ET",0.24937154352664948,0.00945959985256195,0.7411688566207886,0.23991194367408752,Tech,2021-Q2,12,78,0.13186813186813187
GOOGL,2021-Q2,"Jul 27, 2021, 4:30 p.m. ET",0.24937154352664948,0.00945959985256195,0.7411688566207886,0.23991194367408752,Tech,2021-Q2,12,78,0.13186813186813187
GOOGL,2021-Q2,"Jul 27, 2021, 4:30 p.m. ET",0.24937154352664948,0.00945959985256195,0.7411688566207886,0.23991194367408752,Tech,2021-Q2,12,78,0.13186813186813187
GOOGL,2021-Q2,"Jul 27, 2021, 4:30 p.m. ET",0.24937154352664948,0.00945959985256195,0.7411688566207886,0.23991194367408752,Tech,2021-Q2,12,78,0.13186813186813187
GOOGL,2021-Q2,"Jul 27, 2021, 4:30 p.m. ET",0.24937154352664948,0.00945959985256195,0.7411688566207886,0.23991194367408752,Tech,2021-Q2,12,78,0.13186813186813187
GOOGL,2021-Q2,"Jul 27, 2021, 4:30 p.m. ET",0.24937154352664948,0.00945959985256195,0.7411688566207886,0.23991194367408752,Tech,2021-Q2,12,78,0.13186813186813187
GOOGL,2021-Q2,"Jul 27, 2021, 4:30 p.m. ET",0.24937154352664948,0.00945959985256195,0.7411688566207886,0.23991194367408752,Tech,2021-Q2,12,78,0.13186813186813187
GOOGL,2021-Q2,"Jul 27, 2021, 4:30 p.m. ET",0.24937154352664948,0.00945959985256195,0.7411688566207886,0.23991194367408752,Tech,2021-Q2,12,78,0.13186813186813187
GOOGL,2021-Q2,"Jul 27, 2021, 4:30 p.m. ET",0.24937154352664948,0.00945959985256195,0.7411688566207886,0.23991194367408752,Tech,2021-Q2,12,78,0.13186813186813187
GOOGL,2021-Q2,"Jul 27, 2021, 4:30 p.m. ET",0.24937154352664948,0.00945959985256195,0.7411688566207886,0.23991194367408752,Tech,2021-Q2,12,78,0.13186813186813187
GOOGL,2021-Q2,"Jul 27, 2021, 4:30 p.m. ET",0.24937154352664948,0.00945959985256195,0.7411688566207886,0.23991194367408752,Tech,2021-Q2,12,78,0.13186813186813187
GOOGL,2021-Q2,"Jul 27, 2021, 4:30 p.m. ET",0.24937154352664948,0.00945959985256195,0.7411688566207886,0.23991194367408752,Tech,2021-Q2,12,78,0.13186813186813187
GOOGL,2021-Q2,"Jul 27, 2021, 4:30 p.m. ET",0.24937154352664948,0.00945959985256195,0.7411688566207886,0.23991194367408752,Tech,2021-Q2,12,78,0.13186813186813187
GS,2020-Q3,"Oct 14, 2020, 9:30 a.m. ET",0.0798901915550232,0.01454233843833208,0.9055674076080322,0.06534785311669111,Finance,2020-Q3,88,91,0.4888888888888889
MCD,2021-Q2,"Jul 28, 2021, 8:30 a.m. ET",0.32859933376312256,0.00866956077516079,0.6627311110496521,0.31992977298796177,Consumer,2021-Q2,29,81,0.26126126126126126
MCD,2021-Q2,"Jul 28, 2021, 8:30 a.m. ET",0.32859933376312256,0.00866956077516079,0.6627311110496521,0.31992977298796177,Consumer,2021-Q2,29,81,0.26126126126126126
MCD,2021-Q2,"Jul 28, 2021, 8:30 a.m. ET",0.32859933376312256,0.00866956077516079,0.6627311110496521,0.31992977298796177,Consumer,2021-Q2,29,81,0.26126126126126126
GOOGL,2021-Q1,"Apr 27, 2021, 5:00 p.m. ET",0.13700048625469208,0.01218396332114935,0.8508155345916748,0.12481652293354273,Tech,2021-Q1,13,66,0.1625
GOOGL,2021-Q1,"Apr 27, 2021, 5:00 p.m. ET",0.13700048625469208,0.01218396332114935,0.8508155345916748,0.12481652293354273,Tech,2021-Q1,13,66,0.1625
GOOGL,2021-Q1,"Apr 27, 2021, 5:00 p.m. ET",0.13700048625469208,0.01218396332114935,0.8508155345916748,0.12481652293354273,Tech,2021-Q1,13,66,0.1625
GOOGL,2021-Q1,"Apr 27, 2021, 5:00 p.m. ET",0.13700048625469208,0.01218396332114935,0.8508155345916748,0.12481652293354273,Tech,2021-Q1,13,66,0.1625
TGT,2019-Q3,"Nov 20, 2019, 8:00 a.m. ET",0.06791562587022781,0.020338457077741623,0.9117459654808044,0.04757716879248619,Retail,2019-Q3,15,85,0.1485148514851485
JNJ,2021-Q1,"Apr 20, 2021, 8:30 a.m. ET",0.09972413629293442,0.01808224990963936,0.8821936249732971,0.08164188638329506,Healthcare,2021-Q1,40,126,0.23952095808383234
JNJ,2021-Q1,"Apr 20, 2021, 8:30 a.m. ET",0.09972413629293442,0.01808224990963936,0.8821936249732971,0.08164188638329506,Healthcare,2021-Q1,40,126,0.23952095808383234
AAPL,2020-Q2,"Apr 30, 2020, 5:00 p.m. ET",0.2375384420156479,0.012087523937225342,0.7503740191459656,0.22545091807842255,Tech,2020-Q2,33,61,0.3473684210526316
AAPL,2020-Q2,"Apr 30, 2020, 5:00 p.m. ET",0.2375384420156479,0.012087523937225342,0.7503740191459656,0.22545091807842255,Tech,2020-Q2,33,61,0.3473684210526316
AAPL,2020-Q2,"Apr 30, 2020, 5:00 p.m. ET",0.2375384420156479,0.012087523937225342,0.7503740191459656,0.22545091807842255,Tech,2020-Q2,33,61,0.3473684210526316
AAPL,2020-Q2,"Apr 30, 2020, 5:00 p.m. ET",0.2375384420156479,0.012087523937225342,0.7503740191459656,0.22545091807842255,Tech,2020-Q2,33,61,0.3473684210526316
AAPL,2020-Q2,"Apr 30, 2020, 5:00 p.m. ET",0.2375384420156479,0.012087523937225342,0.7503740191459656,0.22545091807842255,Tech,2020-Q2,33,61,0.3473684210526316
AAPL,2020-Q2,"Apr 30, 2020, 5:00 p.m. ET",0.2375384420156479,0.012087523937225342,0.7503740191459656,0.22545091807842255,Tech,2020-Q2,33,61,0.3473684210526316
AAPL,2020-Q2,"Apr 30, 2020, 5:00 p.m. ET",0.2375384420156479,0.012087523937225342,0.7503740191459656,0.22545091807842255,Tech,2020-Q2,33,61,0.3473684210526316
AAPL,2020-Q2,"Apr 30, 2020, 5:00 p.m. ET",0.2375384420156479,0.012087523937225342,0.7503740191459656,0.22545091807842255,Tech,2020-Q2,33,61,0.3473684210526316
AAPL,2020-Q2,"Apr 30, 2020, 5:00 p.m. ET",0.2375384420156479,0.012087523937225342,0.7503740191459656,0.22545091807842255,Tech,2020-Q2,33,61,0.3473684210526316
AAPL,2020-Q2,"Apr 30, 2020, 5:00 p.m. ET",0.2375384420156479,0.012087523937225342,0.7503740191459656,0.22545091807842255,Tech,2020-Q2,33,61,0.3473684210526316
AAPL,2020-Q2,"Apr 30, 2020, 5:00 p.m. ET",0.2375384420156479,0.012087523937225342,0.7503740191459656,0.22545091807842255,Tech,2020-Q2,33,61,0.3473684210526316
AAPL,2020-Q2,"Apr 30, 2020, 5:00 p.m. ET",0.2375384420156479,0.012087523937225342,0.7503740191459656,0.22545091807842255,Tech,2020-Q2,33,61,0.3473684210526316
AAPL,2020-Q2,"Apr 30, 2020, 5:00 p.m. ET",0.2375384420156479,0.012087523937225342,0.7503740191459656,0.22545091807842255,Tech,2020-Q2,33,61,0.3473684210526316
AAPL,2020-Q2,"Apr 30, 2020, 5:00 p.m. ET",0.2375384420156479,0.012087523937225342,0.7503740191459656,0.22545091807842255,Tech,2020-Q2,33,61,0.3473684210526316
AAPL,2020-Q2,"Apr 30, 2020, 5:00 p.m. ET",0.2375384420156479,0.012087523937225342,0.7503740191459656,0.22545091807842255,Tech,2020-Q2,33,61,0.3473684210526316
AAPL,2020-Q2,"Apr 30, 2020, 5:00 p.m. ET",0.2375384420156479,0.012087523937225342,0.7503740191459656,0.22545091807842255,Tech,2020-Q2,33,61,0.3473684210526316
AAPL,2020-Q2,"Apr 30, 2020, 5:00 p.m. ET",0.2375384420156479,0.012087523937225342,0.7503740191459656,0.22545091807842255,Tech,2020-Q2,33,61,0.3473684210526316
AAPL,2020-Q2,"Apr 30, 2020, 5:00 p.m. ET",0.2375384420156479,0.012087523937225342,0.7503740191459656,0.22545091807842255,Tech,2020-Q2,33,61,0.3473684210526316
AAPL,2020-Q2,"Apr 30, 2020, 5:00 p.m. ET",0.2375384420156479,0.012087523937225342,0.7503740191459656,0.22545091807842255,Tech,2020-Q2,33,61,0.3473684210526316
AAPL,2020-Q2,"Apr 30, 2020, 5:00 p.m. ET",0.2375384420156479,0.012087523937225342,0.7503740191459656,0.22545091807842255,Tech,2020-Q2,33,61,0.3473684210526316
AAPL,2020-Q2,"Apr 30, 2020, 5:00 p.m. ET",0.2375384420156479,0.012087523937225342,0.7503740191459656,0.22545091807842255,Tech,2020-Q2,33,61,0.3473684210526316
AAPL,2020-Q2,"Apr 30, 2020, 5:00 p.m. ET",0.2375384420156479,0.012087523937225342,0.7503740191459656,0.22545091807842255,Tech,2020-Q2,33,61,0.3473684210526316
AAPL,2020-Q2,"Apr 30, 2020, 5:00 p.m. ET",0.2375384420156479,0.012087523937225342,0.7503740191459656,0.22545091807842255,Tech,2020-Q2,33,61,0.3473684210526316
AAPL,2020-Q2,"Apr 30, 2020, 5:00 p.m. ET",0.2375384420156479,0.012087523937225342,0.7503740191459656,0.22545091807842255,Tech,2020-Q2,33,61,0.3473684210526316
AAPL,2020-Q2,"Apr 30, 2020, 5:00 p.m. ET",0.2375384420156479,0.012087523937225342,0.7503740191459656,0.22545091807842255,Tech,2020-Q2,33,61,0.3473684210526316
INTC,2020-Q3,"Oct 22, 2020, 5:00 p.m. ET",0.17367467284202576,0.5737695693969727,0.2525557577610016,-0.4000948965549469,Tech,2020-Q3,38,77,0.3275862068965517
GOOGL,2021-Q2,"Jul 27, 2021, 4:30 p.m. ET",0.24937154352664948,0.00945959985256195,0.7411688566207886,0.23991194367408752,Tech,2021-Q2,12,78,0.13186813186813187
GOOGL,2021-Q2,"Jul 27, 2021, 4:30 p.m. ET",0.24937154352664948,0.00945959985256195,0.7411688566207886,0.23991194367408752,Tech,2021-Q2,12,78,0.13186813186813187
GOOGL,2021-Q2,"Jul 27, 2021, 4:30 p.m. ET",0.24937154352664948,0.00945959985256195,0.7411688566207886,0.23991194367408752,Tech,2021-Q2,12,78,0.13186813186813187
GOOGL,2021-Q2,"Jul 27, 2021, 4:30 p.m. ET",0.24937154352664948,0.00945959985256195,0.7411688566207886,0.23991194367408752,Tech,2021-Q2,12,78,0.13186813186813187
GOOGL,2021-Q2,"Jul 27, 2021, 4:30 p.m. ET",0.24937154352664948,0.00945959985256195,0.7411688566207886,0.23991194367408752,Tech,2021-Q2,12,78,0.13186813186813187
GOOGL,2021-Q2,"Jul 27, 2021, 4:30 p.m. ET",0.24937154352664948,0.00945959985256195,0.7411688566207886,0.23991194367408752,Tech,2021-Q2,12,78,0.13186813186813187
GOOGL,2021-Q2,"Jul 27, 2021, 4:30 p.m. ET",0.24937154352664948,0.00945959985256195,0.7411688566207886,0.23991194367408752,Tech,2021-Q2,12,78,0.13186813186813187
GOOGL,2021-Q2,"Jul 27, 2021, 4:30 p.m. ET",0.24937154352664948,0.00945959985256195,0.7411688566207886,0.23991194367408752,Tech,2021-Q2,12,78,0.13186813186813187
GOOGL,2021-Q2,"Jul 27, 2021, 4:30 p.m. ET",0.24937154352664948,0.00945959985256195,0.7411688566207886,0.23991194367408752,Tech,2021-Q2,12,78,0.13186813186813187
GOOGL,2021-Q2,"Jul 27, 2021, 4:30 p.m. ET",0.24937154352664948,0.00945959985256195,0.7411688566207886,0.23991194367408752,Tech,2021-Q2,12,78,0.13186813186813187
GOOGL,2021-Q2,"Jul 27, 2021, 4:30 p.m. ET",0.24937154352664948,0.00945959985256195,0.7411688566207886,0.23991194367408752,Tech,2021-Q2,12,78,0.13186813186813187
GOOGL,2021-Q2,"Jul 27, 2021, 4:30 p.m. ET",0.24937154352664948,0.00945959985256195,0.7411688566207886,0.23991194367408752,Tech,2021-Q2,12,78,0.13186813186813187
GOOGL,2021-Q2,"Jul 27, 2021, 4:30 p.m. ET",0.24937154352664948,0.00945959985256195,0.7411688566207886,0.23991194367408752,Tech,2021-Q2,12,78,0.13186813186813187
GOOGL,2021-Q2,"Jul 27, 2021, 4:30 p.m. ET",0.24937154352664948,0.00945959985256195,0.7411688566207886,0.23991194367408752,Tech,2021-Q2,12,78,0.13186813186813187
KO,2020-Q4,"Feb 10, 2021, 8:30 a.m. ET",0.599564254283905,0.013237076811492443,0.38719868659973145,0.5863271774724126,Consumer,2020-Q4,49,89,0.35251798561151076
KO,2020-Q4,"Feb 10, 2021, 8:30 a.m. ET",0.599564254283905,0.013237076811492443,0.38719868659973145,0.5863271774724126,Consumer,2020-Q4,49,89,0.35251798561151076
KO,2020-Q4,"Feb 10, 2021, 8:30 a.m. ET",0.599564254283905,0.013237076811492443,0.38719868659973145,0.5863271774724126,Consumer,2020-Q4,49,89,0.35251798561151076
KO,2020-Q4,"Feb 10, 2021, 8:30 a.m. ET",0.599564254283905,0.013237076811492443,0.38719868659973145,0.5863271774724126,Consumer,2020-Q4,49,89,0.35251798561151076
KO,2020-Q4,"Feb 10, 2021, 8:30 a.m. ET",0.599564254283905,0.013237076811492443,0.38719868659973145,0.5863271774724126,Consumer,2020-Q4,49,89,0.35251798561151076
AAPL,2020-Q3,"Jul 30, 2020, 5:00 p.m. ET",0.23028139770030975,0.009190441109240055,0.7605281472206116,0.2210909565910697,Tech,2020-Q3,17,88,0.16037735849056603
AAPL,2020-Q3,"Jul 30, 2020, 5:00 p.m. ET",0.23028139770030975,0.009190441109240055,0.7605281472206116,0.2210909565910697,Tech,2020-Q3,17,88,0.16037735849056603
AAPL,2020-Q3,"Jul 30, 2020, 5:00 p.m. ET",0.23028139770030975,0.009190441109240055,0.7605281472206116,0.2210909565910697,Tech,2020-Q3,17,88,0.16037735849056603
AAPL,2020-Q3,"Jul 30, 2020, 5:00 p.m. ET",0.23028139770030975,0.009190441109240055,0.7605281472206116,0.2210909565910697,Tech,2020-Q3,17,88,0.16037735849056603
AAPL,2020-Q3,"Jul 30, 2020, 5:00 p.m. ET",0.23028139770030975,0.009190441109240055,0.7605281472206116,0.2210909565910697,Tech,2020-Q3,17,88,0.16037735849056603
GOOGL,2019-Q1,"April 29, 2019, 4:30 p.m. ET",0.09292858839035034,0.03302359580993652,0.8740477561950684,0.05990499258041382,Tech,2019-Q1,22,97,0.18333333333333332
NFLX,2022-Q1,"Apr 19, 2022, 6:00 p.m. ET",0.05319963023066521,0.024310559034347534,0.9224898815155029,0.028889071196317673,Media,2022-Q1,3,42,0.06521739130434782
GOOGL,2020-Q4,"Feb 2, 2021, 5:00 p.m. ET",0.16166003048419952,0.011462821625173092,0.8268771767616272,0.15019720885902643,Tech,2020-Q4,19,75,0.2
GOOGL,2020-Q4,"Feb 2, 2021, 5:00 p.m. ET",0.16166003048419952,0.011462821625173092,0.8268771767616272,0.15019720885902643,Tech,2020-Q4,19,75,0.2
GOOGL,2020-Q4,"Feb 2, 2021, 5:00 p.m. ET",0.16166003048419952,0.011462821625173092,0.8268771767616272,0.15019720885902643,Tech,2020-Q4,19,75,0.2
GOOGL,2020-Q4,"Feb 2, 2021, 5:00 p.m. ET",0.16166003048419952,0.011462821625173092,0.8268771767616272,0.15019720885902643,Tech,2020-Q4,19,75,0.2
GOOGL,2020-Q4,"Feb 2, 2021, 5:00 p.m. ET",0.16166003048419952,0.011462821625173092,0.8268771767616272,0.15019720885902643,Tech,2020-Q4,19,75,0.2
GOOGL,2020-Q4,"Feb 2, 2021, 5:00 p.m. ET",0.16166003048419952,0.011462821625173092,0.8268771767616272,0.15019720885902643,Tech,2020-Q4,19,75,0.2
GOOGL,2020-Q4,"Feb 2, 2021, 5:00 p.m. ET",0.16166003048419952,0.011462821625173092,0.8268771767616272,0.15019720885902643,Tech,2020-Q4,19,75,0.2
GOOGL,2020-Q4,"Feb 2, 2021, 5:00 p.m. ET",0.16166003048419952,0.011462821625173092,0.8268771767616272,0.15019720885902643,Tech,2020-Q4,19,75,0.2
GOOGL,2020-Q4,"Feb 2, 2021, 5:00 p.m. ET",0.16166003048419952,0.011462821625173092,0.8268771767616272,0.15019720885902643,Tech,2020-Q4,19,75,0.2
GOOGL,2020-Q4,"Feb 2, 2021, 5:00 p.m. ET",0.16166003048419952,0.011462821625173092,0.8268771767616272,0.15019720885902643,Tech,2020-Q4,19,75,0.2
TSLA,2020-Q4,"Jan 27, 2021, 6:30 p.m. ET",0.07960684597492218,0.017979586496949196,0.902413547039032,0.061627259477972984,Auto,2020-Q4,14,42,0.24561403508771928
TSLA,2020-Q4,"Jan 27, 2021, 6:30 p.m. ET",0.07960684597492218,0.017979586496949196,0.902413547039032,0.061627259477972984,Auto,2020-Q4,14,42,0.24561403508771928
F,2022-Q2,"Jul 27, 2022, 5:00 p.m. ET",0.09573575109243393,0.14907127618789673,0.7551929950714111,-0.0533355250954628,Auto,2022-Q2,47,36,0.5595238095238095
BLK,2020-Q4,"Jan 14, 2021, 8:30 a.m. ET",0.1290874481201172,0.013040523044764996,0.8578720092773438,0.11604692507535219,Finance,2020-Q4,27,113,0.19148936170212766
BLK,2020-Q4,"Jan 14, 2021, 8:30 a.m. ET",0.1290874481201172,0.013040523044764996,0.8578720092773438,0.11604692507535219,Finance,2020-Q4,27,113,0.19148936170212766
BLK,2020-Q4,"Jan 14, 2021, 8:30 a.m. ET",0.1290874481201172,0.013040523044764996,0.8578720092773438,0.11604692507535219,Finance,2020-Q4,27,113,0.19148936170212766
BLK,2020-Q4,"Jan 14, 2021, 8:30 a.m. ET",0.1290874481201172,0.013040523044764996,0.8578720092773438,0.11604692507535219,Finance,2020-Q4,27,113,0.19148936170212766
BLK,2020-Q4,"Jan 14, 2021, 8:30 a.m. ET",0.1290874481201172,0.013040523044764996,0.8578720092773438,0.11604692507535219,Finance,2020-Q4,27,113,0.19148936170212766
AAPL,2020-Q1,"Jan 28, 2020, 5:00 p.m. ET",0.44424036145210266,0.011321954429149628,0.5444376468658447,0.43291840702295303,Tech,2020-Q1,18,103,0.14754098360655737
AAPL,2020-Q1,"Jan 28, 2020, 5:00 p.m. ET",0.44424036145210266,0.011321954429149628,0.5444376468658447,0.43291840702295303,Tech,2020-Q1,18,103,0.14754098360655737
AAPL,2020-Q1,"Jan 28, 2020, 5:00 p.m. ET",0.44424036145210266,0.011321954429149628,0.5444376468658447,0.43291840702295303,Tech,2020-Q1,18,103,0.14754098360655737
AAPL,2020-Q1,"Jan 28, 2020, 5:00 p.m. ET",0.44424036145210266,0.011321954429149628,0.5444376468658447,0.43291840702295303,Tech,2020-Q1,18,103,0.14754098360655737
AAPL,2020-Q1,"Jan 28, 2020, 5:00 p.m. ET",0.44424036145210266,0.011321954429149628,0.5444376468658447,0.43291840702295303,Tech,2020-Q1,18,103,0.14754098360655737
AAPL,2020-Q1,"Jan 28, 2020, 5:00 p.m. ET",0.44424036145210266,0.011321954429149628,0.5444376468658447,0.43291840702295303,Tech,2020-Q1,18,103,0.14754098360655737
AAPL,2020-Q1,"Jan 28, 2020, 5:00 p.m. ET",0.44424036145210266,0.011321954429149628,0.5444376468658447,0.43291840702295303,Tech,2020-Q1,18,103,0.14754098360655737
AAPL,2020-Q1,"Jan 28, 2020, 5:00 p.m. ET",0.44424036145210266,0.011321954429149628,0.5444376468658447,0.43291840702295303,Tech,2020-Q1,18,103,0.14754098360655737
AAPL,2020-Q1,"Jan 28, 2020, 5:00 p.m. ET",0.44424036145210266,0.011321954429149628,0.5444376468658447,0.43291840702295303,Tech,2020-Q1,18,103,0.14754098360655737
AAPL,2020-Q1,"Jan 28, 2020, 5:00 p.m. ET",0.44424036145210266,0.011321954429149628,0.5444376468658447,0.43291840702295303,Tech,2020-Q1,18,103,0.14754098360655737
AAPL,2020-Q1,"Jan 28, 2020, 5:00 p.m. ET",0.44424036145210266,0.011321954429149628,0.5444376468658447,0.43291840702295303,Tech,2020-Q1,18,103,0.14754098360655737
AAPL,2020-Q1,"Jan 28, 2020, 5:00 p.m. ET",0.44424036145210266,0.011321954429149628,0.5444376468658447,0.43291840702295303,Tech,2020-Q1,18,103,0.14754098360655737
AAPL,2020-Q1,"Jan 28, 2020, 5:00 p.m. ET",0.44424036145210266,0.011321954429149628,0.5444376468658447,0.43291840702295303,Tech,2020-Q1,18,103,0.14754098360655737
AAPL,2020-Q1,"Jan 28, 2020, 5:00 p.m. ET",0.44424036145210266,0.011321954429149628,0.5444376468658447,0.43291840702295303,Tech,2020-Q1,18,103,0.14754098360655737
AAPL,2020-Q1,"Jan 28, 2020, 5:00 p.m. ET",0.44424036145210266,0.011321954429149628,0.5444376468658447,0.43291840702295303,Tech,2020-Q1,18,103,0.14754098360655737
AAPL,2020-Q1,"Jan 28, 2020, 5:00 p.m. ET",0.44424036145210266,0.011321954429149628,0.5444376468658447,0.43291840702295303,Tech,2020-Q1,18,103,0.14754098360655737
AAPL,2020-Q1,"Jan 28, 2020, 5:00 p.m. ET",0.44424036145210266,0.011321954429149628,0.5444376468658447,0.43291840702295303,Tech,2020-Q1,18,103,0.14754098360655737
AAPL,2020-Q1,"Jan 28, 2020, 5:00 p.m. ET",0.44424036145210266,0.011321954429149628,0.5444376468658447,0.43291840702295303,Tech,2020-Q1,18,103,0.14754098360655737
AAPL,2020-Q1,"Jan 28, 2020, 5:00 p.m. ET",0.44424036145210266,0.011321954429149628,0.5444376468658447,0.43291840702295303,Tech,2020-Q1,18,103,0.14754098360655737
AAPL,2020-Q1,"Jan 28, 2020, 5:00 p.m. ET",0.44424036145210266,0.011321954429149628,0.5444376468658447,0.43291840702295303,Tech,2020-Q1,18,103,0.14754098360655737
AAPL,2020-Q1,"Jan 28, 2020, 5:00 p.m. ET",0.44424036145210266,0.011321954429149628,0.5444376468658447,0.43291840702295303,Tech,2020-Q1,18,103,0.14754098360655737
DIS,2020-Q3,"Aug 04, 2020, 4:30 p.m. ET",0.028005406260490417,0.08130818605422974,0.8906863927841187,-0.05330277979373932,Media,2020-Q3,32,44,0.4155844155844156
DIS,2020-Q3,"Aug 04, 2020, 4:30 p.m. ET",0.028005406260490417,0.08130818605422974,0.8906863927841187,-0.05330277979373932,Media,2020-Q3,32,44,0.4155844155844156
DIS,2020-Q3,"Aug 04, 2020, 4:30 p.m. ET",0.028005406260490417,0.08130818605422974,0.8906863927841187,-0.05330277979373932,Media,2020-Q3,32,44,0.4155844155844156
DIS,2020-Q3,"Aug 04, 2020, 4:30 p.m. ET",0.028005406260490417,0.08130818605422974,0.8906863927841187,-0.05330277979373932,Media,2020-Q3,32,44,0.4155844155844156
DIS,2020-Q3,"Aug 04, 2020, 4:30 p.m. ET",0.028005406260490417,0.08130818605422974,0.8906863927841187,-0.05330277979373932,Media,2020-Q3,32,44,0.4155844155844156
DIS,2020-Q3,"Aug 04, 2020, 4:30 p.m. ET",0.028005406260490417,0.08130818605422974,0.8906863927841187,-0.05330277979373932,Media,2020-Q3,32,44,0.4155844155844156
DIS,2020-Q3,"Aug 04, 2020, 4:30 p.m. ET",0.028005406260490417,0.08130818605422974,0.8906863927841187,-0.05330277979373932,Media,2020-Q3,32,44,0.4155844155844156
DIS,2020-Q3,"Aug 04, 2020, 4:30 p.m. ET",0.028005406260490417,0.08130818605422974,0.8906863927841187,-0.05330277979373932,Media,2020-Q3,32,44,0.4155844155844156
DIS,2020-Q3,"Aug 04, 2020, 4:30 p.m. ET",0.028005406260490417,0.08130818605422974,0.8906863927841187,-0.05330277979373932,Media,2020-Q3,32,44,0.4155844155844156
DIS,2020-Q3,"Aug 04, 2020, 4:30 p.m. ET",0.028005406260490417,0.08130818605422974,0.8906863927841187,-0.05330277979373932,Media,2020-Q3,32,44,0.4155844155844156
DIS,2020-Q3,"Aug 04, 2020, 4:30 p.m. ET",0.028005406260490417,0.08130818605422974,0.8906863927841187,-0.05330277979373932,Media,2020-Q3,32,44,0.4155844155844156
DIS,2020-Q3,"Aug 04, 2020, 4:30 p.m. ET",0.028005406260490417,0.08130818605422974,0.8906863927841187,-0.05330277979373932,Media,2020-Q3,32,44,0.4155844155844156
DIS,2020-Q3,"Aug 04, 2020, 4:30 p.m. ET",0.028005406260490417,0.08130818605422974,0.8906863927841187,-0.05330277979373932,Media,2020-Q3,32,44,0.4155844155844156
DIS,2020-Q3,"Aug 04, 2020, 4:30 p.m. ET",0.028005406260490417,0.08130818605422974,0.8906863927841187,-0.05330277979373932,Media,2020-Q3,32,44,0.4155844155844156
DIS,2020-Q3,"Aug 04, 2020, 4:30 p.m. ET",0.028005406260490417,0.08130818605422974,0.8906863927841187,-0.05330277979373932,Media,2020-Q3,32,44,0.4155844155844156
DIS,2020-Q3,"Aug 04, 2020, 4:30 p.m. ET",0.028005406260490417,0.08130818605422974,0.8906863927841187,-0.05330277979373932,Media,2020-Q3,32,44,0.4155844155844156
DIS,2020-Q3,"Aug 04, 2020, 4:30 p.m. ET",0.028005406260490417,0.08130818605422974,0.8906863927841187,-0.05330277979373932,Media,2020-Q3,32,44,0.4155844155844156
DIS,2020-Q3,"Aug 04, 2020, 4:30 p.m. ET",0.028005406260490417,0.08130818605422974,0.8906863927841187,-0.05330277979373932,Media,2020-Q3,32,44,0.4155844155844156
DIS,2020-Q3,"Aug 04, 2020, 4:30 p.m. ET",0.028005406260490417,0.08130818605422974,0.8906863927841187,-0.05330277979373932,Media,2020-Q3,32,44,0.4155844155844156
DIS,2020-Q3,"Aug 04, 2020, 4:30 p.m. ET",0.028005406260490417,0.08130818605422974,0.8906863927841187,-0.05330277979373932,Media,2020-Q3,32,44,0.4155844155844156
DIS,2020-Q3,"Aug 04, 2020, 4:30 p.m. ET",0.028005406260490417,0.08130818605422974,0.8906863927841187,-0.05330277979373932,Media,2020-Q3,32,44,0.4155844155844156
DIS,2020-Q3,"Aug 04, 2020, 4:30 p.m. ET",0.028005406260490417,0.08130818605422974,0.8906863927841187,-0.05330277979373932,Media,2020-Q3,32,44,0.4155844155844156
DIS,2020-Q3,"Aug 04, 2020, 4:30 p.m. ET",0.028005406260490417,0.08130818605422974,0.8906863927841187,-0.05330277979373932,Media,2020-Q3,32,44,0.4155844155844156
DIS,2020-Q3,"Aug 04, 2020, 4:30 p.m. ET",0.028005406260490417,0.08130818605422974,0.8906863927841187,-0.05330277979373932,Media,2020-Q3,32,44,0.4155844155844156
DIS,2020-Q3,"Aug 04, 2020, 4:30 p.m. ET",0.028005406260490417,0.08130818605422974,0.8906863927841187,-0.05330277979373932,Media,2020-Q3,32,44,0.4155844155844156
GOOGL,2020-Q4,"Feb 2, 2021, 5:00 p.m. ET",0.16166003048419952,0.011462821625173092,0.8268771767616272,0.15019720885902643,Tech,2020-Q4,19,75,0.2
GOOGL,2020-Q4,"Feb 2, 2021, 5:00 p.m. ET",0.16166003048419952,0.011462821625173092,0.8268771767616272,0.15019720885902643,Tech,2020-Q4,19,75,0.2
GOOGL,2020-Q4,"Feb 2, 2021, 5:00 p.m. ET",0.16166003048419952,0.011462821625173092,0.8268771767616272,0.15019720885902643,Tech,2020-Q4,19,75,0.2
GOOGL,2020-Q4,"Feb 2, 2021, 5:00 p.m. ET",0.16166003048419952,0.011462821625173092,0.8268771767616272,0.15019720885902643,Tech,2020-Q4,19,75,0.2
GOOGL,2020-Q4,"Feb 2, 2021, 5:00 p.m. ET",0.16166003048419952,0.011462821625173092,0.8268771767616272,0.15019720885902643,Tech,2020-Q4,19,75,0.2
GOOGL,2020-Q4,"Feb 2, 2021, 5:00 p.m. ET",0.16166003048419952,0.011462821625173092,0.8268771767616272,0.15019720885902643,Tech,2020-Q4,19,75,0.2
GOOGL,2020-Q4,"Feb 2, 2021, 5:00 p.m. ET",0.16166003048419952,0.011462821625173092,0.8268771767616272,0.15019720885902643,Tech,2020-Q4,19,75,0.2
GOOGL,2020-Q4,"Feb 2, 2021, 5:00 p.m. ET",0.16166003048419952,0.011462821625173092,0.8268771767616272,0.15019720885902643,Tech,2020-Q4,19,75,0.2
GOOGL,2020-Q4,"Feb 2, 2021, 5:00 p.m. ET",0.16166003048419952,0.011462821625173092,0.8268771767616272,0.15019720885902643,Tech,2020-Q4,19,75,0.2
GOOGL,2020-Q4,"Feb 2, 2021, 5:00 p.m. ET",0.16166003048419952,0.011462821625173092,0.8268771767616272,0.15019720885902643,Tech,2020-Q4,19,75,0.2
NFLX,2020-Q4,"Jan 19, 2021, 6:00 p.m. ET",0.07349304109811783,0.013883586972951889,0.912623405456543,0.05960945412516594,Media,2020-Q4,14,52,0.208955223880597
NFLX,2020-Q4,"Jan 19, 2021, 6:00 p.m. ET",0.07349304109811783,0.013883586972951889,0.912623405456543,0.05960945412516594,Media,2020-Q4,14,52,0.208955223880597
DIS,2020-Q3,"Aug 04, 2020, 4:30 p.m. ET",0.028005406260490417,0.08130818605422974,0.8906863927841187,-0.05330277979373932,Media,2020-Q3,32,44,0.4155844155844156
DIS,2020-Q3,"Aug 04, 2020, 4:30 p.m. ET",0.028005406260490417,0.08130818605422974,0.8906863927841187,-0.05330277979373932,Media,2020-Q3,32,44,0.4155844155844156
DIS,2020-Q3,"Aug 04, 2020, 4:30 p.m. ET",0.028005406260490417,0.08130818605422974,0.8906863927841187,-0.05330277979373932,Media,2020-Q3,32,44,0.4155844155844156
DIS,2020-Q3,"Aug 04, 2020, 4:30 p.m. ET",0.028005406260490417,0.08130818605422974,0.8906863927841187,-0.05330277979373932,Media,2020-Q3,32,44,0.4155844155844156
DIS,2020-Q3,"Aug 04, 2020, 4:30 p.m. ET",0.028005406260490417,0.08130818605422974,0.8906863927841187,-0.05330277979373932,Media,2020-Q3,32,44,0.4155844155844156
DIS,2020-Q3,"Aug 04, 2020, 4:30 p.m. ET",0.028005406260490417,0.08130818605422974,0.8906863927841187,-0.05330277979373932,Media,2020-Q3,32,44,0.4155844155844156
DIS,2020-Q3,"Aug 04, 2020, 4:30 p.m. ET",0.028005406260490417,0.08130818605422974,0.8906863927841187,-0.05330277979373932,Media,2020-Q3,32,44,0.4155844155844156
DIS,2020-Q3,"Aug 04, 2020, 4:30 p.m. ET",0.028005406260490417,0.08130818605422974,0.8906863927841187,-0.05330277979373932,Media,2020-Q3,32,44,0.4155844155844156
DIS,2020-Q3,"Aug 04, 2020, 4:30 p.m. ET",0.028005406260490417,0.08130818605422974,0.8906863927841187,-0.05330277979373932,Media,2020-Q3,32,44,0.4155844155844156
DIS,2020-Q3,"Aug 04, 2020, 4:30 p.m. ET",0.028005406260490417,0.08130818605422974,0.8906863927841187,-0.05330277979373932,Media,2020-Q3,32,44,0.4155844155844156
DIS,2020-Q3,"Aug 04, 2020, 4:30 p.m. ET",0.028005406260490417,0.08130818605422974,0.8906863927841187,-0.05330277979373932,Media,2020-Q3,32,44,0.4155844155844156
DIS,2020-Q3,"Aug 04, 2020, 4:30 p.m. ET",0.028005406260490417,0.08130818605422974,0.8906863927841187,-0.05330277979373932,Media,2020-Q3,32,44,0.4155844155844156
DIS,2020-Q3,"Aug 04, 2020, 4:30 p.m. ET",0.028005406260490417,0.08130818605422974,0.8906863927841187,-0.05330277979373932,Media,2020-Q3,32,44,0.4155844155844156
DIS,2020-Q3,"Aug 04, 2020, 4:30 p.m. ET",0.028005406260490417,0.08130818605422974,0.8906863927841187,-0.05330277979373932,Media,2020-Q3,32,44,0.4155844155844156
DIS,2020-Q3,"Aug 04, 2020, 4:30 p.m. ET",0.028005406260490417,0.08130818605422974,0.8906863927841187,-0.05330277979373932,Media,2020-Q3,32,44,0.4155844155844156
DIS,2020-Q3,"Aug 04, 2020, 4:30 p.m. ET",0.028005406260490417,0.08130818605422974,0.8906863927841187,-0.05330277979373932,Media,2020-Q3,32,44,0.4155844155844156
DIS,2020-Q3,"Aug 04, 2020, 4:30 p.m. ET",0.028005406260490417,0.08130818605422974,0.8906863927841187,-0.05330277979373932,Media,2020-Q3,32,44,0.4155844155844156
DIS,2020-Q3,"Aug 04, 2020, 4:30 p.m. ET",0.028005406260490417,0.08130818605422974,0.8906863927841187,-0.05330277979373932,Media,2020-Q3,32,44,0.4155844155844156
DIS,2020-Q3,"Aug 04, 2020, 4:30 p.m. ET",0.028005406260490417,0.08130818605422974,0.8906863927841187,-0.05330277979373932,Media,2020-Q3,32,44,0.4155844155844156
DIS,2020-Q3,"Aug 04, 2020, 4:30 p.m. ET",0.028005406260490417,0.08130818605422974,0.8906863927841187,-0.05330277979373932,Media,2020-Q3,32,44,0.4155844155844156
DIS,2020-Q3,"Aug 04, 2020, 4:30 p.m. ET",0.028005406260490417,0.08130818605422974,0.8906863927841187,-0.05330277979373932,Media,2020-Q3,32,44,0.4155844155844156
DIS,2020-Q3,"Aug 04, 2020, 4:30 p.m. ET",0.028005406260490417,0.08130818605422974,0.8906863927841187,-0.05330277979373932,Media,2020-Q3,32,44,0.4155844155844156
DIS,2020-Q3,"Aug 04, 2020, 4:30 p.m. ET",0.028005406260490417,0.08130818605422974,0.8906863927841187,-0.05330277979373932,Media,2020-Q3,32,44,0.4155844155844156
DIS,2020-Q3,"Aug 04, 2020, 4:30 p.m. ET",0.028005406260490417,0.08130818605422974,0.8906863927841187,-0.05330277979373932,Media,2020-Q3,32,44,0.4155844155844156
DIS,2020-Q3,"Aug 04, 2020, 4:30 p.m. ET",0.028005406260490417,0.08130818605422974,0.8906863927841187,-0.05330277979373932,Media,2020-Q3,32,44,0.4155844155844156
MCD,2020-Q4,"Jan 28, 2021, 8:30 a.m. ET",0.07671228051185608,0.015893569216132164,0.9073941707611084,0.060818711295723915,Consumer,2020-Q4,31,81,0.2743362831858407
AMZN,2021-Q1,"Apr 29, 2021, 5:30 p.m. ET",0.06765195727348328,0.014981250278651714,0.9173667430877686,0.05267070699483156,Tech,2021-Q1,7,58,0.10606060606060606
AMZN,2021-Q1,"Apr 29, 2021, 5:30 p.m. ET",0.06765195727348328,0.014981250278651714,0.9173667430877686,0.05267070699483156,Tech,2021-Q1,7,58,0.10606060606060606
AMZN,2021-Q1,"Apr 29, 2021, 5:30 p.m. ET",0.06765195727348328,0.014981250278651714,0.9173667430877686,0.05267070699483156,Tech,2021-Q1,7,58,0.10606060606060606
AMZN,2021-Q1,"Apr 29, 2021, 5:30 p.m. ET",0.06765195727348328,0.014981250278651714,0.9173667430877686,0.05267070699483156,Tech,2021-Q1,7,58,0.10606060606060606
AMD,2022-Q1,"May 03, 2022, 5:00 p.m. ET",0.16326430439949036,0.012795045040547848,0.823940634727478,0.1504692593589425,Tech,2022-Q1,7,142,0.04666666666666667
MRNA,2020-Q4,"Feb 25, 2021, 8:00 a.m. ET",0.12693539261817932,0.013966201804578304,0.8590984344482422,0.11296919081360102,Healthcare,2020-Q4,34,22,0.5964912280701754
DIS,2020-Q3,"Aug 04, 2020, 4:30 p.m. ET",0.028005406260490417,0.08130818605422974,0.8906863927841187,-0.05330277979373932,Media,2020-Q3,32,44,0.4155844155844156
DIS,2020-Q3,"Aug 04, 2020, 4:30 p.m. ET",0.028005406260490417,0.08130818605422974,0.8906863927841187,-0.05330277979373932,Media,2020-Q3,32,44,0.4155844155844156
DIS,2020-Q3,"Aug 04, 2020, 4:30 p.m. ET",0.028005406260490417,0.08130818605422974,0.8906863927841187,-0.05330277979373932,Media,2020-Q3,32,44,0.4155844155844156
DIS,2020-Q3,"Aug 04, 2020, 4:30 p.m. ET",0.028005406260490417,0.08130818605422974,0.8906863927841187,-0.05330277979373932,Media,2020-Q3,32,44,0.4155844155844156
DIS,2020-Q3,"Aug 04, 2020, 4:30 p.m. ET",0.028005406260490417,0.08130818605422974,0.8906863927841187,-0.05330277979373932,Media,2020-Q3,32,44,0.4155844155844156
DIS,2020-Q3,"Aug 04, 2020, 4:30 p.m. ET",0.028005406260490417,0.08130818605422974,0.8906863927841187,-0.05330277979373932,Media,2020-Q3,32,44,0.4155844155844156
DIS,2020-Q3,"Aug 04, 2020, 4:30 p.m. ET",0.028005406260490417,0.08130818605422974,0.8906863927841187,-0.05330277979373932,Media,2020-Q3,32,44,0.4155844155844156
DIS,2020-Q3,"Aug 04, 2020, 4:30 p.m. ET",0.028005406260490417,0.08130818605422974,0.8906863927841187,-0.05330277979373932,Media,2020-Q3,32,44,0.4155844155844156
DIS,2020-Q3,"Aug 04, 2020, 4:30 p.m. ET",0.028005406260490417,0.08130818605422974,0.8906863927841187,-0.05330277979373932,Media,2020-Q3,32,44,0.4155844155844156
DIS,2020-Q3,"Aug 04, 2020, 4:30 p.m. ET",0.028005406260490417,0.08130818605422974,0.8906863927841187,-0.05330277979373932,Media,2020-Q3,32,44,0.4155844155844156
DIS,2020-Q3,"Aug 04, 2020, 4:30 p.m. ET",0.028005406260490417,0.08130818605422974,0.8906863927841187,-0.05330277979373932,Media,2020-Q3,32,44,0.4155844155844156
DIS,2020-Q3,"Aug 04, 2020, 4:30 p.m. ET",0.028005406260490417,0.08130818605422974,0.8906863927841187,-0.05330277979373932,Media,2020-Q3,32,44,0.4155844155844156
DIS,2020-Q3,"Aug 04, 2020, 4:30 p.m. ET",0.028005406260490417,0.08130818605422974,0.8906863927841187,-0.05330277979373932,Media,2020-Q3,32,44,0.4155844155844156
DIS,2020-Q3,"Aug 04, 2020, 4:30 p.m. ET",0.028005406260490417,0.08130818605422974,0.8906863927841187,-0.05330277979373932,Media,2020-Q3,32,44,0.4155844155844156
DIS,2020-Q3,"Aug 04, 2020, 4:30 p.m. ET",0.028005406260490417,0.08130818605422974,0.8906863927841187,-0.05330277979373932,Media,2020-Q3,32,44,0.4155844155844156
DIS,2020-Q3,"Aug 04, 2020, 4:30 p.m. ET",0.028005406260490417,0.08130818605422974,0.8906863927841187,-0.05330277979373932,Media,2020-Q3,32,44,0.4155844155844156
DIS,2020-Q3,"Aug 04, 2020, 4:30 p.m. ET",0.028005406260490417,0.08130818605422974,0.8906863927841187,-0.05330277979373932,Media,2020-Q3,32,44,0.4155844155844156
DIS,2020-Q3,"Aug 04, 2020, 4:30 p.m. ET",0.028005406260490417,0.08130818605422974,0.8906863927841187,-0.05330277979373932,Media,2020-Q3,32,44,0.4155844155844156
DIS,2020-Q3,"Aug 04, 2020, 4:30 p.m. ET",0.028005406260490417,0.08130818605422974,0.8906863927841187,-0.05330277979373932,Media,2020-Q3,32,44,0.4155844155844156
DIS,2020-Q3,"Aug 04, 2020, 4:30 p.m. ET",0.028005406260490417,0.08130818605422974,0.8906863927841187,-0.05330277979373932,Media,2020-Q3,32,44,0.4155844155844156
DIS,2020-Q3,"Aug 04, 2020, 4:30 p.m. ET",0.028005406260490417,0.08130818605422974,0.8906863927841187,-0.05330277979373932,Media,2020-Q3,32,44,0.4155844155844156
DIS,2020-Q3,"Aug 04, 2020, 4:30 p.m. ET",0.028005406260490417,0.08130818605422974,0.8906863927841187,-0.05330277979373932,Media,2020-Q3,32,44,0.4155844155844156
DIS,2020-Q3,"Aug 04, 2020, 4:30 p.m. ET",0.028005406260490417,0.08130818605422974,0.8906863927841187,-0.05330277979373932,Media,2020-Q3,32,44,0.4155844155844156
DIS,2020-Q3,"Aug 04, 2020, 4:30 p.m. ET",0.028005406260490417,0.08130818605422974,0.8906863927841187,-0.05330277979373932,Media,2020-Q3,32,44,0.4155844155844156
DIS,2020-Q3,"Aug 04, 2020, 4:30 p.m. ET",0.028005406260490417,0.08130818605422974,0.8906863927841187,-0.05330277979373932,Media,2020-Q3,32,44,0.4155844155844156
GOOGL,2021-Q2,"Jul 27, 2021, 4:30 p.m. ET",0.24937154352664948,0.00945959985256195,0.7411688566207886,0.23991194367408752,Tech,2021-Q2,12,78,0.13186813186813187
GOOGL,2021-Q2,"Jul 27, 2021, 4:30 p.m. ET",0.24937154352664948,0.00945959985256195,0.7411688566207886,0.23991194367408752,Tech,2021-Q2,12,78,0.13186813186813187
GOOGL,2021-Q2,"Jul 27, 2021, 4:30 p.m. ET",0.24937154352664948,0.00945959985256195,0.7411688566207886,0.23991194367408752,Tech,2021-Q2,12,78,0.13186813186813187
GOOGL,2021-Q2,"Jul 27, 2021, 4:30 p.m. ET",0.24937154352664948,0.00945959985256195,0.7411688566207886,0.23991194367408752,Tech,2021-Q2,12,78,0.13186813186813187
GOOGL,2021-Q2,"Jul 27, 2021, 4:30 p.m. ET",0.24937154352664948,0.00945959985256195,0.7411688566207886,0.23991194367408752,Tech,2021-Q2,12,78,0.13186813186813187
GOOGL,2021-Q2,"Jul 27, 2021, 4:30 p.m. ET",0.24937154352664948,0.00945959985256195,0.7411688566207886,0.23991194367408752,Tech,2021-Q2,12,78,0.13186813186813187
GOOGL,2021-Q2,"Jul 27, 2021, 4:30 p.m. ET",0.24937154352664948,0.00945959985256195,0.7411688566207886,0.23991194367408752,Tech,2021-Q2,12,78,0.13186813186813187
GOOGL,2021-Q2,"Jul 27, 2021, 4:30 p.m. ET",0.24937154352664948,0.00945959985256195,0.7411688566207886,0.23991194367408752,Tech,2021-Q2,12,78,0.13186813186813187
GOOGL,2021-Q2,"Jul 27, 2021, 4:30 p.m. ET",0.24937154352664948,0.00945959985256195,0.7411688566207886,0.23991194367408752,Tech,2021-Q2,12,78,0.13186813186813187
GOOGL,2021-Q2,"Jul 27, 2021, 4:30 p.m. ET",0.24937154352664948,0.00945959985256195,0.7411688566207886,0.23991194367408752,Tech,2021-Q2,12,78,0.13186813186813187
GOOGL,2021-Q2,"Jul 27, 2021, 4:30 p.m. ET",0.24937154352664948,0.00945959985256195,0.7411688566207886,0.23991194367408752,Tech,2021-Q2,12,78,0.13186813186813187
GOOGL,2021-Q2,"Jul 27, 2021, 4:30 p.m. ET",0.24937154352664948,0.00945959985256195,0.7411688566207886,0.23991194367408752,Tech,2021-Q2,12,78,0.13186813186813187
GOOGL,2021-Q2,"Jul 27, 2021, 4:30 p.m. ET",0.24937154352664948,0.00945959985256195,0.7411688566207886,0.23991194367408752,Tech,2021-Q2,12,78,0.13186813186813187
GOOGL,2021-Q2,"Jul 27, 2021, 4:30 p.m. ET",0.24937154352664948,0.00945959985256195,0.7411688566207886,0.23991194367408752,Tech,2021-Q2,12,78,0.13186813186813187
DIS,2020-Q3,"Aug 04, 2020, 4:30 p.m. ET",0.028005406260490417,0.08130818605422974,0.8906863927841187,-0.05330277979373932,Media,2020-Q3,32,44,0.4155844155844156
DIS,2020-Q3,"Aug 04, 2020, 4:30 p.m. ET",0.028005406260490417,0.08130818605422974,0.8906863927841187,-0.05330277979373932,Media,2020-Q3,32,44,0.4155844155844156
DIS,2020-Q3,"Aug 04, 2020, 4:30 p.m. ET",0.028005406260490417,0.08130818605422974,0.8906863927841187,-0.05330277979373932,Media,2020-Q3,32,44,0.4155844155844156
DIS,2020-Q3,"Aug 04, 2020, 4:30 p.m. ET",0.028005406260490417,0.08130818605422974,0.8906863927841187,-0.05330277979373932,Media,2020-Q3,32,44,0.4155844155844156
DIS,2020-Q3,"Aug 04, 2020, 4:30 p.m. ET",0.028005406260490417,0.08130818605422974,0.8906863927841187,-0.05330277979373932,Media,2020-Q3,32,44,0.4155844155844156
DIS,2020-Q3,"Aug 04, 2020, 4:30 p.m. ET",0.028005406260490417,0.08130818605422974,0.8906863927841187,-0.05330277979373932,Media,2020-Q3,32,44,0.4155844155844156
DIS,2020-Q3,"Aug 04, 2020, 4:30 p.m. ET",0.028005406260490417,0.08130818605422974,0.8906863927841187,-0.05330277979373932,Media,2020-Q3,32,44,0.4155844155844156
DIS,2020-Q3,"Aug 04, 2020, 4:30 p.m. ET",0.028005406260490417,0.08130818605422974,0.8906863927841187,-0.05330277979373932,Media,2020-Q3,32,44,0.4155844155844156
DIS,2020-Q3,"Aug 04, 2020, 4:30 p.m. ET",0.028005406260490417,0.08130818605422974,0.8906863927841187,-0.05330277979373932,Media,2020-Q3,32,44,0.4155844155844156
DIS,2020-Q3,"Aug 04, 2020, 4:30 p.m. ET",0.028005406260490417,0.08130818605422974,0.8906863927841187,-0.05330277979373932,Media,2020-Q3,32,44,0.4155844155844156
DIS,2020-Q3,"Aug 04, 2020, 4:30 p.m. ET",0.028005406260490417,0.08130818605422974,0.8906863927841187,-0.05330277979373932,Media,2020-Q3,32,44,0.4155844155844156
DIS,2020-Q3,"Aug 04, 2020, 4:30 p.m. ET",0.028005406260490417,0.08130818605422974,0.8906863927841187,-0.05330277979373932,Media,2020-Q3,32,44,0.4155844155844156
DIS,2020-Q3,"Aug 04, 2020, 4:30 p.m. ET",0.028005406260490417,0.08130818605422974,0.8906863927841187,-0.05330277979373932,Media,2020-Q3,32,44,0.4155844155844156
DIS,2020-Q3,"Aug 04, 2020, 4:30 p.m. ET",0.028005406260490417,0.08130818605422974,0.8906863927841187,-0.05330277979373932,Media,2020-Q3,32,44,0.4155844155844156
DIS,2020-Q3,"Aug 04, 2020, 4:30 p.m. ET",0.028005406260490417,0.08130818605422974,0.8906863927841187,-0.05330277979373932,Media,2020-Q3,32,44,0.4155844155844156
DIS,2020-Q3,"Aug 04, 2020, 4:30 p.m. ET",0.028005406260490417,0.08130818605422974,0.8906863927841187,-0.05330277979373932,Media,2020-Q3,32,44,0.4155844155844156
DIS,2020-Q3,"Aug 04, 2020, 4:30 p.m. ET",0.028005406260490417,0.08130818605422974,0.8906863927841187,-0.05330277979373932,Media,2020-Q3,32,44,0.4155844155844156
DIS,2020-Q3,"Aug 04, 2020, 4:30 p.m. ET",0.028005406260490417,0.08130818605422974,0.8906863927841187,-0.05330277979373932,Media,2020-Q3,32,44,0.4155844155844156
DIS,2020-Q3,"Aug 04, 2020, 4:30 p.m. ET",0.028005406260490417,0.08130818605422974,0.8906863927841187,-0.05330277979373932,Media,2020-Q3,32,44,0.4155844155844156
DIS,2020-Q3,"Aug 04, 2020, 4:30 p.m. ET",0.028005406260490417,0.08130818605422974,0.8906863927841187,-0.05330277979373932,Media,2020-Q3,32,44,0.4155844155844156
DIS,2020-Q3,"Aug 04, 2020, 4:30 p.m. ET",0.028005406260490417,0.08130818605422974,0.8906863927841187,-0.05330277979373932,Media,2020-Q3,32,44,0.4155844155844156
DIS,2020-Q3,"Aug 04, 2020, 4:30 p.m. ET",0.028005406260490417,0.08130818605422974,0.8906863927841187,-0.05330277979373932,Media,2020-Q3,32,44,0.4155844155844156
DIS,2020-Q3,"Aug 04, 2020, 4:30 p.m. ET",0.028005406260490417,0.08130818605422974,0.8906863927841187,-0.05330277979373932,Media,2020-Q3,32,44,0.4155844155844156
DIS,2020-Q3,"Aug 04, 2020, 4:30 p.m. ET",0.028005406260490417,0.08130818605422974,0.8906863927841187,-0.05330277979373932,Media,2020-Q3,32,44,0.4155844155844156
DIS,2020-Q3,"Aug 04, 2020, 4:30 p.m. ET",0.028005406260490417,0.08130818605422974,0.8906863927841187,-0.05330277979373932,Media,2020-Q3,32,44,0.4155844155844156
GOOGL,2017-Q4,"['Alphabet Inc. (GOOG 0.81%) (GOOGL 0.73%)Q4 2017 ', 'Feb. 1, 2018, 4:30 p.m. ET']",0.026229992508888245,0.02834964171051979,0.9454203844070435,-0.002119649201631546,Tech,2017-Q4,11,110,0.09016393442622951
AMZN,2019-Q1,"April 25, 2019, 5:30 p.m. ET",0.02996436320245266,0.060366105288267136,0.9096695780754089,-0.030401742085814476,Tech,2019-Q1,7,58,0.10606060606060606
AAPL,2020-Q2,"Apr 30, 2020, 5:00 p.m. ET",0.2375384420156479,0.012087523937225342,0.7503740191459656,0.22545091807842255,Tech,2020-Q2,33,61,0.3473684210526316
AAPL,2020-Q2,"Apr 30, 2020, 5:00 p.m. ET",0.2375384420156479,0.012087523937225342,0.7503740191459656,0.22545091807842255,Tech,2020-Q2,33,61,0.3473684210526316
AAPL,2020-Q2,"Apr 30, 2020, 5:00 p.m. ET",0.2375384420156479,0.012087523937225342,0.7503740191459656,0.22545091807842255,Tech,2020-Q2,33,61,0.3473684210526316
AAPL,2020-Q2,"Apr 30, 2020, 5:00 p.m. ET",0.2375384420156479,0.012087523937225342,0.7503740191459656,0.22545091807842255,Tech,2020-Q2,33,61,0.3473684210526316
AAPL,2020-Q2,"Apr 30, 2020, 5:00 p.m. ET",0.2375384420156479,0.012087523937225342,0.7503740191459656,0.22545091807842255,Tech,2020-Q2,33,61,0.3473684210526316
AAPL,2020-Q2,"Apr 30, 2020, 5:00 p.m. ET",0.2375384420156479,0.012087523937225342,0.7503740191459656,0.22545091807842255,Tech,2020-Q2,33,61,0.3473684210526316
AAPL,2020-Q2,"Apr 30, 2020, 5:00 p.m. ET",0.2375384420156479,0.012087523937225342,0.7503740191459656,0.22545091807842255,Tech,2020-Q2,33,61,0.3473684210526316
AAPL,2020-Q2,"Apr 30, 2020, 5:00 p.m. ET",0.2375384420156479,0.012087523937225342,0.7503740191459656,0.22545091807842255,Tech,2020-Q2,33,61,0.3473684210526316
AAPL,2020-Q2,"Apr 30, 2020, 5:00 p.m. ET",0.2375384420156479,0.012087523937225342,0.7503740191459656,0.22545091807842255,Tech,2020-Q2,33,61,0.3473684210526316
AAPL,2020-Q2,"Apr 30, 2020, 5:00 p.m. ET",0.2375384420156479,0.012087523937225342,0.7503740191459656,0.22545091807842255,Tech,2020-Q2,33,61,0.3473684210526316
AAPL,2020-Q2,"Apr 30, 2020, 5:00 p.m. ET",0.2375384420156479,0.012087523937225342,0.7503740191459656,0.22545091807842255,Tech,2020-Q2,33,61,0.3473684210526316
AAPL,2020-Q2,"Apr 30, 2020, 5:00 p.m. ET",0.2375384420156479,0.012087523937225342,0.7503740191459656,0.22545091807842255,Tech,2020-Q2,33,61,0.3473684210526316
AAPL,2020-Q2,"Apr 30, 2020, 5:00 p.m. ET",0.2375384420156479,0.012087523937225342,0.7503740191459656,0.22545091807842255,Tech,2020-Q2,33,61,0.3473684210526316
AAPL,2020-Q2,"Apr 30, 2020, 5:00 p.m. ET",0.2375384420156479,0.012087523937225342,0.7503740191459656,0.22545091807842255,Tech,2020-Q2,33,61,0.3473684210526316
AAPL,2020-Q2,"Apr 30, 2020, 5:00 p.m. ET",0.2375384420156479,0.012087523937225342,0.7503740191459656,0.22545091807842255,Tech,2020-Q2,33,61,0.3473684210526316
AAPL,2020-Q2,"Apr 30, 2020, 5:00 p.m. ET",0.2375384420156479,0.012087523937225342,0.7503740191459656,0.22545091807842255,Tech,2020-Q2,33,61,0.3473684210526316
AAPL,2020-Q2,"Apr 30, 2020, 5:00 p.m. ET",0.2375384420156479,0.012087523937225342,0.7503740191459656,0.22545091807842255,Tech,2020-Q2,33,61,0.3473684210526316
AAPL,2020-Q2,"Apr 30, 2020, 5:00 p.m. ET",0.2375384420156479,0.012087523937225342,0.7503740191459656,0.22545091807842255,Tech,2020-Q2,33,61,0.3473684210526316
AAPL,2020-Q2,"Apr 30, 2020, 5:00 p.m. ET",0.2375384420156479,0.012087523937225342,0.7503740191459656,0.22545091807842255,Tech,2020-Q2,33,61,0.3473684210526316
AAPL,2020-Q2,"Apr 30, 2020, 5:00 p.m. ET",0.2375384420156479,0.012087523937225342,0.7503740191459656,0.22545091807842255,Tech,2020-Q2,33,61,0.3473684210526316
AAPL,2020-Q2,"Apr 30, 2020, 5:00 p.m. ET",0.2375384420156479,0.012087523937225342,0.7503740191459656,0.22545091807842255,Tech,2020-Q2,33,61,0.3473684210526316
AAPL,2020-Q2,"Apr 30, 2020, 5:00 p.m. ET",0.2375384420156479,0.012087523937225342,0.7503740191459656,0.22545091807842255,Tech,2020-Q2,33,61,0.3473684210526316
AAPL,2020-Q2,"Apr 30, 2020, 5:00 p.m. ET",0.2375384420156479,0.012087523937225342,0.7503740191459656,0.22545091807842255,Tech,2020-Q2,33,61,0.3473684210526316
AAPL,2020-Q2,"Apr 30, 2020, 5:00 p.m. ET",0.2375384420156479,0.012087523937225342,0.7503740191459656,0.22545091807842255,Tech,2020-Q2,33,61,0.3473684210526316
AAPL,2020-Q2,"Apr 30, 2020, 5:00 p.m. ET",0.2375384420156479,0.012087523937225342,0.7503740191459656,0.22545091807842255,Tech,2020-Q2,33,61,0.3473684210526316
AMZN,2020-Q2,"Jul 30, 2020, 5:30 p.m. ET",0.09640108048915863,0.015877222642302513,0.8877217173576355,0.08052385784685612,Tech,2020-Q2,11,54,0.16666666666666666
AMZN,2020-Q2,"Jul 30, 2020, 5:30 p.m. ET",0.09640108048915863,0.015877222642302513,0.8877217173576355,0.08052385784685612,Tech,2020-Q2,11,54,0.16666666666666666
AMZN,2020-Q2,"Jul 30, 2020, 5:30 p.m. ET",0.09640108048915863,0.015877222642302513,0.8877217173576355,0.08052385784685612,Tech,2020-Q2,11,54,0.16666666666666666
AMZN,2020-Q2,"Jul 30, 2020, 5:30 p.m. ET",0.09640108048915863,0.015877222642302513,0.8877217173576355,0.08052385784685612,Tech,2020-Q2,11,54,0.16666666666666666
AMZN,2020-Q2,"Jul 30, 2020, 5:30 p.m. ET",0.09640108048915863,0.015877222642302513,0.8877217173576355,0.08052385784685612,Tech,2020-Q2,11,54,0.16666666666666666
AMZN,2020-Q2,"Jul 30, 2020, 5:30 p.m. ET",0.09640108048915863,0.015877222642302513,0.8877217173576355,0.08052385784685612,Tech,2020-Q2,11,54,0.16666666666666666
AMZN,2020-Q2,"Jul 30, 2020, 5:30 p.m. ET",0.09640108048915863,0.015877222642302513,0.8877217173576355,0.08052385784685612,Tech,2020-Q2,11,54,0.16666666666666666
AMZN,2020-Q2,"Jul 30, 2020, 5:30 p.m. ET",0.09640108048915863,0.015877222642302513,0.8877217173576355,0.08052385784685612,Tech,2020-Q2,11,54,0.16666666666666666
AMZN,2020-Q2,"Jul 30, 2020, 5:30 p.m. ET",0.09640108048915863,0.015877222642302513,0.8877217173576355,0.08052385784685612,Tech,2020-Q2,11,54,0.16666666666666666
AMZN,2020-Q2,"Jul 30, 2020, 5:30 p.m. ET",0.09640108048915863,0.015877222642302513,0.8877217173576355,0.08052385784685612,Tech,2020-Q2,11,54,0.16666666666666666
AMZN,2020-Q2,"Jul 30, 2020, 5:30 p.m. ET",0.09640108048915863,0.015877222642302513,0.8877217173576355,0.08052385784685612,Tech,2020-Q2,11,54,0.16666666666666666
AMZN,2020-Q2,"Jul 30, 2020, 5:30 p.m. ET",0.09640108048915863,0.015877222642302513,0.8877217173576355,0.08052385784685612,Tech,2020-Q2,11,54,0.16666666666666666
AMZN,2020-Q2,"Jul 30, 2020, 5:30 p.m. ET",0.09640108048915863,0.015877222642302513,0.8877217173576355,0.08052385784685612,Tech,2020-Q2,11,54,0.16666666666666666
AMZN,2020-Q2,"Jul 30, 2020, 5:30 p.m. ET",0.09640108048915863,0.015877222642302513,0.8877217173576355,0.08052385784685612,Tech,2020-Q2,11,54,0.16666666666666666
AMZN,2020-Q2,"Jul 30, 2020, 5:30 p.m. ET",0.09640108048915863,0.015877222642302513,0.8877217173576355,0.08052385784685612,Tech,2020-Q2,11,54,0.16666666666666666
AMZN,2020-Q2,"Jul 30, 2020, 5:30 p.m. ET",0.09640108048915863,0.015877222642302513,0.8877217173576355,0.08052385784685612,Tech,2020-Q2,11,54,0.16666666666666666
AMZN,2020-Q2,"Jul 30, 2020, 5:30 p.m. ET",0.09640108048915863,0.015877222642302513,0.8877217173576355,0.08052385784685612,Tech,2020-Q2,11,54,0.16666666666666666
AMZN,2020-Q2,"Jul 30, 2020, 5:30 p.m. ET",0.09640108048915863,0.015877222642302513,0.8877217173576355,0.08052385784685612,Tech,2020-Q2,11,54,0.16666666666666666
AMZN,2020-Q2,"Jul 30, 2020, 5:30 p.m. ET",0.09640108048915863,0.015877222642302513,0.8877217173576355,0.08052385784685612,Tech,2020-Q2,11,54,0.16666666666666666
AMZN,2020-Q2,"Jul 30, 2020, 5:30 p.m. ET",0.09640108048915863,0.015877222642302513,0.8877217173576355,0.08052385784685612,Tech,2020-Q2,11,54,0.16666666666666666
AMZN,2020-Q2,"Jul 30, 2020, 5:30 p.m. ET",0.09640108048915863,0.015877222642302513,0.8877217173576355,0.08052385784685612,Tech,2020-Q2,11,54,0.16666666666666666
AMZN,2020-Q2,"Jul 30, 2020, 5:30 p.m. ET",0.09640108048915863,0.015877222642302513,0.8877217173576355,0.08052385784685612,Tech,2020-Q2,11,54,0.16666666666666666
AMZN,2020-Q2,"Jul 30, 2020, 5:30 p.m. ET",0.09640108048915863,0.015877222642302513,0.8877217173576355,0.08052385784685612,Tech,2020-Q2,11,54,0.16666666666666666
AMZN,2020-Q2,"Jul 30, 2020, 5:30 p.m. ET",0.09640108048915863,0.015877222642302513,0.8877217173576355,0.08052385784685612,Tech,2020-Q2,11,54,0.16666666666666666
AMZN,2020-Q2,"Jul 30, 2020, 5:30 p.m. ET",0.09640108048915863,0.015877222642302513,0.8877217173576355,0.08052385784685612,Tech,2020-Q2,11,54,0.16666666666666666
AMD,2020-Q4,"Jan 26, 2021, 5:00 p.m. ET",0.5050826072692871,0.013197333551943302,0.48172006011009216,0.4918852737173438,Tech,2020-Q4,9,141,0.059602649006622516
AMD,2020-Q4,"Jan 26, 2021, 5:00 p.m. ET",0.5050826072692871,0.013197333551943302,0.48172006011009216,0.4918852737173438,Tech,2020-Q4,9,141,0.059602649006622516
JNJ,2021-Q2,"Jul 21, 2021, 8:30 a.m. ET",0.25125178694725037,0.03021778166294098,0.7185303568840027,0.2210340052843094,Healthcare,2021-Q2,26,172,0.1306532663316583
GOOGL,2021-Q2,"Jul 27, 2021, 4:30 p.m. ET",0.24937154352664948,0.00945959985256195,0.7411688566207886,0.23991194367408752,Tech,2021-Q2,12,78,0.13186813186813187
GOOGL,2021-Q2,"Jul 27, 2021, 4:30 p.m. ET",0.24937154352664948,0.00945959985256195,0.7411688566207886,0.23991194367408752,Tech,2021-Q2,12,78,0.13186813186813187
GOOGL,2021-Q2,"Jul 27, 2021, 4:30 p.m. ET",0.24937154352664948,0.00945959985256195,0.7411688566207886,0.23991194367408752,Tech,2021-Q2,12,78,0.13186813186813187
GOOGL,2021-Q2,"Jul 27, 2021, 4:30 p.m. ET",0.24937154352664948,0.00945959985256195,0.7411688566207886,0.23991194367408752,Tech,2021-Q2,12,78,0.13186813186813187
GOOGL,2021-Q2,"Jul 27, 2021, 4:30 p.m. ET",0.24937154352664948,0.00945959985256195,0.7411688566207886,0.23991194367408752,Tech,2021-Q2,12,78,0.13186813186813187
GOOGL,2021-Q2,"Jul 27, 2021, 4:30 p.m. ET",0.24937154352664948,0.00945959985256195,0.7411688566207886,0.23991194367408752,Tech,2021-Q2,12,78,0.13186813186813187
GOOGL,2021-Q2,"Jul 27, 2021, 4:30 p.m. ET",0.24937154352664948,0.00945959985256195,0.7411688566207886,0.23991194367408752,Tech,2021-Q2,12,78,0.13186813186813187
GOOGL,2021-Q2,"Jul 27, 2021, 4:30 p.m. ET",0.24937154352664948,0.00945959985256195,0.7411688566207886,0.23991194367408752,Tech,2021-Q2,12,78,0.13186813186813187
GOOGL,2021-Q2,"Jul 27, 2021, 4:30 p.m. ET",0.24937154352664948,0.00945959985256195,0.7411688566207886,0.23991194367408752,Tech,2021-Q2,12,78,0.13186813186813187
GOOGL,2021-Q2,"Jul 27, 2021, 4:30 p.m. ET",0.24937154352664948,0.00945959985256195,0.7411688566207886,0.23991194367408752,Tech,2021-Q2,12,78,0.13186813186813187
GOOGL,2021-Q2,"Jul 27, 2021, 4:30 p.m. ET",0.24937154352664948,0.00945959985256195,0.7411688566207886,0.23991194367408752,Tech,2021-Q2,12,78,0.13186813186813187
GOOGL,2021-Q2,"Jul 27, 2021, 4:30 p.m. ET",0.24937154352664948,0.00945959985256195,0.7411688566207886,0.23991194367408752,Tech,2021-Q2,12,78,0.13186813186813187
GOOGL,2021-Q2,"Jul 27, 2021, 4:30 p.m. ET",0.24937154352664948,0.00945959985256195,0.7411688566207886,0.23991194367408752,Tech,2021-Q2,12,78,0.13186813186813187
GOOGL,2021-Q2,"Jul 27, 2021, 4:30 p.m. ET",0.24937154352664948,0.00945959985256195,0.7411688566207886,0.23991194367408752,Tech,2021-Q2,12,78,0.13186813186813187
MRNA,2022-Q3,"Nov 03, 2022, 8:00 a.m. ET",0.10114191472530365,0.012367986142635345,0.8864901661872864,0.0887739285826683,Healthcare,2022-Q3,9,36,0.1956521739130435
MRNA,2022-Q3,"Nov 03, 2022, 8:00 a.m. ET",0.10114191472530365,0.012367986142635345,0.8864901661872864,0.0887739285826683,Healthcare,2022-Q3,9,36,0.1956521739130435
TSLA,2020-Q2,"Jul 22, 2020, 6:00 p.m. ET",0.085098035633564,0.018818067386746407,0.8960838913917542,0.06627996824681759,Auto,2020-Q2,14,32,0.2978723404255319
TSLA,2020-Q2,"Jul 22, 2020, 6:00 p.m. ET",0.085098035633564,0.018818067386746407,0.8960838913917542,0.06627996824681759,Auto,2020-Q2,14,32,0.2978723404255319
TSLA,2020-Q2,"Jul 22, 2020, 6:00 p.m. ET",0.085098035633564,0.018818067386746407,0.8960838913917542,0.06627996824681759,Auto,2020-Q2,14,32,0.2978723404255319
TSLA,2020-Q2,"Jul 22, 2020, 6:00 p.m. ET",0.085098035633564,0.018818067386746407,0.8960838913917542,0.06627996824681759,Auto,2020-Q2,14,32,0.2978723404255319
TSLA,2020-Q2,"Jul 22, 2020, 6:00 p.m. ET",0.085098035633564,0.018818067386746407,0.8960838913917542,0.06627996824681759,Auto,2020-Q2,14,32,0.2978723404255319
TSLA,2020-Q2,"Jul 22, 2020, 6:00 p.m. ET",0.085098035633564,0.018818067386746407,0.8960838913917542,0.06627996824681759,Auto,2020-Q2,14,32,0.2978723404255319
TSLA,2020-Q2,"Jul 22, 2020, 6:00 p.m. ET",0.085098035633564,0.018818067386746407,0.8960838913917542,0.06627996824681759,Auto,2020-Q2,14,32,0.2978723404255319
TSLA,2020-Q2,"Jul 22, 2020, 6:00 p.m. ET",0.085098035633564,0.018818067386746407,0.8960838913917542,0.06627996824681759,Auto,2020-Q2,14,32,0.2978723404255319
TSLA,2020-Q2,"Jul 22, 2020, 6:00 p.m. ET",0.085098035633564,0.018818067386746407,0.8960838913917542,0.06627996824681759,Auto,2020-Q2,14,32,0.2978723404255319
TSLA,2020-Q2,"Jul 22, 2020, 6:00 p.m. ET",0.085098035633564,0.018818067386746407,0.8960838913917542,0.06627996824681759,Auto,2020-Q2,14,32,0.2978723404255319
TSLA,2020-Q2,"Jul 22, 2020, 6:00 p.m. ET",0.085098035633564,0.018818067386746407,0.8960838913917542,0.06627996824681759,Auto,2020-Q2,14,32,0.2978723404255319
TSLA,2020-Q2,"Jul 22, 2020, 6:00 p.m. ET",0.085098035633564,0.018818067386746407,0.8960838913917542,0.06627996824681759,Auto,2020-Q2,14,32,0.2978723404255319
TSLA,2020-Q2,"Jul 22, 2020, 6:00 p.m. ET",0.085098035633564,0.018818067386746407,0.8960838913917542,0.06627996824681759,Auto,2020-Q2,14,32,0.2978723404255319
TSLA,2020-Q2,"Jul 22, 2020, 6:00 p.m. ET",0.085098035633564,0.018818067386746407,0.8960838913917542,0.06627996824681759,Auto,2020-Q2,14,32,0.2978723404255319
TSLA,2020-Q2,"Jul 22, 2020, 6:00 p.m. ET",0.085098035633564,0.018818067386746407,0.8960838913917542,0.06627996824681759,Auto,2020-Q2,14,32,0.2978723404255319
TSLA,2020-Q2,"Jul 22, 2020, 6:00 p.m. ET",0.085098035633564,0.018818067386746407,0.8960838913917542,0.06627996824681759,Auto,2020-Q2,14,32,0.2978723404255319
TSLA,2020-Q2,"Jul 22, 2020, 6:00 p.m. ET",0.085098035633564,0.018818067386746407,0.8960838913917542,0.06627996824681759,Auto,2020-Q2,14,32,0.2978723404255319
TSLA,2020-Q2,"Jul 22, 2020, 6:00 p.m. ET",0.085098035633564,0.018818067386746407,0.8960838913917542,0.06627996824681759,Auto,2020-Q2,14,32,0.2978723404255319
TSLA,2020-Q2,"Jul 22, 2020, 6:00 p.m. ET",0.085098035633564,0.018818067386746407,0.8960838913917542,0.06627996824681759,Auto,2020-Q2,14,32,0.2978723404255319
TSLA,2020-Q2,"Jul 22, 2020, 6:00 p.m. ET",0.085098035633564,0.018818067386746407,0.8960838913917542,0.06627996824681759,Auto,2020-Q2,14,32,0.2978723404255319
TSLA,2020-Q2,"Jul 22, 2020, 6:00 p.m. ET",0.085098035633564,0.018818067386746407,0.8960838913917542,0.06627996824681759,Auto,2020-Q2,14,32,0.2978723404255319
TSLA,2020-Q2,"Jul 22, 2020, 6:00 p.m. ET",0.085098035633564,0.018818067386746407,0.8960838913917542,0.06627996824681759,Auto,2020-Q2,14,32,0.2978723404255319
TSLA,2020-Q2,"Jul 22, 2020, 6:00 p.m. ET",0.085098035633564,0.018818067386746407,0.8960838913917542,0.06627996824681759,Auto,2020-Q2,14,32,0.2978723404255319
TSLA,2020-Q2,"Jul 22, 2020, 6:00 p.m. ET",0.085098035633564,0.018818067386746407,0.8960838913917542,0.06627996824681759,Auto,2020-Q2,14,32,0.2978723404255319
TSLA,2020-Q2,"Jul 22, 2020, 6:00 p.m. ET",0.085098035633564,0.018818067386746407,0.8960838913917542,0.06627996824681759,Auto,2020-Q2,14,32,0.2978723404255319
TSLA,2020-Q2,"Jul 22, 2020, 6:00 p.m. ET",0.085098035633564,0.018818067386746407,0.8960838913917542,0.06627996824681759,Auto,2020-Q2,14,32,0.2978723404255319
TSLA,2020-Q2,"Jul 22, 2020, 6:00 p.m. ET",0.085098035633564,0.018818067386746407,0.8960838913917542,0.06627996824681759,Auto,2020-Q2,14,32,0.2978723404255319
TSLA,2020-Q2,"Jul 22, 2020, 6:00 p.m. ET",0.085098035633564,0.018818067386746407,0.8960838913917542,0.06627996824681759,Auto,2020-Q2,14,32,0.2978723404255319
TSLA,2020-Q2,"Jul 22, 2020, 6:00 p.m. ET",0.085098035633564,0.018818067386746407,0.8960838913917542,0.06627996824681759,Auto,2020-Q2,14,32,0.2978723404255319
TSLA,2020-Q2,"Jul 22, 2020, 6:00 p.m. ET",0.085098035633564,0.018818067386746407,0.8960838913917542,0.06627996824681759,Auto,2020-Q2,14,32,0.2978723404255319
TSLA,2020-Q2,"Jul 22, 2020, 6:00 p.m. ET",0.085098035633564,0.018818067386746407,0.8960838913917542,0.06627996824681759,Auto,2020-Q2,14,32,0.2978723404255319
TSLA,2020-Q2,"Jul 22, 2020, 6:00 p.m. ET",0.085098035633564,0.018818067386746407,0.8960838913917542,0.06627996824681759,Auto,2020-Q2,14,32,0.2978723404255319
TSLA,2020-Q2,"Jul 22, 2020, 6:00 p.m. ET",0.085098035633564,0.018818067386746407,0.8960838913917542,0.06627996824681759,Auto,2020-Q2,14,32,0.2978723404255319
TSLA,2020-Q2,"Jul 22, 2020, 6:00 p.m. ET",0.085098035633564,0.018818067386746407,0.8960838913917542,0.06627996824681759,Auto,2020-Q2,14,32,0.2978723404255319
TSLA,2020-Q2,"Jul 22, 2020, 6:00 p.m. ET",0.085098035633564,0.018818067386746407,0.8960838913917542,0.06627996824681759,Auto,2020-Q2,14,32,0.2978723404255319
TSLA,2020-Q2,"Jul 22, 2020, 6:00 p.m. ET",0.085098035633564,0.018818067386746407,0.8960838913917542,0.06627996824681759,Auto,2020-Q2,14,32,0.2978723404255319
TSLA,2020-Q2,"Jul 22, 2020, 6:00 p.m. ET",0.085098035633564,0.018818067386746407,0.8960838913917542,0.06627996824681759,Auto,2020-Q2,14,32,0.2978723404255319
TSLA,2020-Q2,"Jul 22, 2020, 6:00 p.m. ET",0.085098035633564,0.018818067386746407,0.8960838913917542,0.06627996824681759,Auto,2020-Q2,14,32,0.2978723404255319
TSLA,2020-Q2,"Jul 22, 2020, 6:00 p.m. ET",0.085098035633564,0.018818067386746407,0.8960838913917542,0.06627996824681759,Auto,2020-Q2,14,32,0.2978723404255319
TSLA,2020-Q2,"Jul 22, 2020, 6:00 p.m. ET",0.085098035633564,0.018818067386746407,0.8960838913917542,0.06627996824681759,Auto,2020-Q2,14,32,0.2978723404255319
TSLA,2020-Q2,"Jul 22, 2020, 6:00 p.m. ET",0.085098035633564,0.018818067386746407,0.8960838913917542,0.06627996824681759,Auto,2020-Q2,14,32,0.2978723404255319
TSLA,2020-Q2,"Jul 22, 2020, 6:00 p.m. ET",0.085098035633564,0.018818067386746407,0.8960838913917542,0.06627996824681759,Auto,2020-Q2,14,32,0.2978723404255319
TSLA,2020-Q2,"Jul 22, 2020, 6:00 p.m. ET",0.085098035633564,0.018818067386746407,0.8960838913917542,0.06627996824681759,Auto,2020-Q2,14,32,0.2978723404255319
TSLA,2020-Q2,"Jul 22, 2020, 6:00 p.m. ET",0.085098035633564,0.018818067386746407,0.8960838913917542,0.06627996824681759,Auto,2020-Q2,14,32,0.2978723404255319
TSLA,2020-Q2,"Jul 22, 2020, 6:00 p.m. ET",0.085098035633564,0.018818067386746407,0.8960838913917542,0.06627996824681759,Auto,2020-Q2,14,32,0.2978723404255319
TSLA,2020-Q2,"Jul 22, 2020, 6:00 p.m. ET",0.085098035633564,0.018818067386746407,0.8960838913917542,0.06627996824681759,Auto,2020-Q2,14,32,0.2978723404255319
TSLA,2020-Q2,"Jul 22, 2020, 6:00 p.m. ET",0.085098035633564,0.018818067386746407,0.8960838913917542,0.06627996824681759,Auto,2020-Q2,14,32,0.2978723404255319
TSLA,2020-Q2,"Jul 22, 2020, 6:00 p.m. ET",0.085098035633564,0.018818067386746407,0.8960838913917542,0.06627996824681759,Auto,2020-Q2,14,32,0.2978723404255319
TSLA,2020-Q2,"Jul 22, 2020, 6:00 p.m. ET",0.085098035633564,0.018818067386746407,0.8960838913917542,0.06627996824681759,Auto,2020-Q2,14,32,0.2978723404255319
TSLA,2020-Q2,"Jul 22, 2020, 6:00 p.m. ET",0.085098035633564,0.018818067386746407,0.8960838913917542,0.06627996824681759,Auto,2020-Q2,14,32,0.2978723404255319
TSLA,2020-Q2,"Jul 22, 2020, 6:00 p.m. ET",0.085098035633564,0.018818067386746407,0.8960838913917542,0.06627996824681759,Auto,2020-Q2,14,32,0.2978723404255319
TSLA,2020-Q2,"Jul 22, 2020, 6:00 p.m. ET",0.085098035633564,0.018818067386746407,0.8960838913917542,0.06627996824681759,Auto,2020-Q2,14,32,0.2978723404255319
TSLA,2020-Q2,"Jul 22, 2020, 6:00 p.m. ET",0.085098035633564,0.018818067386746407,0.8960838913917542,0.06627996824681759,Auto,2020-Q2,14,32,0.2978723404255319
TSLA,2020-Q2,"Jul 22, 2020, 6:00 p.m. ET",0.085098035633564,0.018818067386746407,0.8960838913917542,0.06627996824681759,Auto,2020-Q2,14,32,0.2978723404255319
TSLA,2020-Q2,"Jul 22, 2020, 6:00 p.m. ET",0.085098035633564,0.018818067386746407,0.8960838913917542,0.06627996824681759,Auto,2020-Q2,14,32,0.2978723404255319
TSLA,2020-Q2,"Jul 22, 2020, 6:00 p.m. ET",0.085098035633564,0.018818067386746407,0.8960838913917542,0.06627996824681759,Auto,2020-Q2,14,32,0.2978723404255319
TSLA,2020-Q2,"Jul 22, 2020, 6:00 p.m. ET",0.085098035633564,0.018818067386746407,0.8960838913917542,0.06627996824681759,Auto,2020-Q2,14,32,0.2978723404255319
TSLA,2020-Q2,"Jul 22, 2020, 6:00 p.m. ET",0.085098035633564,0.018818067386746407,0.8960838913917542,0.06627996824681759,Auto,2020-Q2,14,32,0.2978723404255319
TSLA,2020-Q2,"Jul 22, 2020, 6:00 p.m. ET",0.085098035633564,0.018818067386746407,0.8960838913917542,0.06627996824681759,Auto,2020-Q2,14,32,0.2978723404255319
TSLA,2020-Q2,"Jul 22, 2020, 6:00 p.m. ET",0.085098035633564,0.018818067386746407,0.8960838913917542,0.06627996824681759,Auto,2020-Q2,14,32,0.2978723404255319
TSLA,2020-Q2,"Jul 22, 2020, 6:00 p.m. ET",0.085098035633564,0.018818067386746407,0.8960838913917542,0.06627996824681759,Auto,2020-Q2,14,32,0.2978723404255319
TSLA,2020-Q2,"Jul 22, 2020, 6:00 p.m. ET",0.085098035633564,0.018818067386746407,0.8960838913917542,0.06627996824681759,Auto,2020-Q2,14,32,0.2978723404255319
TSLA,2020-Q2,"Jul 22, 2020, 6:00 p.m. ET",0.085098035633564,0.018818067386746407,0.8960838913917542,0.06627996824681759,Auto,2020-Q2,14,32,0.2978723404255319
TSLA,2020-Q2,"Jul 22, 2020, 6:00 p.m. ET",0.085098035633564,0.018818067386746407,0.8960838913917542,0.06627996824681759,Auto,2020-Q2,14,32,0.2978723404255319
JNJ,2021-Q3,"Oct 19, 2021, 8:30 a.m. ET",0.044643428176641464,0.03844389319419861,0.9169126152992249,0.006199534982442856,Healthcare,2021-Q3,41,110,0.26973684210526316
GM,2020-Q4,"Feb 10, 2021, 10:00 a.m. ET",0.1370525062084198,0.013316523283720016,0.8496309518814087,0.12373598292469978,Auto,2020-Q4,33,125,0.20754716981132076
AAPL,2019-Q3,"Jul 30, 2019, 5:00 p.m. ET",0.0870060920715332,0.01680518127977848,0.8961887359619141,0.07020091079175472,Tech,2019-Q3,13,103,0.1111111111111111
F,2020-Q4,"Feb 04, 2021, 5:00 p.m. ET",0.8028507232666016,0.010732535272836685,0.18641677498817444,0.7921181879937649,Auto,2020-Q4,29,52,0.35365853658536583
MRNA,2021-Q1,"May 06, 2021, 8:00 a.m. ET",0.14075466990470886,0.011109570972621441,0.848135769367218,0.12964509893208742,Healthcare,2021-Q1,35,25,0.5737704918032787
MRNA,2021-Q1,"May 06, 2021, 8:00 a.m. ET",0.14075466990470886,0.011109570972621441,0.848135769367218,0.12964509893208742,Healthcare,2021-Q1,35,25,0.5737704918032787
MRNA,2021-Q1,"May 06, 2021, 8:00 a.m. ET",0.14075466990470886,0.011109570972621441,0.848135769367218,0.12964509893208742,Healthcare,2021-Q1,35,25,0.5737704918032787
MRNA,2021-Q1,"May 06, 2021, 8:00 a.m. ET",0.14075466990470886,0.011109570972621441,0.848135769367218,0.12964509893208742,Healthcare,2021-Q1,35,25,0.5737704918032787
MRNA,2021-Q1,"May 06, 2021, 8:00 a.m. ET",0.14075466990470886,0.011109570972621441,0.848135769367218,0.12964509893208742,Healthcare,2021-Q1,35,25,0.5737704918032787
MRNA,2021-Q1,"May 06, 2021, 8:00 a.m. ET",0.14075466990470886,0.011109570972621441,0.848135769367218,0.12964509893208742,Healthcare,2021-Q1,35,25,0.5737704918032787
MRNA,2021-Q1,"May 06, 2021, 8:00 a.m. ET",0.14075466990470886,0.011109570972621441,0.848135769367218,0.12964509893208742,Healthcare,2021-Q1,35,25,0.5737704918032787
MRNA,2021-Q1,"May 06, 2021, 8:00 a.m. ET",0.14075466990470886,0.011109570972621441,0.848135769367218,0.12964509893208742,Healthcare,2021-Q1,35,25,0.5737704918032787
NVDA,2019-Q3,"['NVIDIA Corporation (NASDAQ: NVDAQ3 2019 ', 'Nov. 15, 2018, 5:30 p.m. ET']",0.07974907755851746,0.14526769518852234,0.774983286857605,-0.06551861763000488,Tech,2019-Q3,13,64,0.16666666666666666
NVDA,2019-Q3,"['NVIDIA Corporation (NASDAQ: NVDAQ3 2019 ', 'Nov. 15, 2018, 5:30 p.m. ET']",0.07974907755851746,0.14526769518852234,0.774983286857605,-0.06551861763000488,Tech,2019-Q3,18,80,0.18181818181818182
BLK,2019-Q3,"Oct 15, 2019, 8:30 a.m. ET",0.05066002905368805,0.09984816610813141,0.8494918346405029,-0.04918813705444336,Finance,2019-Q3,50,84,0.37037037037037035
AAPL,2020-Q2,"Apr 30, 2020, 5:00 p.m. ET",0.2375384420156479,0.012087523937225342,0.7503740191459656,0.22545091807842255,Tech,2020-Q2,33,61,0.3473684210526316
AAPL,2020-Q2,"Apr 30, 2020, 5:00 p.m. ET",0.2375384420156479,0.012087523937225342,0.7503740191459656,0.22545091807842255,Tech,2020-Q2,33,61,0.3473684210526316
AAPL,2020-Q2,"Apr 30, 2020, 5:00 p.m. ET",0.2375384420156479,0.012087523937225342,0.7503740191459656,0.22545091807842255,Tech,2020-Q2,33,61,0.3473684210526316
AAPL,2020-Q2,"Apr 30, 2020, 5:00 p.m. ET",0.2375384420156479,0.012087523937225342,0.7503740191459656,0.22545091807842255,Tech,2020-Q2,33,61,0.3473684210526316
AAPL,2020-Q2,"Apr 30, 2020, 5:00 p.m. ET",0.2375384420156479,0.012087523937225342,0.7503740191459656,0.22545091807842255,Tech,2020-Q2,33,61,0.3473684210526316
AAPL,2020-Q2,"Apr 30, 2020, 5:00 p.m. ET",0.2375384420156479,0.012087523937225342,0.7503740191459656,0.22545091807842255,Tech,2020-Q2,33,61,0.3473684210526316
AAPL,2020-Q2,"Apr 30, 2020, 5:00 p.m. ET",0.2375384420156479,0.012087523937225342,0.7503740191459656,0.22545091807842255,Tech,2020-Q2,33,61,0.3473684210526316
AAPL,2020-Q2,"Apr 30, 2020, 5:00 p.m. ET",0.2375384420156479,0.012087523937225342,0.7503740191459656,0.22545091807842255,Tech,2020-Q2,33,61,0.3473684210526316
AAPL,2020-Q2,"Apr 30, 2020, 5:00 p.m. ET",0.2375384420156479,0.012087523937225342,0.7503740191459656,0.22545091807842255,Tech,2020-Q2,33,61,0.3473684210526316
AAPL,2020-Q2,"Apr 30, 2020, 5:00 p.m. ET",0.2375384420156479,0.012087523937225342,0.7503740191459656,0.22545091807842255,Tech,2020-Q2,33,61,0.3473684210526316
AAPL,2020-Q2,"Apr 30, 2020, 5:00 p.m. ET",0.2375384420156479,0.012087523937225342,0.7503740191459656,0.22545091807842255,Tech,2020-Q2,33,61,0.3473684210526316
AAPL,2020-Q2,"Apr 30, 2020, 5:00 p.m. ET",0.2375384420156479,0.012087523937225342,0.7503740191459656,0.22545091807842255,Tech,2020-Q2,33,61,0.3473684210526316
AAPL,2020-Q2,"Apr 30, 2020, 5:00 p.m. ET",0.2375384420156479,0.012087523937225342,0.7503740191459656,0.22545091807842255,Tech,2020-Q2,33,61,0.3473684210526316
AAPL,2020-Q2,"Apr 30, 2020, 5:00 p.m. ET",0.2375384420156479,0.012087523937225342,0.7503740191459656,0.22545091807842255,Tech,2020-Q2,33,61,0.3473684210526316
AAPL,2020-Q2,"Apr 30, 2020, 5:00 p.m. ET",0.2375384420156479,0.012087523937225342,0.7503740191459656,0.22545091807842255,Tech,2020-Q2,33,61,0.3473684210526316
AAPL,2020-Q2,"Apr 30, 2020, 5:00 p.m. ET",0.2375384420156479,0.012087523937225342,0.7503740191459656,0.22545091807842255,Tech,2020-Q2,33,61,0.3473684210526316
AAPL,2020-Q2,"Apr 30, 2020, 5:00 p.m. ET",0.2375384420156479,0.012087523937225342,0.7503740191459656,0.22545091807842255,Tech,2020-Q2,33,61,0.3473684210526316
AAPL,2020-Q2,"Apr 30, 2020, 5:00 p.m. ET",0.2375384420156479,0.012087523937225342,0.7503740191459656,0.22545091807842255,Tech,2020-Q2,33,61,0.3473684210526316
AAPL,2020-Q2,"Apr 30, 2020, 5:00 p.m. ET",0.2375384420156479,0.012087523937225342,0.7503740191459656,0.22545091807842255,Tech,2020-Q2,33,61,0.3473684210526316
AAPL,2020-Q2,"Apr 30, 2020, 5:00 p.m. ET",0.2375384420156479,0.012087523937225342,0.7503740191459656,0.22545091807842255,Tech,2020-Q2,33,61,0.3473684210526316
AAPL,2020-Q2,"Apr 30, 2020, 5:00 p.m. ET",0.2375384420156479,0.012087523937225342,0.7503740191459656,0.22545091807842255,Tech,2020-Q2,33,61,0.3473684210526316
AAPL,2020-Q2,"Apr 30, 2020, 5:00 p.m. ET",0.2375384420156479,0.012087523937225342,0.7503740191459656,0.22545091807842255,Tech,2020-Q2,33,61,0.3473684210526316
AAPL,2020-Q2,"Apr 30, 2020, 5:00 p.m. ET",0.2375384420156479,0.012087523937225342,0.7503740191459656,0.22545091807842255,Tech,2020-Q2,33,61,0.3473684210526316
AAPL,2020-Q2,"Apr 30, 2020, 5:00 p.m. ET",0.2375384420156479,0.012087523937225342,0.7503740191459656,0.22545091807842255,Tech,2020-Q2,33,61,0.3473684210526316
AAPL,2020-Q2,"Apr 30, 2020, 5:00 p.m. ET",0.2375384420156479,0.012087523937225342,0.7503740191459656,0.22545091807842255,Tech,2020-Q2,33,61,0.3473684210526316
GOOGL,2020-Q1,"April 28, 2020, 4:30 p.m. ET",0.08496109396219254,0.014933321624994278,0.9001055955886841,0.07002777233719826,Tech,2020-Q1,38,80,0.31932773109243695
GOOGL,2020-Q1,"April 28, 2020, 4:30 p.m. ET",0.08496109396219254,0.014933321624994278,0.9001055955886841,0.07002777233719826,Tech,2020-Q1,38,80,0.31932773109243695
GOOGL,2020-Q1,"April 28, 2020, 4:30 p.m. ET",0.08496109396219254,0.014933321624994278,0.9001055955886841,0.07002777233719826,Tech,2020-Q1,38,80,0.31932773109243695
GOOGL,2020-Q1,"April 28, 2020, 4:30 p.m. ET",0.08496109396219254,0.014933321624994278,0.9001055955886841,0.07002777233719826,Tech,2020-Q1,38,80,0.31932773109243695
GOOGL,2020-Q1,"April 28, 2020, 4:30 p.m. ET",0.08496109396219254,0.014933321624994278,0.9001055955886841,0.07002777233719826,Tech,2020-Q1,38,80,0.31932773109243695
GOOGL,2020-Q1,"April 28, 2020, 4:30 p.m. ET",0.08496109396219254,0.014933321624994278,0.9001055955886841,0.07002777233719826,Tech,2020-Q1,38,80,0.31932773109243695
GOOGL,2020-Q1,"April 28, 2020, 4:30 p.m. ET",0.08496109396219254,0.014933321624994278,0.9001055955886841,0.07002777233719826,Tech,2020-Q1,38,80,0.31932773109243695
GOOGL,2020-Q1,"April 28, 2020, 4:30 p.m. ET",0.08496109396219254,0.014933321624994278,0.9001055955886841,0.07002777233719826,Tech,2020-Q1,38,80,0.31932773109243695
GOOGL,2020-Q1,"April 28, 2020, 4:30 p.m. ET",0.08496109396219254,0.014933321624994278,0.9001055955886841,0.07002777233719826,Tech,2020-Q1,38,80,0.31932773109243695
GOOGL,2020-Q1,"April 28, 2020, 4:30 p.m. ET",0.08496109396219254,0.014933321624994278,0.9001055955886841,0.07002777233719826,Tech,2020-Q1,38,80,0.31932773109243695
GOOGL,2020-Q1,"April 28, 2020, 4:30 p.m. ET",0.08496109396219254,0.014933321624994278,0.9001055955886841,0.07002777233719826,Tech,2020-Q1,38,80,0.31932773109243695
GOOGL,2020-Q1,"April 28, 2020, 4:30 p.m. ET",0.08496109396219254,0.014933321624994278,0.9001055955886841,0.07002777233719826,Tech,2020-Q1,38,80,0.31932773109243695
GOOGL,2020-Q1,"April 28, 2020, 4:30 p.m. ET",0.08496109396219254,0.014933321624994278,0.9001055955886841,0.07002777233719826,Tech,2020-Q1,38,80,0.31932773109243695
GOOGL,2020-Q1,"April 28, 2020, 4:30 p.m. ET",0.08496109396219254,0.014933321624994278,0.9001055955886841,0.07002777233719826,Tech,2020-Q1,38,80,0.31932773109243695
GOOGL,2020-Q1,"April 28, 2020, 4:30 p.m. ET",0.08496109396219254,0.014933321624994278,0.9001055955886841,0.07002777233719826,Tech,2020-Q1,38,80,0.31932773109243695
TSLA,2021-Q1,"Apr 26, 2021, 5:30 p.m. ET",0.1510339379310608,0.010555521585047245,0.8384105563163757,0.14047841634601355,Auto,2021-Q1,29,27,0.5087719298245614
TSLA,2021-Q1,"Apr 26, 2021, 5:30 p.m. ET",0.1510339379310608,0.010555521585047245,0.8384105563163757,0.14047841634601355,Auto,2021-Q1,29,27,0.5087719298245614
TSLA,2020-Q2,"Jul 22, 2020, 6:00 p.m. ET",0.085098035633564,0.018818067386746407,0.8960838913917542,0.06627996824681759,Auto,2020-Q2,14,32,0.2978723404255319
TSLA,2020-Q2,"Jul 22, 2020, 6:00 p.m. ET",0.085098035633564,0.018818067386746407,0.8960838913917542,0.06627996824681759,Auto,2020-Q2,14,32,0.2978723404255319
TSLA,2020-Q2,"Jul 22, 2020, 6:00 p.m. ET",0.085098035633564,0.018818067386746407,0.8960838913917542,0.06627996824681759,Auto,2020-Q2,14,32,0.2978723404255319
TSLA,2020-Q2,"Jul 22, 2020, 6:00 p.m. ET",0.085098035633564,0.018818067386746407,0.8960838913917542,0.06627996824681759,Auto,2020-Q2,14,32,0.2978723404255319
TSLA,2020-Q2,"Jul 22, 2020, 6:00 p.m. ET",0.085098035633564,0.018818067386746407,0.8960838913917542,0.06627996824681759,Auto,2020-Q2,14,32,0.2978723404255319
TSLA,2020-Q2,"Jul 22, 2020, 6:00 p.m. ET",0.085098035633564,0.018818067386746407,0.8960838913917542,0.06627996824681759,Auto,2020-Q2,14,32,0.2978723404255319
TSLA,2020-Q2,"Jul 22, 2020, 6:00 p.m. ET",0.085098035633564,0.018818067386746407,0.8960838913917542,0.06627996824681759,Auto,2020-Q2,14,32,0.2978723404255319
TSLA,2020-Q2,"Jul 22, 2020, 6:00 p.m. ET",0.085098035633564,0.018818067386746407,0.8960838913917542,0.06627996824681759,Auto,2020-Q2,14,32,0.2978723404255319
TSLA,2020-Q2,"Jul 22, 2020, 6:00 p.m. ET",0.085098035633564,0.018818067386746407,0.8960838913917542,0.06627996824681759,Auto,2020-Q2,14,32,0.2978723404255319
TSLA,2020-Q2,"Jul 22, 2020, 6:00 p.m. ET",0.085098035633564,0.018818067386746407,0.8960838913917542,0.06627996824681759,Auto,2020-Q2,14,32,0.2978723404255319
TSLA,2020-Q2,"Jul 22, 2020, 6:00 p.m. ET",0.085098035633564,0.018818067386746407,0.8960838913917542,0.06627996824681759,Auto,2020-Q2,14,32,0.2978723404255319
TSLA,2020-Q2,"Jul 22, 2020, 6:00 p.m. ET",0.085098035633564,0.018818067386746407,0.8960838913917542,0.06627996824681759,Auto,2020-Q2,14,32,0.2978723404255319
TSLA,2020-Q2,"Jul 22, 2020, 6:00 p.m. ET",0.085098035633564,0.018818067386746407,0.8960838913917542,0.06627996824681759,Auto,2020-Q2,14,32,0.2978723404255319
TSLA,2020-Q2,"Jul 22, 2020, 6:00 p.m. ET",0.085098035633564,0.018818067386746407,0.8960838913917542,0.06627996824681759,Auto,2020-Q2,14,32,0.2978723404255319
TSLA,2020-Q2,"Jul 22, 2020, 6:00 p.m. ET",0.085098035633564,0.018818067386746407,0.8960838913917542,0.06627996824681759,Auto,2020-Q2,14,32,0.2978723404255319
TSLA,2020-Q2,"Jul 22, 2020, 6:00 p.m. ET",0.085098035633564,0.018818067386746407,0.8960838913917542,0.06627996824681759,Auto,2020-Q2,14,32,0.2978723404255319
TSLA,2020-Q2,"Jul 22, 2020, 6:00 p.m. ET",0.085098035633564,0.018818067386746407,0.8960838913917542,0.06627996824681759,Auto,2020-Q2,14,32,0.2978723404255319
TSLA,2020-Q2,"Jul 22, 2020, 6:00 p.m. ET",0.085098035633564,0.018818067386746407,0.8960838913917542,0.06627996824681759,Auto,2020-Q2,14,32,0.2978723404255319
TSLA,2020-Q2,"Jul 22, 2020, 6:00 p.m. ET",0.085098035633564,0.018818067386746407,0.8960838913917542,0.06627996824681759,Auto,2020-Q2,14,32,0.2978723404255319
TSLA,2020-Q2,"Jul 22, 2020, 6:00 p.m. ET",0.085098035633564,0.018818067386746407,0.8960838913917542,0.06627996824681759,Auto,2020-Q2,14,32,0.2978723404255319
TSLA,2020-Q2,"Jul 22, 2020, 6:00 p.m. ET",0.085098035633564,0.018818067386746407,0.8960838913917542,0.06627996824681759,Auto,2020-Q2,14,32,0.2978723404255319
TSLA,2020-Q2,"Jul 22, 2020, 6:00 p.m. ET",0.085098035633564,0.018818067386746407,0.8960838913917542,0.06627996824681759,Auto,2020-Q2,14,32,0.2978723404255319
TSLA,2020-Q2,"Jul 22, 2020, 6:00 p.m. ET",0.085098035633564,0.018818067386746407,0.8960838913917542,0.06627996824681759,Auto,2020-Q2,14,32,0.2978723404255319
TSLA,2020-Q2,"Jul 22, 2020, 6:00 p.m. ET",0.085098035633564,0.018818067386746407,0.8960838913917542,0.06627996824681759,Auto,2020-Q2,14,32,0.2978723404255319
TSLA,2020-Q2,"Jul 22, 2020, 6:00 p.m. ET",0.085098035633564,0.018818067386746407,0.8960838913917542,0.06627996824681759,Auto,2020-Q2,14,32,0.2978723404255319
TSLA,2020-Q2,"Jul 22, 2020, 6:00 p.m. ET",0.085098035633564,0.018818067386746407,0.8960838913917542,0.06627996824681759,Auto,2020-Q2,14,32,0.2978723404255319
TSLA,2020-Q2,"Jul 22, 2020, 6:00 p.m. ET",0.085098035633564,0.018818067386746407,0.8960838913917542,0.06627996824681759,Auto,2020-Q2,14,32,0.2978723404255319
TSLA,2020-Q2,"Jul 22, 2020, 6:00 p.m. ET",0.085098035633564,0.018818067386746407,0.8960838913917542,0.06627996824681759,Auto,2020-Q2,14,32,0.2978723404255319
TSLA,2020-Q2,"Jul 22, 2020, 6:00 p.m. ET",0.085098035633564,0.018818067386746407,0.8960838913917542,0.06627996824681759,Auto,2020-Q2,14,32,0.2978723404255319
TSLA,2020-Q2,"Jul 22, 2020, 6:00 p.m. ET",0.085098035633564,0.018818067386746407,0.8960838913917542,0.06627996824681759,Auto,2020-Q2,14,32,0.2978723404255319
TSLA,2020-Q2,"Jul 22, 2020, 6:00 p.m. ET",0.085098035633564,0.018818067386746407,0.8960838913917542,0.06627996824681759,Auto,2020-Q2,14,32,0.2978723404255319
TSLA,2020-Q2,"Jul 22, 2020, 6:00 p.m. ET",0.085098035633564,0.018818067386746407,0.8960838913917542,0.06627996824681759,Auto,2020-Q2,14,32,0.2978723404255319
DIS,2023-Q1,"Feb 08, 2023, 4:30 p.m. ET",0.21854761242866516,0.011385079473257065,0.7700672745704651,0.2071625329554081,Media,2023-Q1,31,40,0.4305555555555556
DIS,2023-Q1,"Feb 08, 2023, 4:30 p.m. ET",0.21854761242866516,0.011385079473257065,0.7700672745704651,0.2071625329554081,Media,2023-Q1,31,40,0.4305555555555556
DIS,2023-Q1,"Feb 08, 2023, 4:30 p.m. ET",0.21854761242866516,0.011385079473257065,0.7700672745704651,0.2071625329554081,Media,2023-Q1,31,40,0.4305555555555556
DIS,2020-Q3,"Aug 04, 2020, 4:30 p.m. ET",0.028005406260490417,0.08130818605422974,0.8906863927841187,-0.05330277979373932,Media,2020-Q3,32,44,0.4155844155844156
DIS,2020-Q3,"Aug 04, 2020, 4:30 p.m. ET",0.028005406260490417,0.08130818605422974,0.8906863927841187,-0.05330277979373932,Media,2020-Q3,32,44,0.4155844155844156
DIS,2020-Q3,"Aug 04, 2020, 4:30 p.m. ET",0.028005406260490417,0.08130818605422974,0.8906863927841187,-0.05330277979373932,Media,2020-Q3,32,44,0.4155844155844156
DIS,2020-Q3,"Aug 04, 2020, 4:30 p.m. ET",0.028005406260490417,0.08130818605422974,0.8906863927841187,-0.05330277979373932,Media,2020-Q3,32,44,0.4155844155844156
DIS,2020-Q3,"Aug 04, 2020, 4:30 p.m. ET",0.028005406260490417,0.08130818605422974,0.8906863927841187,-0.05330277979373932,Media,2020-Q3,32,44,0.4155844155844156
DIS,2020-Q3,"Aug 04, 2020, 4:30 p.m. ET",0.028005406260490417,0.08130818605422974,0.8906863927841187,-0.05330277979373932,Media,2020-Q3,32,44,0.4155844155844156
DIS,2020-Q3,"Aug 04, 2020, 4:30 p.m. ET",0.028005406260490417,0.08130818605422974,0.8906863927841187,-0.05330277979373932,Media,2020-Q3,32,44,0.4155844155844156
DIS,2020-Q3,"Aug 04, 2020, 4:30 p.m. ET",0.028005406260490417,0.08130818605422974,0.8906863927841187,-0.05330277979373932,Media,2020-Q3,32,44,0.4155844155844156
DIS,2020-Q3,"Aug 04, 2020, 4:30 p.m. ET",0.028005406260490417,0.08130818605422974,0.8906863927841187,-0.05330277979373932,Media,2020-Q3,32,44,0.4155844155844156
DIS,2020-Q3,"Aug 04, 2020, 4:30 p.m. ET",0.028005406260490417,0.08130818605422974,0.8906863927841187,-0.05330277979373932,Media,2020-Q3,32,44,0.4155844155844156
DIS,2020-Q3,"Aug 04, 2020, 4:30 p.m. ET",0.028005406260490417,0.08130818605422974,0.8906863927841187,-0.05330277979373932,Media,2020-Q3,32,44,0.4155844155844156
DIS,2020-Q3,"Aug 04, 2020, 4:30 p.m. ET",0.028005406260490417,0.08130818605422974,0.8906863927841187,-0.05330277979373932,Media,2020-Q3,32,44,0.4155844155844156
DIS,2020-Q3,"Aug 04, 2020, 4:30 p.m. ET",0.028005406260490417,0.08130818605422974,0.8906863927841187,-0.05330277979373932,Media,2020-Q3,32,44,0.4155844155844156
DIS,2020-Q3,"Aug 04, 2020, 4:30 p.m. ET",0.028005406260490417,0.08130818605422974,0.8906863927841187,-0.05330277979373932,Media,2020-Q3,32,44,0.4155844155844156
DIS,2020-Q3,"Aug 04, 2020, 4:30 p.m. ET",0.028005406260490417,0.08130818605422974,0.8906863927841187,-0.05330277979373932,Media,2020-Q3,32,44,0.4155844155844156
DIS,2020-Q3,"Aug 04, 2020, 4:30 p.m. ET",0.028005406260490417,0.08130818605422974,0.8906863927841187,-0.05330277979373932,Media,2020-Q3,32,44,0.4155844155844156
DIS,2020-Q3,"Aug 04, 2020, 4:30 p.m. ET",0.028005406260490417,0.08130818605422974,0.8906863927841187,-0.05330277979373932,Media,2020-Q3,32,44,0.4155844155844156
DIS,2020-Q3,"Aug 04, 2020, 4:30 p.m. ET",0.028005406260490417,0.08130818605422974,0.8906863927841187,-0.05330277979373932,Media,2020-Q3,32,44,0.4155844155844156
DIS,2020-Q3,"Aug 04, 2020, 4:30 p.m. ET",0.028005406260490417,0.08130818605422974,0.8906863927841187,-0.05330277979373932,Media,2020-Q3,32,44,0.4155844155844156
DIS,2020-Q3,"Aug 04, 2020, 4:30 p.m. ET",0.028005406260490417,0.08130818605422974,0.8906863927841187,-0.05330277979373932,Media,2020-Q3,32,44,0.4155844155844156
DIS,2020-Q3,"Aug 04, 2020, 4:30 p.m. ET",0.028005406260490417,0.08130818605422974,0.8906863927841187,-0.05330277979373932,Media,2020-Q3,32,44,0.4155844155844156
DIS,2020-Q3,"Aug 04, 2020, 4:30 p.m. ET",0.028005406260490417,0.08130818605422974,0.8906863927841187,-0.05330277979373932,Media,2020-Q3,32,44,0.4155844155844156
DIS,2020-Q3,"Aug 04, 2020, 4:30 p.m. ET",0.028005406260490417,0.08130818605422974,0.8906863927841187,-0.05330277979373932,Media,2020-Q3,32,44,0.4155844155844156
DIS,2020-Q3,"Aug 04, 2020, 4:30 p.m. ET",0.028005406260490417,0.08130818605422974,0.8906863927841187,-0.05330277979373932,Media,2020-Q3,32,44,0.4155844155844156
DIS,2020-Q3,"Aug 04, 2020, 4:30 p.m. ET",0.028005406260490417,0.08130818605422974,0.8906863927841187,-0.05330277979373932,Media,2020-Q3,32,44,0.4155844155844156
GOOGL,2020-Q1,"April 28, 2020, 4:30 p.m. ET",0.08496109396219254,0.014933321624994278,0.9001055955886841,0.07002777233719826,Tech,2020-Q1,38,80,0.31932773109243695
GOOGL,2020-Q1,"April 28, 2020, 4:30 p.m. ET",0.08496109396219254,0.014933321624994278,0.9001055955886841,0.07002777233719826,Tech,2020-Q1,38,80,0.31932773109243695
GOOGL,2020-Q1,"April 28, 2020, 4:30 p.m. ET",0.08496109396219254,0.014933321624994278,0.9001055955886841,0.07002777233719826,Tech,2020-Q1,38,80,0.31932773109243695
GOOGL,2020-Q1,"April 28, 2020, 4:30 p.m. ET",0.08496109396219254,0.014933321624994278,0.9001055955886841,0.07002777233719826,Tech,2020-Q1,38,80,0.31932773109243695
GOOGL,2020-Q1,"April 28, 2020, 4:30 p.m. ET",0.08496109396219254,0.014933321624994278,0.9001055955886841,0.07002777233719826,Tech,2020-Q1,38,80,0.31932773109243695
GOOGL,2020-Q1,"April 28, 2020, 4:30 p.m. ET",0.08496109396219254,0.014933321624994278,0.9001055955886841,0.07002777233719826,Tech,2020-Q1,38,80,0.31932773109243695
GOOGL,2020-Q1,"April 28, 2020, 4:30 p.m. ET",0.08496109396219254,0.014933321624994278,0.9001055955886841,0.07002777233719826,Tech,2020-Q1,38,80,0.31932773109243695
GOOGL,2020-Q1,"April 28, 2020, 4:30 p.m. ET",0.08496109396219254,0.014933321624994278,0.9001055955886841,0.07002777233719826,Tech,2020-Q1,38,80,0.31932773109243695
GOOGL,2020-Q1,"April 28, 2020, 4:30 p.m. ET",0.08496109396219254,0.014933321624994278,0.9001055955886841,0.07002777233719826,Tech,2020-Q1,38,80,0.31932773109243695
GOOGL,2020-Q1,"April 28, 2020, 4:30 p.m. ET",0.08496109396219254,0.014933321624994278,0.9001055955886841,0.07002777233719826,Tech,2020-Q1,38,80,0.31932773109243695
GOOGL,2020-Q1,"April 28, 2020, 4:30 p.m. ET",0.08496109396219254,0.014933321624994278,0.9001055955886841,0.07002777233719826,Tech,2020-Q1,38,80,0.31932773109243695
GOOGL,2020-Q1,"April 28, 2020, 4:30 p.m. ET",0.08496109396219254,0.014933321624994278,0.9001055955886841,0.07002777233719826,Tech,2020-Q1,38,80,0.31932773109243695
GOOGL,2020-Q1,"April 28, 2020, 4:30 p.m. ET",0.08496109396219254,0.014933321624994278,0.9001055955886841,0.07002777233719826,Tech,2020-Q1,38,80,0.31932773109243695
GOOGL,2020-Q1,"April 28, 2020, 4:30 p.m. ET",0.08496109396219254,0.014933321624994278,0.9001055955886841,0.07002777233719826,Tech,2020-Q1,38,80,0.31932773109243695
GOOGL,2020-Q1,"April 28, 2020, 4:30 p.m. ET",0.08496109396219254,0.014933321624994278,0.9001055955886841,0.07002777233719826,Tech,2020-Q1,38,80,0.31932773109243695
JPM,2020-Q4,"Jan 15, 2021, 8:30 a.m. ET",0.1290784627199173,0.011588015593588352,0.8593335747718811,0.11749044712632895,Finance,2020-Q4,41,98,0.29285714285714287
GOOGL,2021-Q4,"Feb 01, 2022, 5:00 p.m. ET",0.20101289451122284,0.012852774932980537,0.7861343026161194,0.1881601195782423,Tech,2021-Q4,18,85,0.17307692307692307
GOOGL,2021-Q4,"Feb 01, 2022, 5:00 p.m. ET",0.20101289451122284,0.012852774932980537,0.7861343026161194,0.1881601195782423,Tech,2021-Q4,18,85,0.17307692307692307
ABT,2021-Q2,"Jul 22, 2021, 9:00 a.m. ET",0.12998756766319275,0.04268818721175194,0.8273242712020874,0.08729938045144081,Healthcare,2021-Q2,7,108,0.0603448275862069
GOOGL,2021-Q3,"Oct 26, 2021, 4:30 p.m. ET",0.11727912724018097,0.011122782714664936,0.8715981245040894,0.10615634452551603,Tech,2021-Q3,19,80,0.19
GOOGL,2021-Q3,"Oct 26, 2021, 4:30 p.m. ET",0.11727912724018097,0.011122782714664936,0.8715981245040894,0.10615634452551603,Tech,2021-Q3,19,80,0.19
GOOGL,2021-Q3,"Oct 26, 2021, 4:30 p.m. ET",0.11727912724018097,0.011122782714664936,0.8715981245040894,0.10615634452551603,Tech,2021-Q3,19,80,0.19
TSLA,2019-Q4,"Jan 29, 2020, 6:30 p.m. ET",0.40281766653060913,0.008679074235260487,0.5885032415390015,0.39413859229534864,Auto,2019-Q4,11,48,0.18333333333333332
TSLA,2019-Q4,"Jan 29, 2020, 6:30 p.m. ET",0.40281766653060913,0.008679074235260487,0.5885032415390015,0.39413859229534864,Auto,2019-Q4,11,48,0.18333333333333332
AAPL,2020-Q2,"Apr 30, 2020, 5:00 p.m. ET",0.2375384420156479,0.012087523937225342,0.7503740191459656,0.22545091807842255,Tech,2020-Q2,33,61,0.3473684210526316
AAPL,2020-Q2,"Apr 30, 2020, 5:00 p.m. ET",0.2375384420156479,0.012087523937225342,0.7503740191459656,0.22545091807842255,Tech,2020-Q2,33,61,0.3473684210526316
AAPL,2020-Q2,"Apr 30, 2020, 5:00 p.m. ET",0.2375384420156479,0.012087523937225342,0.7503740191459656,0.22545091807842255,Tech,2020-Q2,33,61,0.3473684210526316
AAPL,2020-Q2,"Apr 30, 2020, 5:00 p.m. ET",0.2375384420156479,0.012087523937225342,0.7503740191459656,0.22545091807842255,Tech,2020-Q2,33,61,0.3473684210526316
AAPL,2020-Q2,"Apr 30, 2020, 5:00 p.m. ET",0.2375384420156479,0.012087523937225342,0.7503740191459656,0.22545091807842255,Tech,2020-Q2,33,61,0.3473684210526316
AAPL,2020-Q2,"Apr 30, 2020, 5:00 p.m. ET",0.2375384420156479,0.012087523937225342,0.7503740191459656,0.22545091807842255,Tech,2020-Q2,33,61,0.3473684210526316
AAPL,2020-Q2,"Apr 30, 2020, 5:00 p.m. ET",0.2375384420156479,0.012087523937225342,0.7503740191459656,0.22545091807842255,Tech,2020-Q2,33,61,0.3473684210526316
AAPL,2020-Q2,"Apr 30, 2020, 5:00 p.m. ET",0.2375384420156479,0.012087523937225342,0.7503740191459656,0.22545091807842255,Tech,2020-Q2,33,61,0.3473684210526316
AAPL,2020-Q2,"Apr 30, 2020, 5:00 p.m. ET",0.2375384420156479,0.012087523937225342,0.7503740191459656,0.22545091807842255,Tech,2020-Q2,33,61,0.3473684210526316
AAPL,2020-Q2,"Apr 30, 2020, 5:00 p.m. ET",0.2375384420156479,0.012087523937225342,0.7503740191459656,0.22545091807842255,Tech,2020-Q2,33,61,0.3473684210526316
AAPL,2020-Q2,"Apr 30, 2020, 5:00 p.m. ET",0.2375384420156479,0.012087523937225342,0.7503740191459656,0.22545091807842255,Tech,2020-Q2,33,61,0.3473684210526316
AAPL,2020-Q2,"Apr 30, 2020, 5:00 p.m. ET",0.2375384420156479,0.012087523937225342,0.7503740191459656,0.22545091807842255,Tech,2020-Q2,33,61,0.3473684210526316
AAPL,2020-Q2,"Apr 30, 2020, 5:00 p.m. ET",0.2375384420156479,0.012087523937225342,0.7503740191459656,0.22545091807842255,Tech,2020-Q2,33,61,0.3473684210526316
AAPL,2020-Q2,"Apr 30, 2020, 5:00 p.m. ET",0.2375384420156479,0.012087523937225342,0.7503740191459656,0.22545091807842255,Tech,2020-Q2,33,61,0.3473684210526316
AAPL,2020-Q2,"Apr 30, 2020, 5:00 p.m. ET",0.2375384420156479,0.012087523937225342,0.7503740191459656,0.22545091807842255,Tech,2020-Q2,33,61,0.3473684210526316
AAPL,2020-Q2,"Apr 30, 2020, 5:00 p.m. ET",0.2375384420156479,0.012087523937225342,0.7503740191459656,0.22545091807842255,Tech,2020-Q2,33,61,0.3473684210526316
AAPL,2020-Q2,"Apr 30, 2020, 5:00 p.m. ET",0.2375384420156479,0.012087523937225342,0.7503740191459656,0.22545091807842255,Tech,2020-Q2,33,61,0.3473684210526316
AAPL,2020-Q2,"Apr 30, 2020, 5:00 p.m. ET",0.2375384420156479,0.012087523937225342,0.7503740191459656,0.22545091807842255,Tech,2020-Q2,33,61,0.3473684210526316
AAPL,2020-Q2,"Apr 30, 2020, 5:00 p.m. ET",0.2375384420156479,0.012087523937225342,0.7503740191459656,0.22545091807842255,Tech,2020-Q2,33,61,0.3473684210526316
AAPL,2020-Q2,"Apr 30, 2020, 5:00 p.m. ET",0.2375384420156479,0.012087523937225342,0.7503740191459656,0.22545091807842255,Tech,2020-Q2,33,61,0.3473684210526316
AAPL,2020-Q2,"Apr 30, 2020, 5:00 p.m. ET",0.2375384420156479,0.012087523937225342,0.7503740191459656,0.22545091807842255,Tech,2020-Q2,33,61,0.3473684210526316
AAPL,2020-Q2,"Apr 30, 2020, 5:00 p.m. ET",0.2375384420156479,0.012087523937225342,0.7503740191459656,0.22545091807842255,Tech,2020-Q2,33,61,0.3473684210526316
AAPL,2020-Q2,"Apr 30, 2020, 5:00 p.m. ET",0.2375384420156479,0.012087523937225342,0.7503740191459656,0.22545091807842255,Tech,2020-Q2,33,61,0.3473684210526316
AAPL,2020-Q2,"Apr 30, 2020, 5:00 p.m. ET",0.2375384420156479,0.012087523937225342,0.7503740191459656,0.22545091807842255,Tech,2020-Q2,33,61,0.3473684210526316
AAPL,2020-Q2,"Apr 30, 2020, 5:00 p.m. ET",0.2375384420156479,0.012087523937225342,0.7503740191459656,0.22545091807842255,Tech,2020-Q2,33,61,0.3473684210526316
TSLA,2020-Q2,"Jul 22, 2020, 6:00 p.m. ET",0.085098035633564,0.018818067386746407,0.8960838913917542,0.06627996824681759,Auto,2020-Q2,14,32,0.2978723404255319
TSLA,2020-Q2,"Jul 22, 2020, 6:00 p.m. ET",0.085098035633564,0.018818067386746407,0.8960838913917542,0.06627996824681759,Auto,2020-Q2,14,32,0.2978723404255319
TSLA,2020-Q2,"Jul 22, 2020, 6:00 p.m. ET",0.085098035633564,0.018818067386746407,0.8960838913917542,0.06627996824681759,Auto,2020-Q2,14,32,0.2978723404255319
TSLA,2020-Q2,"Jul 22, 2020, 6:00 p.m. ET",0.085098035633564,0.018818067386746407,0.8960838913917542,0.06627996824681759,Auto,2020-Q2,14,32,0.2978723404255319
TSLA,2020-Q2,"Jul 22, 2020, 6:00 p.m. ET",0.085098035633564,0.018818067386746407,0.8960838913917542,0.06627996824681759,Auto,2020-Q2,14,32,0.2978723404255319
TSLA,2020-Q2,"Jul 22, 2020, 6:00 p.m. ET",0.085098035633564,0.018818067386746407,0.8960838913917542,0.06627996824681759,Auto,2020-Q2,14,32,0.2978723404255319
TSLA,2020-Q2,"Jul 22, 2020, 6:00 p.m. ET",0.085098035633564,0.018818067386746407,0.8960838913917542,0.06627996824681759,Auto,2020-Q2,14,32,0.2978723404255319
TSLA,2020-Q2,"Jul 22, 2020, 6:00 p.m. ET",0.085098035633564,0.018818067386746407,0.8960838913917542,0.06627996824681759,Auto,2020-Q2,14,32,0.2978723404255319
TSLA,2020-Q2,"Jul 22, 2020, 6:00 p.m. ET",0.085098035633564,0.018818067386746407,0.8960838913917542,0.06627996824681759,Auto,2020-Q2,14,32,0.2978723404255319
TSLA,2020-Q2,"Jul 22, 2020, 6:00 p.m. ET",0.085098035633564,0.018818067386746407,0.8960838913917542,0.06627996824681759,Auto,2020-Q2,14,32,0.2978723404255319
TSLA,2020-Q2,"Jul 22, 2020, 6:00 p.m. ET",0.085098035633564,0.018818067386746407,0.8960838913917542,0.06627996824681759,Auto,2020-Q2,14,32,0.2978723404255319
TSLA,2020-Q2,"Jul 22, 2020, 6:00 p.m. ET",0.085098035633564,0.018818067386746407,0.8960838913917542,0.06627996824681759,Auto,2020-Q2,14,32,0.2978723404255319
TSLA,2020-Q2,"Jul 22, 2020, 6:00 p.m. ET",0.085098035633564,0.018818067386746407,0.8960838913917542,0.06627996824681759,Auto,2020-Q2,14,32,0.2978723404255319
TSLA,2020-Q2,"Jul 22, 2020, 6:00 p.m. ET",0.085098035633564,0.018818067386746407,0.8960838913917542,0.06627996824681759,Auto,2020-Q2,14,32,0.2978723404255319
TSLA,2020-Q2,"Jul 22, 2020, 6:00 p.m. ET",0.085098035633564,0.018818067386746407,0.8960838913917542,0.06627996824681759,Auto,2020-Q2,14,32,0.2978723404255319
TSLA,2020-Q2,"Jul 22, 2020, 6:00 p.m. ET",0.085098035633564,0.018818067386746407,0.8960838913917542,0.06627996824681759,Auto,2020-Q2,14,32,0.2978723404255319
TSLA,2020-Q2,"Jul 22, 2020, 6:00 p.m. ET",0.085098035633564,0.018818067386746407,0.8960838913917542,0.06627996824681759,Auto,2020-Q2,14,32,0.2978723404255319
TSLA,2020-Q2,"Jul 22, 2020, 6:00 p.m. ET",0.085098035633564,0.018818067386746407,0.8960838913917542,0.06627996824681759,Auto,2020-Q2,14,32,0.2978723404255319
TSLA,2020-Q2,"Jul 22, 2020, 6:00 p.m. ET",0.085098035633564,0.018818067386746407,0.8960838913917542,0.06627996824681759,Auto,2020-Q2,14,32,0.2978723404255319
TSLA,2020-Q2,"Jul 22, 2020, 6:00 p.m. ET",0.085098035633564,0.018818067386746407,0.8960838913917542,0.06627996824681759,Auto,2020-Q2,14,32,0.2978723404255319
TSLA,2020-Q2,"Jul 22, 2020, 6:00 p.m. ET",0.085098035633564,0.018818067386746407,0.8960838913917542,0.06627996824681759,Auto,2020-Q2,14,32,0.2978723404255319
TSLA,2020-Q2,"Jul 22, 2020, 6:00 p.m. ET",0.085098035633564,0.018818067386746407,0.8960838913917542,0.06627996824681759,Auto,2020-Q2,14,32,0.2978723404255319
TSLA,2020-Q2,"Jul 22, 2020, 6:00 p.m. ET",0.085098035633564,0.018818067386746407,0.8960838913917542,0.06627996824681759,Auto,2020-Q2,14,32,0.2978723404255319
TSLA,2020-Q2,"Jul 22, 2020, 6:00 p.m. ET",0.085098035633564,0.018818067386746407,0.8960838913917542,0.06627996824681759,Auto,2020-Q2,14,32,0.2978723404255319
TSLA,2020-Q2,"Jul 22, 2020, 6:00 p.m. ET",0.085098035633564,0.018818067386746407,0.8960838913917542,0.06627996824681759,Auto,2020-Q2,14,32,0.2978723404255319
TSLA,2020-Q2,"Jul 22, 2020, 6:00 p.m. ET",0.085098035633564,0.018818067386746407,0.8960838913917542,0.06627996824681759,Auto,2020-Q2,14,32,0.2978723404255319
TSLA,2020-Q2,"Jul 22, 2020, 6:00 p.m. ET",0.085098035633564,0.018818067386746407,0.8960838913917542,0.06627996824681759,Auto,2020-Q2,14,32,0.2978723404255319
TSLA,2020-Q2,"Jul 22, 2020, 6:00 p.m. ET",0.085098035633564,0.018818067386746407,0.8960838913917542,0.06627996824681759,Auto,2020-Q2,14,32,0.2978723404255319
TSLA,2020-Q2,"Jul 22, 2020, 6:00 p.m. ET",0.085098035633564,0.018818067386746407,0.8960838913917542,0.06627996824681759,Auto,2020-Q2,14,32,0.2978723404255319
TSLA,2020-Q2,"Jul 22, 2020, 6:00 p.m. ET",0.085098035633564,0.018818067386746407,0.8960838913917542,0.06627996824681759,Auto,2020-Q2,14,32,0.2978723404255319
TSLA,2020-Q2,"Jul 22, 2020, 6:00 p.m. ET",0.085098035633564,0.018818067386746407,0.8960838913917542,0.06627996824681759,Auto,2020-Q2,14,32,0.2978723404255319
TSLA,2020-Q2,"Jul 22, 2020, 6:00 p.m. ET",0.085098035633564,0.018818067386746407,0.8960838913917542,0.06627996824681759,Auto,2020-Q2,14,32,0.2978723404255319
CVX,2020-Q4,"Jan 29, 2021, 11:00 a.m. ET",0.24260525405406952,0.2592450976371765,0.49814972281455994,-0.016639843583106995,Energy,2020-Q4,48,31,0.6
AAPL,2020-Q1,"Jan 28, 2020, 5:00 p.m. ET",0.44424036145210266,0.011321954429149628,0.5444376468658447,0.43291840702295303,Tech,2020-Q1,18,103,0.14754098360655737
AAPL,2020-Q1,"Jan 28, 2020, 5:00 p.m. ET",0.44424036145210266,0.011321954429149628,0.5444376468658447,0.43291840702295303,Tech,2020-Q1,18,103,0.14754098360655737
AAPL,2020-Q1,"Jan 28, 2020, 5:00 p.m. ET",0.44424036145210266,0.011321954429149628,0.5444376468658447,0.43291840702295303,Tech,2020-Q1,18,103,0.14754098360655737
AAPL,2020-Q1,"Jan 28, 2020, 5:00 p.m. ET",0.44424036145210266,0.011321954429149628,0.5444376468658447,0.43291840702295303,Tech,2020-Q1,18,103,0.14754098360655737
AAPL,2020-Q1,"Jan 28, 2020, 5:00 p.m. ET",0.44424036145210266,0.011321954429149628,0.5444376468658447,0.43291840702295303,Tech,2020-Q1,18,103,0.14754098360655737
AAPL,2020-Q1,"Jan 28, 2020, 5:00 p.m. ET",0.44424036145210266,0.011321954429149628,0.5444376468658447,0.43291840702295303,Tech,2020-Q1,18,103,0.14754098360655737
AAPL,2020-Q1,"Jan 28, 2020, 5:00 p.m. ET",0.44424036145210266,0.011321954429149628,0.5444376468658447,0.43291840702295303,Tech,2020-Q1,18,103,0.14754098360655737
AAPL,2020-Q1,"Jan 28, 2020, 5:00 p.m. ET",0.44424036145210266,0.011321954429149628,0.5444376468658447,0.43291840702295303,Tech,2020-Q1,18,103,0.14754098360655737
AAPL,2020-Q1,"Jan 28, 2020, 5:00 p.m. ET",0.44424036145210266,0.011321954429149628,0.5444376468658447,0.43291840702295303,Tech,2020-Q1,18,103,0.14754098360655737
AAPL,2020-Q1,"Jan 28, 2020, 5:00 p.m. ET",0.44424036145210266,0.011321954429149628,0.5444376468658447,0.43291840702295303,Tech,2020-Q1,18,103,0.14754098360655737
AAPL,2020-Q1,"Jan 28, 2020, 5:00 p.m. ET",0.44424036145210266,0.011321954429149628,0.5444376468658447,0.43291840702295303,Tech,2020-Q1,18,103,0.14754098360655737
AAPL,2020-Q1,"Jan 28, 2020, 5:00 p.m. ET",0.44424036145210266,0.011321954429149628,0.5444376468658447,0.43291840702295303,Tech,2020-Q1,18,103,0.14754098360655737
AAPL,2020-Q1,"Jan 28, 2020, 5:00 p.m. ET",0.44424036145210266,0.011321954429149628,0.5444376468658447,0.43291840702295303,Tech,2020-Q1,18,103,0.14754098360655737
AAPL,2020-Q1,"Jan 28, 2020, 5:00 p.m. ET",0.44424036145210266,0.011321954429149628,0.5444376468658447,0.43291840702295303,Tech,2020-Q1,18,103,0.14754098360655737
AAPL,2020-Q1,"Jan 28, 2020, 5:00 p.m. ET",0.44424036145210266,0.011321954429149628,0.5444376468658447,0.43291840702295303,Tech,2020-Q1,18,103,0.14754098360655737
AAPL,2020-Q1,"Jan 28, 2020, 5:00 p.m. ET",0.44424036145210266,0.011321954429149628,0.5444376468658447,0.43291840702295303,Tech,2020-Q1,18,103,0.14754098360655737
AAPL,2020-Q1,"Jan 28, 2020, 5:00 p.m. ET",0.44424036145210266,0.011321954429149628,0.5444376468658447,0.43291840702295303,Tech,2020-Q1,18,103,0.14754098360655737
AAPL,2020-Q1,"Jan 28, 2020, 5:00 p.m. ET",0.44424036145210266,0.011321954429149628,0.5444376468658447,0.43291840702295303,Tech,2020-Q1,18,103,0.14754098360655737
AAPL,2020-Q1,"Jan 28, 2020, 5:00 p.m. ET",0.44424036145210266,0.011321954429149628,0.5444376468658447,0.43291840702295303,Tech,2020-Q1,18,103,0.14754098360655737
AAPL,2020-Q1,"Jan 28, 2020, 5:00 p.m. ET",0.44424036145210266,0.011321954429149628,0.5444376468658447,0.43291840702295303,Tech,2020-Q1,18,103,0.14754098360655737
AAPL,2020-Q1,"Jan 28, 2020, 5:00 p.m. ET",0.44424036145210266,0.011321954429149628,0.5444376468658447,0.43291840702295303,Tech,2020-Q1,18,103,0.14754098360655737
WMT,2022-Q1,"May 18, 2021, 8:00 a.m. ET",0.05862176790833473,0.04051864892244339,0.9008595943450928,0.018103118985891342,Retail,2022-Q1,40,128,0.23668639053254437
AMZN,2020-Q2,"Jul 30, 2020, 5:30 p.m. ET",0.09640108048915863,0.015877222642302513,0.8877217173576355,0.08052385784685612,Tech,2020-Q2,11,54,0.16666666666666666
AMZN,2020-Q2,"Jul 30, 2020, 5:30 p.m. ET",0.09640108048915863,0.015877222642302513,0.8877217173576355,0.08052385784685612,Tech,2020-Q2,11,54,0.16666666666666666
AMZN,2020-Q2,"Jul 30, 2020, 5:30 p.m. ET",0.09640108048915863,0.015877222642302513,0.8877217173576355,0.08052385784685612,Tech,2020-Q2,11,54,0.16666666666666666
AMZN,2020-Q2,"Jul 30, 2020, 5:30 p.m. ET",0.09640108048915863,0.015877222642302513,0.8877217173576355,0.08052385784685612,Tech,2020-Q2,11,54,0.16666666666666666
AMZN,2020-Q2,"Jul 30, 2020, 5:30 p.m. ET",0.09640108048915863,0.015877222642302513,0.8877217173576355,0.08052385784685612,Tech,2020-Q2,11,54,0.16666666666666666
AMZN,2020-Q2,"Jul 30, 2020, 5:30 p.m. ET",0.09640108048915863,0.015877222642302513,0.8877217173576355,0.08052385784685612,Tech,2020-Q2,11,54,0.16666666666666666
AMZN,2020-Q2,"Jul 30, 2020, 5:30 p.m. ET",0.09640108048915863,0.015877222642302513,0.8877217173576355,0.08052385784685612,Tech,2020-Q2,11,54,0.16666666666666666
AMZN,2020-Q2,"Jul 30, 2020, 5:30 p.m. ET",0.09640108048915863,0.015877222642302513,0.8877217173576355,0.08052385784685612,Tech,2020-Q2,11,54,0.16666666666666666
AMZN,2020-Q2,"Jul 30, 2020, 5:30 p.m. ET",0.09640108048915863,0.015877222642302513,0.8877217173576355,0.08052385784685612,Tech,2020-Q2,11,54,0.16666666666666666
AMZN,2020-Q2,"Jul 30, 2020, 5:30 p.m. ET",0.09640108048915863,0.015877222642302513,0.8877217173576355,0.08052385784685612,Tech,2020-Q2,11,54,0.16666666666666666
AMZN,2020-Q2,"Jul 30, 2020, 5:30 p.m. ET",0.09640108048915863,0.015877222642302513,0.8877217173576355,0.08052385784685612,Tech,2020-Q2,11,54,0.16666666666666666
AMZN,2020-Q2,"Jul 30, 2020, 5:30 p.m. ET",0.09640108048915863,0.015877222642302513,0.8877217173576355,0.08052385784685612,Tech,2020-Q2,11,54,0.16666666666666666
AMZN,2020-Q2,"Jul 30, 2020, 5:30 p.m. ET",0.09640108048915863,0.015877222642302513,0.8877217173576355,0.08052385784685612,Tech,2020-Q2,11,54,0.16666666666666666
AMZN,2020-Q2,"Jul 30, 2020, 5:30 p.m. ET",0.09640108048915863,0.015877222642302513,0.8877217173576355,0.08052385784685612,Tech,2020-Q2,11,54,0.16666666666666666
AMZN,2020-Q2,"Jul 30, 2020, 5:30 p.m. ET",0.09640108048915863,0.015877222642302513,0.8877217173576355,0.08052385784685612,Tech,2020-Q2,11,54,0.16666666666666666
AMZN,2020-Q2,"Jul 30, 2020, 5:30 p.m. ET",0.09640108048915863,0.015877222642302513,0.8877217173576355,0.08052385784685612,Tech,2020-Q2,11,54,0.16666666666666666
AMZN,2020-Q2,"Jul 30, 2020, 5:30 p.m. ET",0.09640108048915863,0.015877222642302513,0.8877217173576355,0.08052385784685612,Tech,2020-Q2,11,54,0.16666666666666666
AMZN,2020-Q2,"Jul 30, 2020, 5:30 p.m. ET",0.09640108048915863,0.015877222642302513,0.8877217173576355,0.08052385784685612,Tech,2020-Q2,11,54,0.16666666666666666
AMZN,2020-Q2,"Jul 30, 2020, 5:30 p.m. ET",0.09640108048915863,0.015877222642302513,0.8877217173576355,0.08052385784685612,Tech,2020-Q2,11,54,0.16666666666666666
AMZN,2020-Q2,"Jul 30, 2020, 5:30 p.m. ET",0.09640108048915863,0.015877222642302513,0.8877217173576355,0.08052385784685612,Tech,2020-Q2,11,54,0.16666666666666666
AMZN,2020-Q2,"Jul 30, 2020, 5:30 p.m. ET",0.09640108048915863,0.015877222642302513,0.8877217173576355,0.08052385784685612,Tech,2020-Q2,11,54,0.16666666666666666
AMZN,2020-Q2,"Jul 30, 2020, 5:30 p.m. ET",0.09640108048915863,0.015877222642302513,0.8877217173576355,0.08052385784685612,Tech,2020-Q2,11,54,0.16666666666666666
AMZN,2020-Q2,"Jul 30, 2020, 5:30 p.m. ET",0.09640108048915863,0.015877222642302513,0.8877217173576355,0.08052385784685612,Tech,2020-Q2,11,54,0.16666666666666666
AMZN,2020-Q2,"Jul 30, 2020, 5:30 p.m. ET",0.09640108048915863,0.015877222642302513,0.8877217173576355,0.08052385784685612,Tech,2020-Q2,11,54,0.16666666666666666
AMZN,2020-Q2,"Jul 30, 2020, 5:30 p.m. ET",0.09640108048915863,0.015877222642302513,0.8877217173576355,0.08052385784685612,Tech,2020-Q2,11,54,0.16666666666666666
TSLA,2020-Q2,"Jul 22, 2020, 6:00 p.m. ET",0.085098035633564,0.018818067386746407,0.8960838913917542,0.06627996824681759,Auto,2020-Q2,14,32,0.2978723404255319
TSLA,2020-Q2,"Jul 22, 2020, 6:00 p.m. ET",0.085098035633564,0.018818067386746407,0.8960838913917542,0.06627996824681759,Auto,2020-Q2,14,32,0.2978723404255319
TSLA,2020-Q2,"Jul 22, 2020, 6:00 p.m. ET",0.085098035633564,0.018818067386746407,0.8960838913917542,0.06627996824681759,Auto,2020-Q2,14,32,0.2978723404255319
TSLA,2020-Q2,"Jul 22, 2020, 6:00 p.m. ET",0.085098035633564,0.018818067386746407,0.8960838913917542,0.06627996824681759,Auto,2020-Q2,14,32,0.2978723404255319
TSLA,2020-Q2,"Jul 22, 2020, 6:00 p.m. ET",0.085098035633564,0.018818067386746407,0.8960838913917542,0.06627996824681759,Auto,2020-Q2,14,32,0.2978723404255319
TSLA,2020-Q2,"Jul 22, 2020, 6:00 p.m. ET",0.085098035633564,0.018818067386746407,0.8960838913917542,0.06627996824681759,Auto,2020-Q2,14,32,0.2978723404255319
TSLA,2020-Q2,"Jul 22, 2020, 6:00 p.m. ET",0.085098035633564,0.018818067386746407,0.8960838913917542,0.06627996824681759,Auto,2020-Q2,14,32,0.2978723404255319
TSLA,2020-Q2,"Jul 22, 2020, 6:00 p.m. ET",0.085098035633564,0.018818067386746407,0.8960838913917542,0.06627996824681759,Auto,2020-Q2,14,32,0.2978723404255319
TSLA,2020-Q2,"Jul 22, 2020, 6:00 p.m. ET",0.085098035633564,0.018818067386746407,0.8960838913917542,0.06627996824681759,Auto,2020-Q2,14,32,0.2978723404255319
TSLA,2020-Q2,"Jul 22, 2020, 6:00 p.m. ET",0.085098035633564,0.018818067386746407,0.8960838913917542,0.06627996824681759,Auto,2020-Q2,14,32,0.2978723404255319
TSLA,2020-Q2,"Jul 22, 2020, 6:00 p.m. ET",0.085098035633564,0.018818067386746407,0.8960838913917542,0.06627996824681759,Auto,2020-Q2,14,32,0.2978723404255319
TSLA,2020-Q2,"Jul 22, 2020, 6:00 p.m. ET",0.085098035633564,0.018818067386746407,0.8960838913917542,0.06627996824681759,Auto,2020-Q2,14,32,0.2978723404255319
TSLA,2020-Q2,"Jul 22, 2020, 6:00 p.m. ET",0.085098035633564,0.018818067386746407,0.8960838913917542,0.06627996824681759,Auto,2020-Q2,14,32,0.2978723404255319
TSLA,2020-Q2,"Jul 22, 2020, 6:00 p.m. ET",0.085098035633564,0.018818067386746407,0.8960838913917542,0.06627996824681759,Auto,2020-Q2,14,32,0.2978723404255319
TSLA,2020-Q2,"Jul 22, 2020, 6:00 p.m. ET",0.085098035633564,0.018818067386746407,0.8960838913917542,0.06627996824681759,Auto,2020-Q2,14,32,0.2978723404255319
TSLA,2020-Q2,"Jul 22, 2020, 6:00 p.m. ET",0.085098035633564,0.018818067386746407,0.8960838913917542,0.06627996824681759,Auto,2020-Q2,14,32,0.2978723404255319
TSLA,2020-Q2,"Jul 22, 2020, 6:00 p.m. ET",0.085098035633564,0.018818067386746407,0.8960838913917542,0.06627996824681759,Auto,2020-Q2,14,32,0.2978723404255319
TSLA,2020-Q2,"Jul 22, 2020, 6:00 p.m. ET",0.085098035633564,0.018818067386746407,0.8960838913917542,0.06627996824681759,Auto,2020-Q2,14,32,0.2978723404255319
TSLA,2020-Q2,"Jul 22, 2020, 6:00 p.m. ET",0.085098035633564,0.018818067386746407,0.8960838913917542,0.06627996824681759,Auto,2020-Q2,14,32,0.2978723404255319
TSLA,2020-Q2,"Jul 22, 2020, 6:00 p.m. ET",0.085098035633564,0.018818067386746407,0.8960838913917542,0.06627996824681759,Auto,2020-Q2,14,32,0.2978723404255319
TSLA,2020-Q2,"Jul 22, 2020, 6:00 p.m. ET",0.085098035633564,0.018818067386746407,0.8960838913917542,0.06627996824681759,Auto,2020-Q2,14,32,0.2978723404255319
TSLA,2020-Q2,"Jul 22, 2020, 6:00 p.m. ET",0.085098035633564,0.018818067386746407,0.8960838913917542,0.06627996824681759,Auto,2020-Q2,14,32,0.2978723404255319
TSLA,2020-Q2,"Jul 22, 2020, 6:00 p.m. ET",0.085098035633564,0.018818067386746407,0.8960838913917542,0.06627996824681759,Auto,2020-Q2,14,32,0.2978723404255319
TSLA,2020-Q2,"Jul 22, 2020, 6:00 p.m. ET",0.085098035633564,0.018818067386746407,0.8960838913917542,0.06627996824681759,Auto,2020-Q2,14,32,0.2978723404255319
TSLA,2020-Q2,"Jul 22, 2020, 6:00 p.m. ET",0.085098035633564,0.018818067386746407,0.8960838913917542,0.06627996824681759,Auto,2020-Q2,14,32,0.2978723404255319
TSLA,2020-Q2,"Jul 22, 2020, 6:00 p.m. ET",0.085098035633564,0.018818067386746407,0.8960838913917542,0.06627996824681759,Auto,2020-Q2,14,32,0.2978723404255319
TSLA,2020-Q2,"Jul 22, 2020, 6:00 p.m. ET",0.085098035633564,0.018818067386746407,0.8960838913917542,0.06627996824681759,Auto,2020-Q2,14,32,0.2978723404255319
TSLA,2020-Q2,"Jul 22, 2020, 6:00 p.m. ET",0.085098035633564,0.018818067386746407,0.8960838913917542,0.06627996824681759,Auto,2020-Q2,14,32,0.2978723404255319
TSLA,2020-Q2,"Jul 22, 2020, 6:00 p.m. ET",0.085098035633564,0.018818067386746407,0.8960838913917542,0.06627996824681759,Auto,2020-Q2,14,32,0.2978723404255319
TSLA,2020-Q2,"Jul 22, 2020, 6:00 p.m. ET",0.085098035633564,0.018818067386746407,0.8960838913917542,0.06627996824681759,Auto,2020-Q2,14,32,0.2978723404255319
TSLA,2020-Q2,"Jul 22, 2020, 6:00 p.m. ET",0.085098035633564,0.018818067386746407,0.8960838913917542,0.06627996824681759,Auto,2020-Q2,14,32,0.2978723404255319
TSLA,2020-Q2,"Jul 22, 2020, 6:00 p.m. ET",0.085098035633564,0.018818067386746407,0.8960838913917542,0.06627996824681759,Auto,2020-Q2,14,32,0.2978723404255319
AAPL,2020-Q3,"Jul 30, 2020, 5:00 p.m. ET",0.23028139770030975,0.009190441109240055,0.7605281472206116,0.2210909565910697,Tech,2020-Q3,17,88,0.16037735849056603
AAPL,2020-Q3,"Jul 30, 2020, 5:00 p.m. ET",0.23028139770030975,0.009190441109240055,0.7605281472206116,0.2210909565910697,Tech,2020-Q3,17,88,0.16037735849056603
AAPL,2020-Q3,"Jul 30, 2020, 5:00 p.m. ET",0.23028139770030975,0.009190441109240055,0.7605281472206116,0.2210909565910697,Tech,2020-Q3,17,88,0.16037735849056603
AAPL,2020-Q3,"Jul 30, 2020, 5:00 p.m. ET",0.23028139770030975,0.009190441109240055,0.7605281472206116,0.2210909565910697,Tech,2020-Q3,17,88,0.16037735849056603
AAPL,2020-Q3,"Jul 30, 2020, 5:00 p.m. ET",0.23028139770030975,0.009190441109240055,0.7605281472206116,0.2210909565910697,Tech,2020-Q3,17,88,0.16037735849056603
AMZN,2020-Q2,"Jul 30, 2020, 5:30 p.m. ET",0.09640108048915863,0.015877222642302513,0.8877217173576355,0.08052385784685612,Tech,2020-Q2,11,54,0.16666666666666666
AMZN,2020-Q2,"Jul 30, 2020, 5:30 p.m. ET",0.09640108048915863,0.015877222642302513,0.8877217173576355,0.08052385784685612,Tech,2020-Q2,11,54,0.16666666666666666
AMZN,2020-Q2,"Jul 30, 2020, 5:30 p.m. ET",0.09640108048915863,0.015877222642302513,0.8877217173576355,0.08052385784685612,Tech,2020-Q2,11,54,0.16666666666666666
AMZN,2020-Q2,"Jul 30, 2020, 5:30 p.m. ET",0.09640108048915863,0.015877222642302513,0.8877217173576355,0.08052385784685612,Tech,2020-Q2,11,54,0.16666666666666666
AMZN,2020-Q2,"Jul 30, 2020, 5:30 p.m. ET",0.09640108048915863,0.015877222642302513,0.8877217173576355,0.08052385784685612,Tech,2020-Q2,11,54,0.16666666666666666
AMZN,2020-Q2,"Jul 30, 2020, 5:30 p.m. ET",0.09640108048915863,0.015877222642302513,0.8877217173576355,0.08052385784685612,Tech,2020-Q2,11,54,0.16666666666666666
AMZN,2020-Q2,"Jul 30, 2020, 5:30 p.m. ET",0.09640108048915863,0.015877222642302513,0.8877217173576355,0.08052385784685612,Tech,2020-Q2,11,54,0.16666666666666666
AMZN,2020-Q2,"Jul 30, 2020, 5:30 p.m. ET",0.09640108048915863,0.015877222642302513,0.8877217173576355,0.08052385784685612,Tech,2020-Q2,11,54,0.16666666666666666
AMZN,2020-Q2,"Jul 30, 2020, 5:30 p.m. ET",0.09640108048915863,0.015877222642302513,0.8877217173576355,0.08052385784685612,Tech,2020-Q2,11,54,0.16666666666666666
AMZN,2020-Q2,"Jul 30, 2020, 5:30 p.m. ET",0.09640108048915863,0.015877222642302513,0.8877217173576355,0.08052385784685612,Tech,2020-Q2,11,54,0.16666666666666666
AMZN,2020-Q2,"Jul 30, 2020, 5:30 p.m. ET",0.09640108048915863,0.015877222642302513,0.8877217173576355,0.08052385784685612,Tech,2020-Q2,11,54,0.16666666666666666
AMZN,2020-Q2,"Jul 30, 2020, 5:30 p.m. ET",0.09640108048915863,0.015877222642302513,0.8877217173576355,0.08052385784685612,Tech,2020-Q2,11,54,0.16666666666666666
AMZN,2020-Q2,"Jul 30, 2020, 5:30 p.m. ET",0.09640108048915863,0.015877222642302513,0.8877217173576355,0.08052385784685612,Tech,2020-Q2,11,54,0.16666666666666666
AMZN,2020-Q2,"Jul 30, 2020, 5:30 p.m. ET",0.09640108048915863,0.015877222642302513,0.8877217173576355,0.08052385784685612,Tech,2020-Q2,11,54,0.16666666666666666
AMZN,2020-Q2,"Jul 30, 2020, 5:30 p.m. ET",0.09640108048915863,0.015877222642302513,0.8877217173576355,0.08052385784685612,Tech,2020-Q2,11,54,0.16666666666666666
AMZN,2020-Q2,"Jul 30, 2020, 5:30 p.m. ET",0.09640108048915863,0.015877222642302513,0.8877217173576355,0.08052385784685612,Tech,2020-Q2,11,54,0.16666666666666666
AMZN,2020-Q2,"Jul 30, 2020, 5:30 p.m. ET",0.09640108048915863,0.015877222642302513,0.8877217173576355,0.08052385784685612,Tech,2020-Q2,11,54,0.16666666666666666
AMZN,2020-Q2,"Jul 30, 2020, 5:30 p.m. ET",0.09640108048915863,0.015877222642302513,0.8877217173576355,0.08052385784685612,Tech,2020-Q2,11,54,0.16666666666666666
AMZN,2020-Q2,"Jul 30, 2020, 5:30 p.m. ET",0.09640108048915863,0.015877222642302513,0.8877217173576355,0.08052385784685612,Tech,2020-Q2,11,54,0.16666666666666666
AMZN,2020-Q2,"Jul 30, 2020, 5:30 p.m. ET",0.09640108048915863,0.015877222642302513,0.8877217173576355,0.08052385784685612,Tech,2020-Q2,11,54,0.16666666666666666
AMZN,2020-Q2,"Jul 30, 2020, 5:30 p.m. ET",0.09640108048915863,0.015877222642302513,0.8877217173576355,0.08052385784685612,Tech,2020-Q2,11,54,0.16666666666666666
AMZN,2020-Q2,"Jul 30, 2020, 5:30 p.m. ET",0.09640108048915863,0.015877222642302513,0.8877217173576355,0.08052385784685612,Tech,2020-Q2,11,54,0.16666666666666666
AMZN,2020-Q2,"Jul 30, 2020, 5:30 p.m. ET",0.09640108048915863,0.015877222642302513,0.8877217173576355,0.08052385784685612,Tech,2020-Q2,11,54,0.16666666666666666
AMZN,2020-Q2,"Jul 30, 2020, 5:30 p.m. ET",0.09640108048915863,0.015877222642302513,0.8877217173576355,0.08052385784685612,Tech,2020-Q2,11,54,0.16666666666666666
AMZN,2020-Q2,"Jul 30, 2020, 5:30 p.m. ET",0.09640108048915863,0.015877222642302513,0.8877217173576355,0.08052385784685612,Tech,2020-Q2,11,54,0.16666666666666666
TSLA,2020-Q2,"Jul 22, 2020, 6:00 p.m. ET",0.085098035633564,0.018818067386746407,0.8960838913917542,0.06627996824681759,Auto,2020-Q2,14,32,0.2978723404255319
TSLA,2020-Q2,"Jul 22, 2020, 6:00 p.m. ET",0.085098035633564,0.018818067386746407,0.8960838913917542,0.06627996824681759,Auto,2020-Q2,14,32,0.2978723404255319
TSLA,2020-Q2,"Jul 22, 2020, 6:00 p.m. ET",0.085098035633564,0.018818067386746407,0.8960838913917542,0.06627996824681759,Auto,2020-Q2,14,32,0.2978723404255319
TSLA,2020-Q2,"Jul 22, 2020, 6:00 p.m. ET",0.085098035633564,0.018818067386746407,0.8960838913917542,0.06627996824681759,Auto,2020-Q2,14,32,0.2978723404255319
TSLA,2020-Q2,"Jul 22, 2020, 6:00 p.m. ET",0.085098035633564,0.018818067386746407,0.8960838913917542,0.06627996824681759,Auto,2020-Q2,14,32,0.2978723404255319
TSLA,2020-Q2,"Jul 22, 2020, 6:00 p.m. ET",0.085098035633564,0.018818067386746407,0.8960838913917542,0.06627996824681759,Auto,2020-Q2,14,32,0.2978723404255319
TSLA,2020-Q2,"Jul 22, 2020, 6:00 p.m. ET",0.085098035633564,0.018818067386746407,0.8960838913917542,0.06627996824681759,Auto,2020-Q2,14,32,0.2978723404255319
TSLA,2020-Q2,"Jul 22, 2020, 6:00 p.m. ET",0.085098035633564,0.018818067386746407,0.8960838913917542,0.06627996824681759,Auto,2020-Q2,14,32,0.2978723404255319
TSLA,2020-Q2,"Jul 22, 2020, 6:00 p.m. ET",0.085098035633564,0.018818067386746407,0.8960838913917542,0.06627996824681759,Auto,2020-Q2,14,32,0.2978723404255319
TSLA,2020-Q2,"Jul 22, 2020, 6:00 p.m. ET",0.085098035633564,0.018818067386746407,0.8960838913917542,0.06627996824681759,Auto,2020-Q2,14,32,0.2978723404255319
TSLA,2020-Q2,"Jul 22, 2020, 6:00 p.m. ET",0.085098035633564,0.018818067386746407,0.8960838913917542,0.06627996824681759,Auto,2020-Q2,14,32,0.2978723404255319
TSLA,2020-Q2,"Jul 22, 2020, 6:00 p.m. ET",0.085098035633564,0.018818067386746407,0.8960838913917542,0.06627996824681759,Auto,2020-Q2,14,32,0.2978723404255319
TSLA,2020-Q2,"Jul 22, 2020, 6:00 p.m. ET",0.085098035633564,0.018818067386746407,0.8960838913917542,0.06627996824681759,Auto,2020-Q2,14,32,0.2978723404255319
TSLA,2020-Q2,"Jul 22, 2020, 6:00 p.m. ET",0.085098035633564,0.018818067386746407,0.8960838913917542,0.06627996824681759,Auto,2020-Q2,14,32,0.2978723404255319
TSLA,2020-Q2,"Jul 22, 2020, 6:00 p.m. ET",0.085098035633564,0.018818067386746407,0.8960838913917542,0.06627996824681759,Auto,2020-Q2,14,32,0.2978723404255319
TSLA,2020-Q2,"Jul 22, 2020, 6:00 p.m. ET",0.085098035633564,0.018818067386746407,0.8960838913917542,0.06627996824681759,Auto,2020-Q2,14,32,0.2978723404255319
TSLA,2020-Q2,"Jul 22, 2020, 6:00 p.m. ET",0.085098035633564,0.018818067386746407,0.8960838913917542,0.06627996824681759,Auto,2020-Q2,14,32,0.2978723404255319
TSLA,2020-Q2,"Jul 22, 2020, 6:00 p.m. ET",0.085098035633564,0.018818067386746407,0.8960838913917542,0.06627996824681759,Auto,2020-Q2,14,32,0.2978723404255319
TSLA,2020-Q2,"Jul 22, 2020, 6:00 p.m. ET",0.085098035633564,0.018818067386746407,0.8960838913917542,0.06627996824681759,Auto,2020-Q2,14,32,0.2978723404255319
TSLA,2020-Q2,"Jul 22, 2020, 6:00 p.m. ET",0.085098035633564,0.018818067386746407,0.8960838913917542,0.06627996824681759,Auto,2020-Q2,14,32,0.2978723404255319
TSLA,2020-Q2,"Jul 22, 2020, 6:00 p.m. ET",0.085098035633564,0.018818067386746407,0.8960838913917542,0.06627996824681759,Auto,2020-Q2,14,32,0.2978723404255319
TSLA,2020-Q2,"Jul 22, 2020, 6:00 p.m. ET",0.085098035633564,0.018818067386746407,0.8960838913917542,0.06627996824681759,Auto,2020-Q2,14,32,0.2978723404255319
TSLA,2020-Q2,"Jul 22, 2020, 6:00 p.m. ET",0.085098035633564,0.018818067386746407,0.8960838913917542,0.06627996824681759,Auto,2020-Q2,14,32,0.2978723404255319
TSLA,2020-Q2,"Jul 22, 2020, 6:00 p.m. ET",0.085098035633564,0.018818067386746407,0.8960838913917542,0.06627996824681759,Auto,2020-Q2,14,32,0.2978723404255319
TSLA,2020-Q2,"Jul 22, 2020, 6:00 p.m. ET",0.085098035633564,0.018818067386746407,0.8960838913917542,0.06627996824681759,Auto,2020-Q2,14,32,0.2978723404255319
TSLA,2020-Q2,"Jul 22, 2020, 6:00 p.m. ET",0.085098035633564,0.018818067386746407,0.8960838913917542,0.06627996824681759,Auto,2020-Q2,14,32,0.2978723404255319
TSLA,2020-Q2,"Jul 22, 2020, 6:00 p.m. ET",0.085098035633564,0.018818067386746407,0.8960838913917542,0.06627996824681759,Auto,2020-Q2,14,32,0.2978723404255319
TSLA,2020-Q2,"Jul 22, 2020, 6:00 p.m. ET",0.085098035633564,0.018818067386746407,0.8960838913917542,0.06627996824681759,Auto,2020-Q2,14,32,0.2978723404255319
TSLA,2020-Q2,"Jul 22, 2020, 6:00 p.m. ET",0.085098035633564,0.018818067386746407,0.8960838913917542,0.06627996824681759,Auto,2020-Q2,14,32,0.2978723404255319
TSLA,2020-Q2,"Jul 22, 2020, 6:00 p.m. ET",0.085098035633564,0.018818067386746407,0.8960838913917542,0.06627996824681759,Auto,2020-Q2,14,32,0.2978723404255319
TSLA,2020-Q2,"Jul 22, 2020, 6:00 p.m. ET",0.085098035633564,0.018818067386746407,0.8960838913917542,0.06627996824681759,Auto,2020-Q2,14,32,0.2978723404255319
TSLA,2020-Q2,"Jul 22, 2020, 6:00 p.m. ET",0.085098035633564,0.018818067386746407,0.8960838913917542,0.06627996824681759,Auto,2020-Q2,14,32,0.2978723404255319
ABT,2021-Q1,"Apr 20, 2021, 9:30 a.m. ET",0.23362082242965698,0.011866064742207527,0.7545130848884583,0.22175475768744946,Healthcare,2021-Q1,16,133,0.10666666666666667
TSLA,2020-Q2,"Jul 22, 2020, 6:00 p.m. ET",0.085098035633564,0.018818067386746407,0.8960838913917542,0.06627996824681759,Auto,2020-Q2,14,32,0.2978723404255319
TSLA,2020-Q2,"Jul 22, 2020, 6:00 p.m. ET",0.085098035633564,0.018818067386746407,0.8960838913917542,0.06627996824681759,Auto,2020-Q2,14,32,0.2978723404255319
TSLA,2020-Q2,"Jul 22, 2020, 6:00 p.m. ET",0.085098035633564,0.018818067386746407,0.8960838913917542,0.06627996824681759,Auto,2020-Q2,14,32,0.2978723404255319
TSLA,2020-Q2,"Jul 22, 2020, 6:00 p.m. ET",0.085098035633564,0.018818067386746407,0.8960838913917542,0.06627996824681759,Auto,2020-Q2,14,32,0.2978723404255319
TSLA,2020-Q2,"Jul 22, 2020, 6:00 p.m. ET",0.085098035633564,0.018818067386746407,0.8960838913917542,0.06627996824681759,Auto,2020-Q2,14,32,0.2978723404255319
TSLA,2020-Q2,"Jul 22, 2020, 6:00 p.m. ET",0.085098035633564,0.018818067386746407,0.8960838913917542,0.06627996824681759,Auto,2020-Q2,14,32,0.2978723404255319
TSLA,2020-Q2,"Jul 22, 2020, 6:00 p.m. ET",0.085098035633564,0.018818067386746407,0.8960838913917542,0.06627996824681759,Auto,2020-Q2,14,32,0.2978723404255319
TSLA,2020-Q2,"Jul 22, 2020, 6:00 p.m. ET",0.085098035633564,0.018818067386746407,0.8960838913917542,0.06627996824681759,Auto,2020-Q2,14,32,0.2978723404255319
TSLA,2020-Q2,"Jul 22, 2020, 6:00 p.m. ET",0.085098035633564,0.018818067386746407,0.8960838913917542,0.06627996824681759,Auto,2020-Q2,14,32,0.2978723404255319
TSLA,2020-Q2,"Jul 22, 2020, 6:00 p.m. ET",0.085098035633564,0.018818067386746407,0.8960838913917542,0.06627996824681759,Auto,2020-Q2,14,32,0.2978723404255319
TSLA,2020-Q2,"Jul 22, 2020, 6:00 p.m. ET",0.085098035633564,0.018818067386746407,0.8960838913917542,0.06627996824681759,Auto,2020-Q2,14,32,0.2978723404255319
TSLA,2020-Q2,"Jul 22, 2020, 6:00 p.m. ET",0.085098035633564,0.018818067386746407,0.8960838913917542,0.06627996824681759,Auto,2020-Q2,14,32,0.2978723404255319
TSLA,2020-Q2,"Jul 22, 2020, 6:00 p.m. ET",0.085098035633564,0.018818067386746407,0.8960838913917542,0.06627996824681759,Auto,2020-Q2,14,32,0.2978723404255319
TSLA,2020-Q2,"Jul 22, 2020, 6:00 p.m. ET",0.085098035633564,0.018818067386746407,0.8960838913917542,0.06627996824681759,Auto,2020-Q2,14,32,0.2978723404255319
TSLA,2020-Q2,"Jul 22, 2020, 6:00 p.m. ET",0.085098035633564,0.018818067386746407,0.8960838913917542,0.06627996824681759,Auto,2020-Q2,14,32,0.2978723404255319
TSLA,2020-Q2,"Jul 22, 2020, 6:00 p.m. ET",0.085098035633564,0.018818067386746407,0.8960838913917542,0.06627996824681759,Auto,2020-Q2,14,32,0.2978723404255319
TSLA,2020-Q2,"Jul 22, 2020, 6:00 p.m. ET",0.085098035633564,0.018818067386746407,0.8960838913917542,0.06627996824681759,Auto,2020-Q2,14,32,0.2978723404255319
TSLA,2020-Q2,"Jul 22, 2020, 6:00 p.m. ET",0.085098035633564,0.018818067386746407,0.8960838913917542,0.06627996824681759,Auto,2020-Q2,14,32,0.2978723404255319
TSLA,2020-Q2,"Jul 22, 2020, 6:00 p.m. ET",0.085098035633564,0.018818067386746407,0.8960838913917542,0.06627996824681759,Auto,2020-Q2,14,32,0.2978723404255319
TSLA,2020-Q2,"Jul 22, 2020, 6:00 p.m. ET",0.085098035633564,0.018818067386746407,0.8960838913917542,0.06627996824681759,Auto,2020-Q2,14,32,0.2978723404255319
TSLA,2020-Q2,"Jul 22, 2020, 6:00 p.m. ET",0.085098035633564,0.018818067386746407,0.8960838913917542,0.06627996824681759,Auto,2020-Q2,14,32,0.2978723404255319
TSLA,2020-Q2,"Jul 22, 2020, 6:00 p.m. ET",0.085098035633564,0.018818067386746407,0.8960838913917542,0.06627996824681759,Auto,2020-Q2,14,32,0.2978723404255319
TSLA,2020-Q2,"Jul 22, 2020, 6:00 p.m. ET",0.085098035633564,0.018818067386746407,0.8960838913917542,0.06627996824681759,Auto,2020-Q2,14,32,0.2978723404255319
TSLA,2020-Q2,"Jul 22, 2020, 6:00 p.m. ET",0.085098035633564,0.018818067386746407,0.8960838913917542,0.06627996824681759,Auto,2020-Q2,14,32,0.2978723404255319
TSLA,2020-Q2,"Jul 22, 2020, 6:00 p.m. ET",0.085098035633564,0.018818067386746407,0.8960838913917542,0.06627996824681759,Auto,2020-Q2,14,32,0.2978723404255319
TSLA,2020-Q2,"Jul 22, 2020, 6:00 p.m. ET",0.085098035633564,0.018818067386746407,0.8960838913917542,0.06627996824681759,Auto,2020-Q2,14,32,0.2978723404255319
TSLA,2020-Q2,"Jul 22, 2020, 6:00 p.m. ET",0.085098035633564,0.018818067386746407,0.8960838913917542,0.06627996824681759,Auto,2020-Q2,14,32,0.2978723404255319
TSLA,2020-Q2,"Jul 22, 2020, 6:00 p.m. ET",0.085098035633564,0.018818067386746407,0.8960838913917542,0.06627996824681759,Auto,2020-Q2,14,32,0.2978723404255319
TSLA,2020-Q2,"Jul 22, 2020, 6:00 p.m. ET",0.085098035633564,0.018818067386746407,0.8960838913917542,0.06627996824681759,Auto,2020-Q2,14,32,0.2978723404255319
TSLA,2020-Q2,"Jul 22, 2020, 6:00 p.m. ET",0.085098035633564,0.018818067386746407,0.8960838913917542,0.06627996824681759,Auto,2020-Q2,14,32,0.2978723404255319
TSLA,2020-Q2,"Jul 22, 2020, 6:00 p.m. ET",0.085098035633564,0.018818067386746407,0.8960838913917542,0.06627996824681759,Auto,2020-Q2,14,32,0.2978723404255319
TSLA,2020-Q2,"Jul 22, 2020, 6:00 p.m. ET",0.085098035633564,0.018818067386746407,0.8960838913917542,0.06627996824681759,Auto,2020-Q2,14,32,0.2978723404255319
MRNA,2022-Q2,"Aug 03, 2022, 8:00 a.m. ET",0.09995166212320328,0.014598719775676727,0.8854495882987976,0.08535294234752655,Healthcare,2022-Q2,19,38,0.3275862068965517
MRNA,2022-Q2,"Aug 03, 2022, 8:00 a.m. ET",0.09995166212320328,0.014598719775676727,0.8854495882987976,0.08535294234752655,Healthcare,2022-Q2,19,38,0.3275862068965517
DIS,2019-Q4,"Nov 7, 2019, 4:30 p.m. ET",0.07617749273777008,0.015107178129255772,0.9087153077125549,0.06107031460851431,Media,2019-Q4,18,35,0.3333333333333333
GOOGL,2020-Q4,"Feb 2, 2021, 5:00 p.m. ET",0.16166003048419952,0.011462821625173092,0.8268771767616272,0.15019720885902643,Tech,2020-Q4,19,75,0.2
GOOGL,2020-Q4,"Feb 2, 2021, 5:00 p.m. ET",0.16166003048419952,0.011462821625173092,0.8268771767616272,0.15019720885902643,Tech,2020-Q4,19,75,0.2
GOOGL,2020-Q4,"Feb 2, 2021, 5:00 p.m. ET",0.16166003048419952,0.011462821625173092,0.8268771767616272,0.15019720885902643,Tech,2020-Q4,19,75,0.2
GOOGL,2020-Q4,"Feb 2, 2021, 5:00 p.m. ET",0.16166003048419952,0.011462821625173092,0.8268771767616272,0.15019720885902643,Tech,2020-Q4,19,75,0.2
GOOGL,2020-Q4,"Feb 2, 2021, 5:00 p.m. ET",0.16166003048419952,0.011462821625173092,0.8268771767616272,0.15019720885902643,Tech,2020-Q4,19,75,0.2
GOOGL,2020-Q4,"Feb 2, 2021, 5:00 p.m. ET",0.16166003048419952,0.011462821625173092,0.8268771767616272,0.15019720885902643,Tech,2020-Q4,19,75,0.2
GOOGL,2020-Q4,"Feb 2, 2021, 5:00 p.m. ET",0.16166003048419952,0.011462821625173092,0.8268771767616272,0.15019720885902643,Tech,2020-Q4,19,75,0.2
GOOGL,2020-Q4,"Feb 2, 2021, 5:00 p.m. ET",0.16166003048419952,0.011462821625173092,0.8268771767616272,0.15019720885902643,Tech,2020-Q4,19,75,0.2
GOOGL,2020-Q4,"Feb 2, 2021, 5:00 p.m. ET",0.16166003048419952,0.011462821625173092,0.8268771767616272,0.15019720885902643,Tech,2020-Q4,19,75,0.2
GOOGL,2020-Q4,"Feb 2, 2021, 5:00 p.m. ET",0.16166003048419952,0.011462821625173092,0.8268771767616272,0.15019720885902643,Tech,2020-Q4,19,75,0.2
TSLA,2020-Q2,"Jul 22, 2020, 6:00 p.m. ET",0.085098035633564,0.018818067386746407,0.8960838913917542,0.06627996824681759,Auto,2020-Q2,14,32,0.2978723404255319
TSLA,2020-Q2,"Jul 22, 2020, 6:00 p.m. ET",0.085098035633564,0.018818067386746407,0.8960838913917542,0.06627996824681759,Auto,2020-Q2,14,32,0.2978723404255319
TSLA,2020-Q2,"Jul 22, 2020, 6:00 p.m. ET",0.085098035633564,0.018818067386746407,0.8960838913917542,0.06627996824681759,Auto,2020-Q2,14,32,0.2978723404255319
TSLA,2020-Q2,"Jul 22, 2020, 6:00 p.m. ET",0.085098035633564,0.018818067386746407,0.8960838913917542,0.06627996824681759,Auto,2020-Q2,14,32,0.2978723404255319
TSLA,2020-Q2,"Jul 22, 2020, 6:00 p.m. ET",0.085098035633564,0.018818067386746407,0.8960838913917542,0.06627996824681759,Auto,2020-Q2,14,32,0.2978723404255319
TSLA,2020-Q2,"Jul 22, 2020, 6:00 p.m. ET",0.085098035633564,0.018818067386746407,0.8960838913917542,0.06627996824681759,Auto,2020-Q2,14,32,0.2978723404255319
TSLA,2020-Q2,"Jul 22, 2020, 6:00 p.m. ET",0.085098035633564,0.018818067386746407,0.8960838913917542,0.06627996824681759,Auto,2020-Q2,14,32,0.2978723404255319
TSLA,2020-Q2,"Jul 22, 2020, 6:00 p.m. ET",0.085098035633564,0.018818067386746407,0.8960838913917542,0.06627996824681759,Auto,2020-Q2,14,32,0.2978723404255319
TSLA,2020-Q2,"Jul 22, 2020, 6:00 p.m. ET",0.085098035633564,0.018818067386746407,0.8960838913917542,0.06627996824681759,Auto,2020-Q2,14,32,0.2978723404255319
TSLA,2020-Q2,"Jul 22, 2020, 6:00 p.m. ET",0.085098035633564,0.018818067386746407,0.8960838913917542,0.06627996824681759,Auto,2020-Q2,14,32,0.2978723404255319
TSLA,2020-Q2,"Jul 22, 2020, 6:00 p.m. ET",0.085098035633564,0.018818067386746407,0.8960838913917542,0.06627996824681759,Auto,2020-Q2,14,32,0.2978723404255319
TSLA,2020-Q2,"Jul 22, 2020, 6:00 p.m. ET",0.085098035633564,0.018818067386746407,0.8960838913917542,0.06627996824681759,Auto,2020-Q2,14,32,0.2978723404255319
TSLA,2020-Q2,"Jul 22, 2020, 6:00 p.m. ET",0.085098035633564,0.018818067386746407,0.8960838913917542,0.06627996824681759,Auto,2020-Q2,14,32,0.2978723404255319
TSLA,2020-Q2,"Jul 22, 2020, 6:00 p.m. ET",0.085098035633564,0.018818067386746407,0.8960838913917542,0.06627996824681759,Auto,2020-Q2,14,32,0.2978723404255319
TSLA,2020-Q2,"Jul 22, 2020, 6:00 p.m. ET",0.085098035633564,0.018818067386746407,0.8960838913917542,0.06627996824681759,Auto,2020-Q2,14,32,0.2978723404255319
TSLA,2020-Q2,"Jul 22, 2020, 6:00 p.m. ET",0.085098035633564,0.018818067386746407,0.8960838913917542,0.06627996824681759,Auto,2020-Q2,14,32,0.2978723404255319
TSLA,2020-Q2,"Jul 22, 2020, 6:00 p.m. ET",0.085098035633564,0.018818067386746407,0.8960838913917542,0.06627996824681759,Auto,2020-Q2,14,32,0.2978723404255319
TSLA,2020-Q2,"Jul 22, 2020, 6:00 p.m. ET",0.085098035633564,0.018818067386746407,0.8960838913917542,0.06627996824681759,Auto,2020-Q2,14,32,0.2978723404255319
TSLA,2020-Q2,"Jul 22, 2020, 6:00 p.m. ET",0.085098035633564,0.018818067386746407,0.8960838913917542,0.06627996824681759,Auto,2020-Q2,14,32,0.2978723404255319
TSLA,2020-Q2,"Jul 22, 2020, 6:00 p.m. ET",0.085098035633564,0.018818067386746407,0.8960838913917542,0.06627996824681759,Auto,2020-Q2,14,32,0.2978723404255319
TSLA,2020-Q2,"Jul 22, 2020, 6:00 p.m. ET",0.085098035633564,0.018818067386746407,0.8960838913917542,0.06627996824681759,Auto,2020-Q2,14,32,0.2978723404255319
TSLA,2020-Q2,"Jul 22, 2020, 6:00 p.m. ET",0.085098035633564,0.018818067386746407,0.8960838913917542,0.06627996824681759,Auto,2020-Q2,14,32,0.2978723404255319
TSLA,2020-Q2,"Jul 22, 2020, 6:00 p.m. ET",0.085098035633564,0.018818067386746407,0.8960838913917542,0.06627996824681759,Auto,2020-Q2,14,32,0.2978723404255319
TSLA,2020-Q2,"Jul 22, 2020, 6:00 p.m. ET",0.085098035633564,0.018818067386746407,0.8960838913917542,0.06627996824681759,Auto,2020-Q2,14,32,0.2978723404255319
TSLA,2020-Q2,"Jul 22, 2020, 6:00 p.m. ET",0.085098035633564,0.018818067386746407,0.8960838913917542,0.06627996824681759,Auto,2020-Q2,14,32,0.2978723404255319
TSLA,2020-Q2,"Jul 22, 2020, 6:00 p.m. ET",0.085098035633564,0.018818067386746407,0.8960838913917542,0.06627996824681759,Auto,2020-Q2,14,32,0.2978723404255319
TSLA,2020-Q2,"Jul 22, 2020, 6:00 p.m. ET",0.085098035633564,0.018818067386746407,0.8960838913917542,0.06627996824681759,Auto,2020-Q2,14,32,0.2978723404255319
TSLA,2020-Q2,"Jul 22, 2020, 6:00 p.m. ET",0.085098035633564,0.018818067386746407,0.8960838913917542,0.06627996824681759,Auto,2020-Q2,14,32,0.2978723404255319
TSLA,2020-Q2,"Jul 22, 2020, 6:00 p.m. ET",0.085098035633564,0.018818067386746407,0.8960838913917542,0.06627996824681759,Auto,2020-Q2,14,32,0.2978723404255319
TSLA,2020-Q2,"Jul 22, 2020, 6:00 p.m. ET",0.085098035633564,0.018818067386746407,0.8960838913917542,0.06627996824681759,Auto,2020-Q2,14,32,0.2978723404255319
TSLA,2020-Q2,"Jul 22, 2020, 6:00 p.m. ET",0.085098035633564,0.018818067386746407,0.8960838913917542,0.06627996824681759,Auto,2020-Q2,14,32,0.2978723404255319
TSLA,2020-Q2,"Jul 22, 2020, 6:00 p.m. ET",0.085098035633564,0.018818067386746407,0.8960838913917542,0.06627996824681759,Auto,2020-Q2,14,32,0.2978723404255319
WMT,2023-Q3,"Nov 15, 2022, 8:00 a.m. ET",0.07982960343360901,0.019016725942492485,0.9011536836624146,0.060812877491116524,Retail,2023-Q3,84,118,0.41379310344827586
WMT,2023-Q3,"Nov 15, 2022, 8:00 a.m. ET",0.07982960343360901,0.019016725942492485,0.9011536836624146,0.060812877491116524,Retail,2023-Q3,84,118,0.41379310344827586
WMT,2023-Q3,"Nov 15, 2022, 8:00 a.m. ET",0.07982960343360901,0.019016725942492485,0.9011536836624146,0.060812877491116524,Retail,2023-Q3,84,118,0.41379310344827586
MRNA,2021-Q1,"May 06, 2021, 8:00 a.m. ET",0.14075466990470886,0.011109570972621441,0.848135769367218,0.12964509893208742,Healthcare,2021-Q1,35,25,0.5737704918032787
MRNA,2021-Q1,"May 06, 2021, 8:00 a.m. ET",0.14075466990470886,0.011109570972621441,0.848135769367218,0.12964509893208742,Healthcare,2021-Q1,35,25,0.5737704918032787
MRNA,2021-Q1,"May 06, 2021, 8:00 a.m. ET",0.14075466990470886,0.011109570972621441,0.848135769367218,0.12964509893208742,Healthcare,2021-Q1,35,25,0.5737704918032787
MRNA,2021-Q1,"May 06, 2021, 8:00 a.m. ET",0.14075466990470886,0.011109570972621441,0.848135769367218,0.12964509893208742,Healthcare,2021-Q1,35,25,0.5737704918032787
MRNA,2021-Q1,"May 06, 2021, 8:00 a.m. ET",0.14075466990470886,0.011109570972621441,0.848135769367218,0.12964509893208742,Healthcare,2021-Q1,35,25,0.5737704918032787
MRNA,2021-Q1,"May 06, 2021, 8:00 a.m. ET",0.14075466990470886,0.011109570972621441,0.848135769367218,0.12964509893208742,Healthcare,2021-Q1,35,25,0.5737704918032787
MRNA,2021-Q1,"May 06, 2021, 8:00 a.m. ET",0.14075466990470886,0.011109570972621441,0.848135769367218,0.12964509893208742,Healthcare,2021-Q1,35,25,0.5737704918032787
MRNA,2021-Q1,"May 06, 2021, 8:00 a.m. ET",0.14075466990470886,0.011109570972621441,0.848135769367218,0.12964509893208742,Healthcare,2021-Q1,35,25,0.5737704918032787
AMZN,2020-Q2,"Jul 30, 2020, 5:30 p.m. ET",0.09640108048915863,0.015877222642302513,0.8877217173576355,0.08052385784685612,Tech,2020-Q2,11,54,0.16666666666666666
AMZN,2020-Q2,"Jul 30, 2020, 5:30 p.m. ET",0.09640108048915863,0.015877222642302513,0.8877217173576355,0.08052385784685612,Tech,2020-Q2,11,54,0.16666666666666666
AMZN,2020-Q2,"Jul 30, 2020, 5:30 p.m. ET",0.09640108048915863,0.015877222642302513,0.8877217173576355,0.08052385784685612,Tech,2020-Q2,11,54,0.16666666666666666
AMZN,2020-Q2,"Jul 30, 2020, 5:30 p.m. ET",0.09640108048915863,0.015877222642302513,0.8877217173576355,0.08052385784685612,Tech,2020-Q2,11,54,0.16666666666666666
AMZN,2020-Q2,"Jul 30, 2020, 5:30 p.m. ET",0.09640108048915863,0.015877222642302513,0.8877217173576355,0.08052385784685612,Tech,2020-Q2,11,54,0.16666666666666666
AMZN,2020-Q2,"Jul 30, 2020, 5:30 p.m. ET",0.09640108048915863,0.015877222642302513,0.8877217173576355,0.08052385784685612,Tech,2020-Q2,11,54,0.16666666666666666
AMZN,2020-Q2,"Jul 30, 2020, 5:30 p.m. ET",0.09640108048915863,0.015877222642302513,0.8877217173576355,0.08052385784685612,Tech,2020-Q2,11,54,0.16666666666666666
AMZN,2020-Q2,"Jul 30, 2020, 5:30 p.m. ET",0.09640108048915863,0.015877222642302513,0.8877217173576355,0.08052385784685612,Tech,2020-Q2,11,54,0.16666666666666666
AMZN,2020-Q2,"Jul 30, 2020, 5:30 p.m. ET",0.09640108048915863,0.015877222642302513,0.8877217173576355,0.08052385784685612,Tech,2020-Q2,11,54,0.16666666666666666
AMZN,2020-Q2,"Jul 30, 2020, 5:30 p.m. ET",0.09640108048915863,0.015877222642302513,0.8877217173576355,0.08052385784685612,Tech,2020-Q2,11,54,0.16666666666666666
AMZN,2020-Q2,"Jul 30, 2020, 5:30 p.m. ET",0.09640108048915863,0.015877222642302513,0.8877217173576355,0.08052385784685612,Tech,2020-Q2,11,54,0.16666666666666666
AMZN,2020-Q2,"Jul 30, 2020, 5:30 p.m. ET",0.09640108048915863,0.015877222642302513,0.8877217173576355,0.08052385784685612,Tech,2020-Q2,11,54,0.16666666666666666
AMZN,2020-Q2,"Jul 30, 2020, 5:30 p.m. ET",0.09640108048915863,0.015877222642302513,0.8877217173576355,0.08052385784685612,Tech,2020-Q2,11,54,0.16666666666666666
AMZN,2020-Q2,"Jul 30, 2020, 5:30 p.m. ET",0.09640108048915863,0.015877222642302513,0.8877217173576355,0.08052385784685612,Tech,2020-Q2,11,54,0.16666666666666666
AMZN,2020-Q2,"Jul 30, 2020, 5:30 p.m. ET",0.09640108048915863,0.015877222642302513,0.8877217173576355,0.08052385784685612,Tech,2020-Q2,11,54,0.16666666666666666
AMZN,2020-Q2,"Jul 30, 2020, 5:30 p.m. ET",0.09640108048915863,0.015877222642302513,0.8877217173576355,0.08052385784685612,Tech,2020-Q2,11,54,0.16666666666666666
AMZN,2020-Q2,"Jul 30, 2020, 5:30 p.m. ET",0.09640108048915863,0.015877222642302513,0.8877217173576355,0.08052385784685612,Tech,2020-Q2,11,54,0.16666666666666666
AMZN,2020-Q2,"Jul 30, 2020, 5:30 p.m. ET",0.09640108048915863,0.015877222642302513,0.8877217173576355,0.08052385784685612,Tech,2020-Q2,11,54,0.16666666666666666
AMZN,2020-Q2,"Jul 30, 2020, 5:30 p.m. ET",0.09640108048915863,0.015877222642302513,0.8877217173576355,0.08052385784685612,Tech,2020-Q2,11,54,0.16666666666666666
AMZN,2020-Q2,"Jul 30, 2020, 5:30 p.m. ET",0.09640108048915863,0.015877222642302513,0.8877217173576355,0.08052385784685612,Tech,2020-Q2,11,54,0.16666666666666666
AMZN,2020-Q2,"Jul 30, 2020, 5:30 p.m. ET",0.09640108048915863,0.015877222642302513,0.8877217173576355,0.08052385784685612,Tech,2020-Q2,11,54,0.16666666666666666
AMZN,2020-Q2,"Jul 30, 2020, 5:30 p.m. ET",0.09640108048915863,0.015877222642302513,0.8877217173576355,0.08052385784685612,Tech,2020-Q2,11,54,0.16666666666666666
AMZN,2020-Q2,"Jul 30, 2020, 5:30 p.m. ET",0.09640108048915863,0.015877222642302513,0.8877217173576355,0.08052385784685612,Tech,2020-Q2,11,54,0.16666666666666666
AMZN,2020-Q2,"Jul 30, 2020, 5:30 p.m. ET",0.09640108048915863,0.015877222642302513,0.8877217173576355,0.08052385784685612,Tech,2020-Q2,11,54,0.16666666666666666
AMZN,2020-Q2,"Jul 30, 2020, 5:30 p.m. ET",0.09640108048915863,0.015877222642302513,0.8877217173576355,0.08052385784685612,Tech,2020-Q2,11,54,0.16666666666666666
AAPL,2020-Q2,"Apr 30, 2020, 5:00 p.m. ET",0.2375384420156479,0.012087523937225342,0.7503740191459656,0.22545091807842255,Tech,2020-Q2,33,61,0.3473684210526316
AAPL,2020-Q2,"Apr 30, 2020, 5:00 p.m. ET",0.2375384420156479,0.012087523937225342,0.7503740191459656,0.22545091807842255,Tech,2020-Q2,33,61,0.3473684210526316
AAPL,2020-Q2,"Apr 30, 2020, 5:00 p.m. ET",0.2375384420156479,0.012087523937225342,0.7503740191459656,0.22545091807842255,Tech,2020-Q2,33,61,0.3473684210526316
AAPL,2020-Q2,"Apr 30, 2020, 5:00 p.m. ET",0.2375384420156479,0.012087523937225342,0.7503740191459656,0.22545091807842255,Tech,2020-Q2,33,61,0.3473684210526316
AAPL,2020-Q2,"Apr 30, 2020, 5:00 p.m. ET",0.2375384420156479,0.012087523937225342,0.7503740191459656,0.22545091807842255,Tech,2020-Q2,33,61,0.3473684210526316
AAPL,2020-Q2,"Apr 30, 2020, 5:00 p.m. ET",0.2375384420156479,0.012087523937225342,0.7503740191459656,0.22545091807842255,Tech,2020-Q2,33,61,0.3473684210526316
AAPL,2020-Q2,"Apr 30, 2020, 5:00 p.m. ET",0.2375384420156479,0.012087523937225342,0.7503740191459656,0.22545091807842255,Tech,2020-Q2,33,61,0.3473684210526316
AAPL,2020-Q2,"Apr 30, 2020, 5:00 p.m. ET",0.2375384420156479,0.012087523937225342,0.7503740191459656,0.22545091807842255,Tech,2020-Q2,33,61,0.3473684210526316
AAPL,2020-Q2,"Apr 30, 2020, 5:00 p.m. ET",0.2375384420156479,0.012087523937225342,0.7503740191459656,0.22545091807842255,Tech,2020-Q2,33,61,0.3473684210526316
AAPL,2020-Q2,"Apr 30, 2020, 5:00 p.m. ET",0.2375384420156479,0.012087523937225342,0.7503740191459656,0.22545091807842255,Tech,2020-Q2,33,61,0.3473684210526316
AAPL,2020-Q2,"Apr 30, 2020, 5:00 p.m. ET",0.2375384420156479,0.012087523937225342,0.7503740191459656,0.22545091807842255,Tech,2020-Q2,33,61,0.3473684210526316
AAPL,2020-Q2,"Apr 30, 2020, 5:00 p.m. ET",0.2375384420156479,0.012087523937225342,0.7503740191459656,0.22545091807842255,Tech,2020-Q2,33,61,0.3473684210526316
AAPL,2020-Q2,"Apr 30, 2020, 5:00 p.m. ET",0.2375384420156479,0.012087523937225342,0.7503740191459656,0.22545091807842255,Tech,2020-Q2,33,61,0.3473684210526316
AAPL,2020-Q2,"Apr 30, 2020, 5:00 p.m. ET",0.2375384420156479,0.012087523937225342,0.7503740191459656,0.22545091807842255,Tech,2020-Q2,33,61,0.3473684210526316
AAPL,2020-Q2,"Apr 30, 2020, 5:00 p.m. ET",0.2375384420156479,0.012087523937225342,0.7503740191459656,0.22545091807842255,Tech,2020-Q2,33,61,0.3473684210526316
AAPL,2020-Q2,"Apr 30, 2020, 5:00 p.m. ET",0.2375384420156479,0.012087523937225342,0.7503740191459656,0.22545091807842255,Tech,2020-Q2,33,61,0.3473684210526316
AAPL,2020-Q2,"Apr 30, 2020, 5:00 p.m. ET",0.2375384420156479,0.012087523937225342,0.7503740191459656,0.22545091807842255,Tech,2020-Q2,33,61,0.3473684210526316
AAPL,2020-Q2,"Apr 30, 2020, 5:00 p.m. ET",0.2375384420156479,0.012087523937225342,0.7503740191459656,0.22545091807842255,Tech,2020-Q2,33,61,0.3473684210526316
AAPL,2020-Q2,"Apr 30, 2020, 5:00 p.m. ET",0.2375384420156479,0.012087523937225342,0.7503740191459656,0.22545091807842255,Tech,2020-Q2,33,61,0.3473684210526316
AAPL,2020-Q2,"Apr 30, 2020, 5:00 p.m. ET",0.2375384420156479,0.012087523937225342,0.7503740191459656,0.22545091807842255,Tech,2020-Q2,33,61,0.3473684210526316
AAPL,2020-Q2,"Apr 30, 2020, 5:00 p.m. ET",0.2375384420156479,0.012087523937225342,0.7503740191459656,0.22545091807842255,Tech,2020-Q2,33,61,0.3473684210526316
AAPL,2020-Q2,"Apr 30, 2020, 5:00 p.m. ET",0.2375384420156479,0.012087523937225342,0.7503740191459656,0.22545091807842255,Tech,2020-Q2,33,61,0.3473684210526316
AAPL,2020-Q2,"Apr 30, 2020, 5:00 p.m. ET",0.2375384420156479,0.012087523937225342,0.7503740191459656,0.22545091807842255,Tech,2020-Q2,33,61,0.3473684210526316
AAPL,2020-Q2,"Apr 30, 2020, 5:00 p.m. ET",0.2375384420156479,0.012087523937225342,0.7503740191459656,0.22545091807842255,Tech,2020-Q2,33,61,0.3473684210526316
AAPL,2020-Q2,"Apr 30, 2020, 5:00 p.m. ET",0.2375384420156479,0.012087523937225342,0.7503740191459656,0.22545091807842255,Tech,2020-Q2,33,61,0.3473684210526316
KO,2020-Q4,"Feb 10, 2021, 8:30 a.m. ET",0.599564254283905,0.013237076811492443,0.38719868659973145,0.5863271774724126,Consumer,2020-Q4,49,89,0.35251798561151076
KO,2020-Q4,"Feb 10, 2021, 8:30 a.m. ET",0.599564254283905,0.013237076811492443,0.38719868659973145,0.5863271774724126,Consumer,2020-Q4,49,89,0.35251798561151076
KO,2020-Q4,"Feb 10, 2021, 8:30 a.m. ET",0.599564254283905,0.013237076811492443,0.38719868659973145,0.5863271774724126,Consumer,2020-Q4,49,89,0.35251798561151076
KO,2020-Q4,"Feb 10, 2021, 8:30 a.m. ET",0.599564254283905,0.013237076811492443,0.38719868659973145,0.5863271774724126,Consumer,2020-Q4,49,89,0.35251798561151076
KO,2020-Q4,"Feb 10, 2021, 8:30 a.m. ET",0.599564254283905,0.013237076811492443,0.38719868659973145,0.5863271774724126,Consumer,2020-Q4,49,89,0.35251798561151076
GOOGL,2020-Q1,"April 28, 2020, 4:30 p.m. ET",0.08496109396219254,0.014933321624994278,0.9001055955886841,0.07002777233719826,Tech,2020-Q1,38,80,0.31932773109243695
GOOGL,2020-Q1,"April 28, 2020, 4:30 p.m. ET",0.08496109396219254,0.014933321624994278,0.9001055955886841,0.07002777233719826,Tech,2020-Q1,38,80,0.31932773109243695
GOOGL,2020-Q1,"April 28, 2020, 4:30 p.m. ET",0.08496109396219254,0.014933321624994278,0.9001055955886841,0.07002777233719826,Tech,2020-Q1,38,80,0.31932773109243695
GOOGL,2020-Q1,"April 28, 2020, 4:30 p.m. ET",0.08496109396219254,0.014933321624994278,0.9001055955886841,0.07002777233719826,Tech,2020-Q1,38,80,0.31932773109243695
GOOGL,2020-Q1,"April 28, 2020, 4:30 p.m. ET",0.08496109396219254,0.014933321624994278,0.9001055955886841,0.07002777233719826,Tech,2020-Q1,38,80,0.31932773109243695
GOOGL,2020-Q1,"April 28, 2020, 4:30 p.m. ET",0.08496109396219254,0.014933321624994278,0.9001055955886841,0.07002777233719826,Tech,2020-Q1,38,80,0.31932773109243695
GOOGL,2020-Q1,"April 28, 2020, 4:30 p.m. ET",0.08496109396219254,0.014933321624994278,0.9001055955886841,0.07002777233719826,Tech,2020-Q1,38,80,0.31932773109243695
GOOGL,2020-Q1,"April 28, 2020, 4:30 p.m. ET",0.08496109396219254,0.014933321624994278,0.9001055955886841,0.07002777233719826,Tech,2020-Q1,38,80,0.31932773109243695
GOOGL,2020-Q1,"April 28, 2020, 4:30 p.m. ET",0.08496109396219254,0.014933321624994278,0.9001055955886841,0.07002777233719826,Tech,2020-Q1,38,80,0.31932773109243695
GOOGL,2020-Q1,"April 28, 2020, 4:30 p.m. ET",0.08496109396219254,0.014933321624994278,0.9001055955886841,0.07002777233719826,Tech,2020-Q1,38,80,0.31932773109243695
GOOGL,2020-Q1,"April 28, 2020, 4:30 p.m. ET",0.08496109396219254,0.014933321624994278,0.9001055955886841,0.07002777233719826,Tech,2020-Q1,38,80,0.31932773109243695
GOOGL,2020-Q1,"April 28, 2020, 4:30 p.m. ET",0.08496109396219254,0.014933321624994278,0.9001055955886841,0.07002777233719826,Tech,2020-Q1,38,80,0.31932773109243695
GOOGL,2020-Q1,"April 28, 2020, 4:30 p.m. ET",0.08496109396219254,0.014933321624994278,0.9001055955886841,0.07002777233719826,Tech,2020-Q1,38,80,0.31932773109243695
GOOGL,2020-Q1,"April 28, 2020, 4:30 p.m. ET",0.08496109396219254,0.014933321624994278,0.9001055955886841,0.07002777233719826,Tech,2020-Q1,38,80,0.31932773109243695
GOOGL,2020-Q1,"April 28, 2020, 4:30 p.m. ET",0.08496109396219254,0.014933321624994278,0.9001055955886841,0.07002777233719826,Tech,2020-Q1,38,80,0.31932773109243695
AAPL,2020-Q2,"Apr 30, 2020, 5:00 p.m. ET",0.2375384420156479,0.012087523937225342,0.7503740191459656,0.22545091807842255,Tech,2020-Q2,33,61,0.3473684210526316
AAPL,2020-Q2,"Apr 30, 2020, 5:00 p.m. ET",0.2375384420156479,0.012087523937225342,0.7503740191459656,0.22545091807842255,Tech,2020-Q2,33,61,0.3473684210526316
AAPL,2020-Q2,"Apr 30, 2020, 5:00 p.m. ET",0.2375384420156479,0.012087523937225342,0.7503740191459656,0.22545091807842255,Tech,2020-Q2,33,61,0.3473684210526316
AAPL,2020-Q2,"Apr 30, 2020, 5:00 p.m. ET",0.2375384420156479,0.012087523937225342,0.7503740191459656,0.22545091807842255,Tech,2020-Q2,33,61,0.3473684210526316
AAPL,2020-Q2,"Apr 30, 2020, 5:00 p.m. ET",0.2375384420156479,0.012087523937225342,0.7503740191459656,0.22545091807842255,Tech,2020-Q2,33,61,0.3473684210526316
AAPL,2020-Q2,"Apr 30, 2020, 5:00 p.m. ET",0.2375384420156479,0.012087523937225342,0.7503740191459656,0.22545091807842255,Tech,2020-Q2,33,61,0.3473684210526316
AAPL,2020-Q2,"Apr 30, 2020, 5:00 p.m. ET",0.2375384420156479,0.012087523937225342,0.7503740191459656,0.22545091807842255,Tech,2020-Q2,33,61,0.3473684210526316
AAPL,2020-Q2,"Apr 30, 2020, 5:00 p.m. ET",0.2375384420156479,0.012087523937225342,0.7503740191459656,0.22545091807842255,Tech,2020-Q2,33,61,0.3473684210526316
AAPL,2020-Q2,"Apr 30, 2020, 5:00 p.m. ET",0.2375384420156479,0.012087523937225342,0.7503740191459656,0.22545091807842255,Tech,2020-Q2,33,61,0.3473684210526316
AAPL,2020-Q2,"Apr 30, 2020, 5:00 p.m. ET",0.2375384420156479,0.012087523937225342,0.7503740191459656,0.22545091807842255,Tech,2020-Q2,33,61,0.3473684210526316
AAPL,2020-Q2,"Apr 30, 2020, 5:00 p.m. ET",0.2375384420156479,0.012087523937225342,0.7503740191459656,0.22545091807842255,Tech,2020-Q2,33,61,0.3473684210526316
AAPL,2020-Q2,"Apr 30, 2020, 5:00 p.m. ET",0.2375384420156479,0.012087523937225342,0.7503740191459656,0.22545091807842255,Tech,2020-Q2,33,61,0.3473684210526316
AAPL,2020-Q2,"Apr 30, 2020, 5:00 p.m. ET",0.2375384420156479,0.012087523937225342,0.7503740191459656,0.22545091807842255,Tech,2020-Q2,33,61,0.3473684210526316
AAPL,2020-Q2,"Apr 30, 2020, 5:00 p.m. ET",0.2375384420156479,0.012087523937225342,0.7503740191459656,0.22545091807842255,Tech,2020-Q2,33,61,0.3473684210526316
AAPL,2020-Q2,"Apr 30, 2020, 5:00 p.m. ET",0.2375384420156479,0.012087523937225342,0.7503740191459656,0.22545091807842255,Tech,2020-Q2,33,61,0.3473684210526316
AAPL,2020-Q2,"Apr 30, 2020, 5:00 p.m. ET",0.2375384420156479,0.012087523937225342,0.7503740191459656,0.22545091807842255,Tech,2020-Q2,33,61,0.3473684210526316
AAPL,2020-Q2,"Apr 30, 2020, 5:00 p.m. ET",0.2375384420156479,0.012087523937225342,0.7503740191459656,0.22545091807842255,Tech,2020-Q2,33,61,0.3473684210526316
AAPL,2020-Q2,"Apr 30, 2020, 5:00 p.m. ET",0.2375384420156479,0.012087523937225342,0.7503740191459656,0.22545091807842255,Tech,2020-Q2,33,61,0.3473684210526316
AAPL,2020-Q2,"Apr 30, 2020, 5:00 p.m. ET",0.2375384420156479,0.012087523937225342,0.7503740191459656,0.22545091807842255,Tech,2020-Q2,33,61,0.3473684210526316
AAPL,2020-Q2,"Apr 30, 2020, 5:00 p.m. ET",0.2375384420156479,0.012087523937225342,0.7503740191459656,0.22545091807842255,Tech,2020-Q2,33,61,0.3473684210526316
AAPL,2020-Q2,"Apr 30, 2020, 5:00 p.m. ET",0.2375384420156479,0.012087523937225342,0.7503740191459656,0.22545091807842255,Tech,2020-Q2,33,61,0.3473684210526316
AAPL,2020-Q2,"Apr 30, 2020, 5:00 p.m. ET",0.2375384420156479,0.012087523937225342,0.7503740191459656,0.22545091807842255,Tech,2020-Q2,33,61,0.3473684210526316
AAPL,2020-Q2,"Apr 30, 2020, 5:00 p.m. ET",0.2375384420156479,0.012087523937225342,0.7503740191459656,0.22545091807842255,Tech,2020-Q2,33,61,0.3473684210526316
AAPL,2020-Q2,"Apr 30, 2020, 5:00 p.m. ET",0.2375384420156479,0.012087523937225342,0.7503740191459656,0.22545091807842255,Tech,2020-Q2,33,61,0.3473684210526316
AAPL,2020-Q2,"Apr 30, 2020, 5:00 p.m. ET",0.2375384420156479,0.012087523937225342,0.7503740191459656,0.22545091807842255,Tech,2020-Q2,33,61,0.3473684210526316
GOOGL,2021-Q2,"Jul 27, 2021, 4:30 p.m. ET",0.24937154352664948,0.00945959985256195,0.7411688566207886,0.23991194367408752,Tech,2021-Q2,12,78,0.13186813186813187
GOOGL,2021-Q2,"Jul 27, 2021, 4:30 p.m. ET",0.24937154352664948,0.00945959985256195,0.7411688566207886,0.23991194367408752,Tech,2021-Q2,12,78,0.13186813186813187
GOOGL,2021-Q2,"Jul 27, 2021, 4:30 p.m. ET",0.24937154352664948,0.00945959985256195,0.7411688566207886,0.23991194367408752,Tech,2021-Q2,12,78,0.13186813186813187
GOOGL,2021-Q2,"Jul 27, 2021, 4:30 p.m. ET",0.24937154352664948,0.00945959985256195,0.7411688566207886,0.23991194367408752,Tech,2021-Q2,12,78,0.13186813186813187
GOOGL,2021-Q2,"Jul 27, 2021, 4:30 p.m. ET",0.24937154352664948,0.00945959985256195,0.7411688566207886,0.23991194367408752,Tech,2021-Q2,12,78,0.13186813186813187
GOOGL,2021-Q2,"Jul 27, 2021, 4:30 p.m. ET",0.24937154352664948,0.00945959985256195,0.7411688566207886,0.23991194367408752,Tech,2021-Q2,12,78,0.13186813186813187
GOOGL,2021-Q2,"Jul 27, 2021, 4:30 p.m. ET",0.24937154352664948,0.00945959985256195,0.7411688566207886,0.23991194367408752,Tech,2021-Q2,12,78,0.13186813186813187
GOOGL,2021-Q2,"Jul 27, 2021, 4:30 p.m. ET",0.24937154352664948,0.00945959985256195,0.7411688566207886,0.23991194367408752,Tech,2021-Q2,12,78,0.13186813186813187
GOOGL,2021-Q2,"Jul 27, 2021, 4:30 p.m. ET",0.24937154352664948,0.00945959985256195,0.7411688566207886,0.23991194367408752,Tech,2021-Q2,12,78,0.13186813186813187
GOOGL,2021-Q2,"Jul 27, 2021, 4:30 p.m. ET",0.24937154352664948,0.00945959985256195,0.7411688566207886,0.23991194367408752,Tech,2021-Q2,12,78,0.13186813186813187
GOOGL,2021-Q2,"Jul 27, 2021, 4:30 p.m. ET",0.24937154352664948,0.00945959985256195,0.7411688566207886,0.23991194367408752,Tech,2021-Q2,12,78,0.13186813186813187
GOOGL,2021-Q2,"Jul 27, 2021, 4:30 p.m. ET",0.24937154352664948,0.00945959985256195,0.7411688566207886,0.23991194367408752,Tech,2021-Q2,12,78,0.13186813186813187
GOOGL,2021-Q2,"Jul 27, 2021, 4:30 p.m. ET",0.24937154352664948,0.00945959985256195,0.7411688566207886,0.23991194367408752,Tech,2021-Q2,12,78,0.13186813186813187
GOOGL,2021-Q2,"Jul 27, 2021, 4:30 p.m. ET",0.24937154352664948,0.00945959985256195,0.7411688566207886,0.23991194367408752,Tech,2021-Q2,12,78,0.13186813186813187
DIS,2020-Q3,"Aug 04, 2020, 4:30 p.m. ET",0.028005406260490417,0.08130818605422974,0.8906863927841187,-0.05330277979373932,Media,2020-Q3,32,44,0.4155844155844156
DIS,2020-Q3,"Aug 04, 2020, 4:30 p.m. ET",0.028005406260490417,0.08130818605422974,0.8906863927841187,-0.05330277979373932,Media,2020-Q3,32,44,0.4155844155844156
DIS,2020-Q3,"Aug 04, 2020, 4:30 p.m. ET",0.028005406260490417,0.08130818605422974,0.8906863927841187,-0.05330277979373932,Media,2020-Q3,32,44,0.4155844155844156
DIS,2020-Q3,"Aug 04, 2020, 4:30 p.m. ET",0.028005406260490417,0.08130818605422974,0.8906863927841187,-0.05330277979373932,Media,2020-Q3,32,44,0.4155844155844156
DIS,2020-Q3,"Aug 04, 2020, 4:30 p.m. ET",0.028005406260490417,0.08130818605422974,0.8906863927841187,-0.05330277979373932,Media,2020-Q3,32,44,0.4155844155844156
DIS,2020-Q3,"Aug 04, 2020, 4:30 p.m. ET",0.028005406260490417,0.08130818605422974,0.8906863927841187,-0.05330277979373932,Media,2020-Q3,32,44,0.4155844155844156
DIS,2020-Q3,"Aug 04, 2020, 4:30 p.m. ET",0.028005406260490417,0.08130818605422974,0.8906863927841187,-0.05330277979373932,Media,2020-Q3,32,44,0.4155844155844156
DIS,2020-Q3,"Aug 04, 2020, 4:30 p.m. ET",0.028005406260490417,0.08130818605422974,0.8906863927841187,-0.05330277979373932,Media,2020-Q3,32,44,0.4155844155844156
DIS,2020-Q3,"Aug 04, 2020, 4:30 p.m. ET",0.028005406260490417,0.08130818605422974,0.8906863927841187,-0.05330277979373932,Media,2020-Q3,32,44,0.4155844155844156
DIS,2020-Q3,"Aug 04, 2020, 4:30 p.m. ET",0.028005406260490417,0.08130818605422974,0.8906863927841187,-0.05330277979373932,Media,2020-Q3,32,44,0.4155844155844156
DIS,2020-Q3,"Aug 04, 2020, 4:30 p.m. ET",0.028005406260490417,0.08130818605422974,0.8906863927841187,-0.05330277979373932,Media,2020-Q3,32,44,0.4155844155844156
DIS,2020-Q3,"Aug 04, 2020, 4:30 p.m. ET",0.028005406260490417,0.08130818605422974,0.8906863927841187,-0.05330277979373932,Media,2020-Q3,32,44,0.4155844155844156
DIS,2020-Q3,"Aug 04, 2020, 4:30 p.m. ET",0.028005406260490417,0.08130818605422974,0.8906863927841187,-0.05330277979373932,Media,2020-Q3,32,44,0.4155844155844156
DIS,2020-Q3,"Aug 04, 2020, 4:30 p.m. ET",0.028005406260490417,0.08130818605422974,0.8906863927841187,-0.05330277979373932,Media,2020-Q3,32,44,0.4155844155844156
DIS,2020-Q3,"Aug 04, 2020, 4:30 p.m. ET",0.028005406260490417,0.08130818605422974,0.8906863927841187,-0.05330277979373932,Media,2020-Q3,32,44,0.4155844155844156
DIS,2020-Q3,"Aug 04, 2020, 4:30 p.m. ET",0.028005406260490417,0.08130818605422974,0.8906863927841187,-0.05330277979373932,Media,2020-Q3,32,44,0.4155844155844156
DIS,2020-Q3,"Aug 04, 2020, 4:30 p.m. ET",0.028005406260490417,0.08130818605422974,0.8906863927841187,-0.05330277979373932,Media,2020-Q3,32,44,0.4155844155844156
DIS,2020-Q3,"Aug 04, 2020, 4:30 p.m. ET",0.028005406260490417,0.08130818605422974,0.8906863927841187,-0.05330277979373932,Media,2020-Q3,32,44,0.4155844155844156
DIS,2020-Q3,"Aug 04, 2020, 4:30 p.m. ET",0.028005406260490417,0.08130818605422974,0.8906863927841187,-0.05330277979373932,Media,2020-Q3,32,44,0.4155844155844156
DIS,2020-Q3,"Aug 04, 2020, 4:30 p.m. ET",0.028005406260490417,0.08130818605422974,0.8906863927841187,-0.05330277979373932,Media,2020-Q3,32,44,0.4155844155844156
DIS,2020-Q3,"Aug 04, 2020, 4:30 p.m. ET",0.028005406260490417,0.08130818605422974,0.8906863927841187,-0.05330277979373932,Media,2020-Q3,32,44,0.4155844155844156
DIS,2020-Q3,"Aug 04, 2020, 4:30 p.m. ET",0.028005406260490417,0.08130818605422974,0.8906863927841187,-0.05330277979373932,Media,2020-Q3,32,44,0.4155844155844156
DIS,2020-Q3,"Aug 04, 2020, 4:30 p.m. ET",0.028005406260490417,0.08130818605422974,0.8906863927841187,-0.05330277979373932,Media,2020-Q3,32,44,0.4155844155844156
DIS,2020-Q3,"Aug 04, 2020, 4:30 p.m. ET",0.028005406260490417,0.08130818605422974,0.8906863927841187,-0.05330277979373932,Media,2020-Q3,32,44,0.4155844155844156
DIS,2020-Q3,"Aug 04, 2020, 4:30 p.m. ET",0.028005406260490417,0.08130818605422974,0.8906863927841187,-0.05330277979373932,Media,2020-Q3,32,44,0.4155844155844156
DIS,2020-Q3,"Aug 04, 2020, 4:30 p.m. ET",0.028005406260490417,0.08130818605422974,0.8906863927841187,-0.05330277979373932,Media,2020-Q3,32,44,0.4155844155844156
DIS,2020-Q3,"Aug 04, 2020, 4:30 p.m. ET",0.028005406260490417,0.08130818605422974,0.8906863927841187,-0.05330277979373932,Media,2020-Q3,32,44,0.4155844155844156
DIS,2020-Q3,"Aug 04, 2020, 4:30 p.m. ET",0.028005406260490417,0.08130818605422974,0.8906863927841187,-0.05330277979373932,Media,2020-Q3,32,44,0.4155844155844156
DIS,2020-Q3,"Aug 04, 2020, 4:30 p.m. ET",0.028005406260490417,0.08130818605422974,0.8906863927841187,-0.05330277979373932,Media,2020-Q3,32,44,0.4155844155844156
DIS,2020-Q3,"Aug 04, 2020, 4:30 p.m. ET",0.028005406260490417,0.08130818605422974,0.8906863927841187,-0.05330277979373932,Media,2020-Q3,32,44,0.4155844155844156
DIS,2020-Q3,"Aug 04, 2020, 4:30 p.m. ET",0.028005406260490417,0.08130818605422974,0.8906863927841187,-0.05330277979373932,Media,2020-Q3,32,44,0.4155844155844156
DIS,2020-Q3,"Aug 04, 2020, 4:30 p.m. ET",0.028005406260490417,0.08130818605422974,0.8906863927841187,-0.05330277979373932,Media,2020-Q3,32,44,0.4155844155844156
DIS,2020-Q3,"Aug 04, 2020, 4:30 p.m. ET",0.028005406260490417,0.08130818605422974,0.8906863927841187,-0.05330277979373932,Media,2020-Q3,32,44,0.4155844155844156
DIS,2020-Q3,"Aug 04, 2020, 4:30 p.m. ET",0.028005406260490417,0.08130818605422974,0.8906863927841187,-0.05330277979373932,Media,2020-Q3,32,44,0.4155844155844156
DIS,2020-Q3,"Aug 04, 2020, 4:30 p.m. ET",0.028005406260490417,0.08130818605422974,0.8906863927841187,-0.05330277979373932,Media,2020-Q3,32,44,0.4155844155844156
DIS,2020-Q3,"Aug 04, 2020, 4:30 p.m. ET",0.028005406260490417,0.08130818605422974,0.8906863927841187,-0.05330277979373932,Media,2020-Q3,32,44,0.4155844155844156
DIS,2020-Q3,"Aug 04, 2020, 4:30 p.m. ET",0.028005406260490417,0.08130818605422974,0.8906863927841187,-0.05330277979373932,Media,2020-Q3,32,44,0.4155844155844156
DIS,2020-Q3,"Aug 04, 2020, 4:30 p.m. ET",0.028005406260490417,0.08130818605422974,0.8906863927841187,-0.05330277979373932,Media,2020-Q3,32,44,0.4155844155844156
DIS,2020-Q3,"Aug 04, 2020, 4:30 p.m. ET",0.028005406260490417,0.08130818605422974,0.8906863927841187,-0.05330277979373932,Media,2020-Q3,32,44,0.4155844155844156
DIS,2020-Q3,"Aug 04, 2020, 4:30 p.m. ET",0.028005406260490417,0.08130818605422974,0.8906863927841187,-0.05330277979373932,Media,2020-Q3,32,44,0.4155844155844156
DIS,2020-Q3,"Aug 04, 2020, 4:30 p.m. ET",0.028005406260490417,0.08130818605422974,0.8906863927841187,-0.05330277979373932,Media,2020-Q3,32,44,0.4155844155844156
DIS,2020-Q3,"Aug 04, 2020, 4:30 p.m. ET",0.028005406260490417,0.08130818605422974,0.8906863927841187,-0.05330277979373932,Media,2020-Q3,32,44,0.4155844155844156
DIS,2020-Q3,"Aug 04, 2020, 4:30 p.m. ET",0.028005406260490417,0.08130818605422974,0.8906863927841187,-0.05330277979373932,Media,2020-Q3,32,44,0.4155844155844156
DIS,2020-Q3,"Aug 04, 2020, 4:30 p.m. ET",0.028005406260490417,0.08130818605422974,0.8906863927841187,-0.05330277979373932,Media,2020-Q3,32,44,0.4155844155844156
DIS,2020-Q3,"Aug 04, 2020, 4:30 p.m. ET",0.028005406260490417,0.08130818605422974,0.8906863927841187,-0.05330277979373932,Media,2020-Q3,32,44,0.4155844155844156
DIS,2020-Q3,"Aug 04, 2020, 4:30 p.m. ET",0.028005406260490417,0.08130818605422974,0.8906863927841187,-0.05330277979373932,Media,2020-Q3,32,44,0.4155844155844156
DIS,2020-Q3,"Aug 04, 2020, 4:30 p.m. ET",0.028005406260490417,0.08130818605422974,0.8906863927841187,-0.05330277979373932,Media,2020-Q3,32,44,0.4155844155844156
DIS,2020-Q3,"Aug 04, 2020, 4:30 p.m. ET",0.028005406260490417,0.08130818605422974,0.8906863927841187,-0.05330277979373932,Media,2020-Q3,32,44,0.4155844155844156
DIS,2020-Q3,"Aug 04, 2020, 4:30 p.m. ET",0.028005406260490417,0.08130818605422974,0.8906863927841187,-0.05330277979373932,Media,2020-Q3,32,44,0.4155844155844156
DIS,2020-Q3,"Aug 04, 2020, 4:30 p.m. ET",0.028005406260490417,0.08130818605422974,0.8906863927841187,-0.05330277979373932,Media,2020-Q3,32,44,0.4155844155844156
MRNA,2020-Q2,"Aug 05, 2020, 8:00 a.m. ET",0.11924165487289429,0.01616738736629486,0.8645909428596497,0.10307426750659943,Healthcare,2020-Q2,26,20,0.5531914893617021
MRNA,2020-Q2,"Aug 05, 2020, 8:00 a.m. ET",0.11924165487289429,0.01616738736629486,0.8645909428596497,0.10307426750659943,Healthcare,2020-Q2,26,20,0.5531914893617021
MRNA,2020-Q2,"Aug 05, 2020, 8:00 a.m. ET",0.11924165487289429,0.01616738736629486,0.8645909428596497,0.10307426750659943,Healthcare,2020-Q2,26,20,0.5531914893617021
MRNA,2020-Q2,"Aug 05, 2020, 8:00 a.m. ET",0.11924165487289429,0.01616738736629486,0.8645909428596497,0.10307426750659943,Healthcare,2020-Q2,26,20,0.5531914893617021
GOOGL,2021-Q2,"Jul 27, 2021, 4:30 p.m. ET",0.24937154352664948,0.00945959985256195,0.7411688566207886,0.23991194367408752,Tech,2021-Q2,12,78,0.13186813186813187
GOOGL,2021-Q2,"Jul 27, 2021, 4:30 p.m. ET",0.24937154352664948,0.00945959985256195,0.7411688566207886,0.23991194367408752,Tech,2021-Q2,12,78,0.13186813186813187
GOOGL,2021-Q2,"Jul 27, 2021, 4:30 p.m. ET",0.24937154352664948,0.00945959985256195,0.7411688566207886,0.23991194367408752,Tech,2021-Q2,12,78,0.13186813186813187
GOOGL,2021-Q2,"Jul 27, 2021, 4:30 p.m. ET",0.24937154352664948,0.00945959985256195,0.7411688566207886,0.23991194367408752,Tech,2021-Q2,12,78,0.13186813186813187
GOOGL,2021-Q2,"Jul 27, 2021, 4:30 p.m. ET",0.24937154352664948,0.00945959985256195,0.7411688566207886,0.23991194367408752,Tech,2021-Q2,12,78,0.13186813186813187
GOOGL,2021-Q2,"Jul 27, 2021, 4:30 p.m. ET",0.24937154352664948,0.00945959985256195,0.7411688566207886,0.23991194367408752,Tech,2021-Q2,12,78,0.13186813186813187
GOOGL,2021-Q2,"Jul 27, 2021, 4:30 p.m. ET",0.24937154352664948,0.00945959985256195,0.7411688566207886,0.23991194367408752,Tech,2021-Q2,12,78,0.13186813186813187
GOOGL,2021-Q2,"Jul 27, 2021, 4:30 p.m. ET",0.24937154352664948,0.00945959985256195,0.7411688566207886,0.23991194367408752,Tech,2021-Q2,12,78,0.13186813186813187
GOOGL,2021-Q2,"Jul 27, 2021, 4:30 p.m. ET",0.24937154352664948,0.00945959985256195,0.7411688566207886,0.23991194367408752,Tech,2021-Q2,12,78,0.13186813186813187
GOOGL,2021-Q2,"Jul 27, 2021, 4:30 p.m. ET",0.24937154352664948,0.00945959985256195,0.7411688566207886,0.23991194367408752,Tech,2021-Q2,12,78,0.13186813186813187
GOOGL,2021-Q2,"Jul 27, 2021, 4:30 p.m. ET",0.24937154352664948,0.00945959985256195,0.7411688566207886,0.23991194367408752,Tech,2021-Q2,12,78,0.13186813186813187
GOOGL,2021-Q2,"Jul 27, 2021, 4:30 p.m. ET",0.24937154352664948,0.00945959985256195,0.7411688566207886,0.23991194367408752,Tech,2021-Q2,12,78,0.13186813186813187
GOOGL,2021-Q2,"Jul 27, 2021, 4:30 p.m. ET",0.24937154352664948,0.00945959985256195,0.7411688566207886,0.23991194367408752,Tech,2021-Q2,12,78,0.13186813186813187
GOOGL,2021-Q2,"Jul 27, 2021, 4:30 p.m. ET",0.24937154352664948,0.00945959985256195,0.7411688566207886,0.23991194367408752,Tech,2021-Q2,12,78,0.13186813186813187
INTC,2020-Q2,"Jul 23, 2020, 5:00 p.m. ET",0.06772421300411224,0.014910752885043621,0.9173650741577148,0.05281346011906862,Tech,2020-Q2,23,66,0.25555555555555554
INTC,2020-Q2,"Jul 23, 2020, 5:00 p.m. ET",0.06772421300411224,0.014910752885043621,0.9173650741577148,0.05281346011906862,Tech,2020-Q2,23,66,0.25555555555555554
INTC,2020-Q2,"Jul 23, 2020, 5:00 p.m. ET",0.06772421300411224,0.014910752885043621,0.9173650741577148,0.05281346011906862,Tech,2020-Q2,23,66,0.25555555555555554
INTC,2020-Q2,"Jul 23, 2020, 5:00 p.m. ET",0.06772421300411224,0.014910752885043621,0.9173650741577148,0.05281346011906862,Tech,2020-Q2,23,66,0.25555555555555554
INTC,2020-Q2,"Jul 23, 2020, 5:00 p.m. ET",0.06772421300411224,0.014910752885043621,0.9173650741577148,0.05281346011906862,Tech,2020-Q2,23,66,0.25555555555555554
BLK,2022-Q2,"Jul 15, 2022, 8:30 a.m. ET",0.11084217578172684,0.013596504926681519,0.8755613565444946,0.09724567085504532,Finance,2022-Q2,69,73,0.4825174825174825
WMT,2023-Q3,"Nov 15, 2022, 8:00 a.m. ET",0.07982960343360901,0.019016725942492485,0.9011536836624146,0.060812877491116524,Retail,2023-Q3,84,118,0.41379310344827586
WMT,2023-Q3,"Nov 15, 2022, 8:00 a.m. ET",0.07982960343360901,0.019016725942492485,0.9011536836624146,0.060812877491116524,Retail,2023-Q3,84,118,0.41379310344827586
WMT,2023-Q3,"Nov 15, 2022, 8:00 a.m. ET",0.07982960343360901,0.019016725942492485,0.9011536836624146,0.060812877491116524,Retail,2023-Q3,84,118,0.41379310344827586
PFE,2021-Q1,"May 04, 2021, 10:00 a.m. ET",0.05844807252287865,0.024845527485013008,0.916706383228302,0.03360254503786564,Healthcare,2021-Q1,25,51,0.3246753246753247
TSLA,2020-Q2,"Jul 22, 2020, 6:00 p.m. ET",0.085098035633564,0.018818067386746407,0.8960838913917542,0.06627996824681759,Auto,2020-Q2,14,32,0.2978723404255319
TSLA,2020-Q2,"Jul 22, 2020, 6:00 p.m. ET",0.085098035633564,0.018818067386746407,0.8960838913917542,0.06627996824681759,Auto,2020-Q2,14,32,0.2978723404255319
TSLA,2020-Q2,"Jul 22, 2020, 6:00 p.m. ET",0.085098035633564,0.018818067386746407,0.8960838913917542,0.06627996824681759,Auto,2020-Q2,14,32,0.2978723404255319
TSLA,2020-Q2,"Jul 22, 2020, 6:00 p.m. ET",0.085098035633564,0.018818067386746407,0.8960838913917542,0.06627996824681759,Auto,2020-Q2,14,32,0.2978723404255319
TSLA,2020-Q2,"Jul 22, 2020, 6:00 p.m. ET",0.085098035633564,0.018818067386746407,0.8960838913917542,0.06627996824681759,Auto,2020-Q2,14,32,0.2978723404255319
TSLA,2020-Q2,"Jul 22, 2020, 6:00 p.m. ET",0.085098035633564,0.018818067386746407,0.8960838913917542,0.06627996824681759,Auto,2020-Q2,14,32,0.2978723404255319
TSLA,2020-Q2,"Jul 22, 2020, 6:00 p.m. ET",0.085098035633564,0.018818067386746407,0.8960838913917542,0.06627996824681759,Auto,2020-Q2,14,32,0.2978723404255319
TSLA,2020-Q2,"Jul 22, 2020, 6:00 p.m. ET",0.085098035633564,0.018818067386746407,0.8960838913917542,0.06627996824681759,Auto,2020-Q2,14,32,0.2978723404255319
TSLA,2020-Q2,"Jul 22, 2020, 6:00 p.m. ET",0.085098035633564,0.018818067386746407,0.8960838913917542,0.06627996824681759,Auto,2020-Q2,14,32,0.2978723404255319
TSLA,2020-Q2,"Jul 22, 2020, 6:00 p.m. ET",0.085098035633564,0.018818067386746407,0.8960838913917542,0.06627996824681759,Auto,2020-Q2,14,32,0.2978723404255319
TSLA,2020-Q2,"Jul 22, 2020, 6:00 p.m. ET",0.085098035633564,0.018818067386746407,0.8960838913917542,0.06627996824681759,Auto,2020-Q2,14,32,0.2978723404255319
TSLA,2020-Q2,"Jul 22, 2020, 6:00 p.m. ET",0.085098035633564,0.018818067386746407,0.8960838913917542,0.06627996824681759,Auto,2020-Q2,14,32,0.2978723404255319
TSLA,2020-Q2,"Jul 22, 2020, 6:00 p.m. ET",0.085098035633564,0.018818067386746407,0.8960838913917542,0.06627996824681759,Auto,2020-Q2,14,32,0.2978723404255319
TSLA,2020-Q2,"Jul 22, 2020, 6:00 p.m. ET",0.085098035633564,0.018818067386746407,0.8960838913917542,0.06627996824681759,Auto,2020-Q2,14,32,0.2978723404255319
TSLA,2020-Q2,"Jul 22, 2020, 6:00 p.m. ET",0.085098035633564,0.018818067386746407,0.8960838913917542,0.06627996824681759,Auto,2020-Q2,14,32,0.2978723404255319
TSLA,2020-Q2,"Jul 22, 2020, 6:00 p.m. ET",0.085098035633564,0.018818067386746407,0.8960838913917542,0.06627996824681759,Auto,2020-Q2,14,32,0.2978723404255319
TSLA,2020-Q2,"Jul 22, 2020, 6:00 p.m. ET",0.085098035633564,0.018818067386746407,0.8960838913917542,0.06627996824681759,Auto,2020-Q2,14,32,0.2978723404255319
TSLA,2020-Q2,"Jul 22, 2020, 6:00 p.m. ET",0.085098035633564,0.018818067386746407,0.8960838913917542,0.06627996824681759,Auto,2020-Q2,14,32,0.2978723404255319
TSLA,2020-Q2,"Jul 22, 2020, 6:00 p.m. ET",0.085098035633564,0.018818067386746407,0.8960838913917542,0.06627996824681759,Auto,2020-Q2,14,32,0.2978723404255319
TSLA,2020-Q2,"Jul 22, 2020, 6:00 p.m. ET",0.085098035633564,0.018818067386746407,0.8960838913917542,0.06627996824681759,Auto,2020-Q2,14,32,0.2978723404255319
TSLA,2020-Q2,"Jul 22, 2020, 6:00 p.m. ET",0.085098035633564,0.018818067386746407,0.8960838913917542,0.06627996824681759,Auto,2020-Q2,14,32,0.2978723404255319
TSLA,2020-Q2,"Jul 22, 2020, 6:00 p.m. ET",0.085098035633564,0.018818067386746407,0.8960838913917542,0.06627996824681759,Auto,2020-Q2,14,32,0.2978723404255319
TSLA,2020-Q2,"Jul 22, 2020, 6:00 p.m. ET",0.085098035633564,0.018818067386746407,0.8960838913917542,0.06627996824681759,Auto,2020-Q2,14,32,0.2978723404255319
TSLA,2020-Q2,"Jul 22, 2020, 6:00 p.m. ET",0.085098035633564,0.018818067386746407,0.8960838913917542,0.06627996824681759,Auto,2020-Q2,14,32,0.2978723404255319
TSLA,2020-Q2,"Jul 22, 2020, 6:00 p.m. ET",0.085098035633564,0.018818067386746407,0.8960838913917542,0.06627996824681759,Auto,2020-Q2,14,32,0.2978723404255319
TSLA,2020-Q2,"Jul 22, 2020, 6:00 p.m. ET",0.085098035633564,0.018818067386746407,0.8960838913917542,0.06627996824681759,Auto,2020-Q2,14,32,0.2978723404255319
TSLA,2020-Q2,"Jul 22, 2020, 6:00 p.m. ET",0.085098035633564,0.018818067386746407,0.8960838913917542,0.06627996824681759,Auto,2020-Q2,14,32,0.2978723404255319
TSLA,2020-Q2,"Jul 22, 2020, 6:00 p.m. ET",0.085098035633564,0.018818067386746407,0.8960838913917542,0.06627996824681759,Auto,2020-Q2,14,32,0.2978723404255319
TSLA,2020-Q2,"Jul 22, 2020, 6:00 p.m. ET",0.085098035633564,0.018818067386746407,0.8960838913917542,0.06627996824681759,Auto,2020-Q2,14,32,0.2978723404255319
TSLA,2020-Q2,"Jul 22, 2020, 6:00 p.m. ET",0.085098035633564,0.018818067386746407,0.8960838913917542,0.06627996824681759,Auto,2020-Q2,14,32,0.2978723404255319
TSLA,2020-Q2,"Jul 22, 2020, 6:00 p.m. ET",0.085098035633564,0.018818067386746407,0.8960838913917542,0.06627996824681759,Auto,2020-Q2,14,32,0.2978723404255319
TSLA,2020-Q2,"Jul 22, 2020, 6:00 p.m. ET",0.085098035633564,0.018818067386746407,0.8960838913917542,0.06627996824681759,Auto,2020-Q2,14,32,0.2978723404255319
BLK,2020-Q4,"Jan 14, 2021, 8:30 a.m. ET",0.1290874481201172,0.013040523044764996,0.8578720092773438,0.11604692507535219,Finance,2020-Q4,27,113,0.19148936170212766
BLK,2020-Q4,"Jan 14, 2021, 8:30 a.m. ET",0.1290874481201172,0.013040523044764996,0.8578720092773438,0.11604692507535219,Finance,2020-Q4,27,113,0.19148936170212766
BLK,2020-Q4,"Jan 14, 2021, 8:30 a.m. ET",0.1290874481201172,0.013040523044764996,0.8578720092773438,0.11604692507535219,Finance,2020-Q4,27,113,0.19148936170212766
BLK,2020-Q4,"Jan 14, 2021, 8:30 a.m. ET",0.1290874481201172,0.013040523044764996,0.8578720092773438,0.11604692507535219,Finance,2020-Q4,27,113,0.19148936170212766
BLK,2020-Q4,"Jan 14, 2021, 8:30 a.m. ET",0.1290874481201172,0.013040523044764996,0.8578720092773438,0.11604692507535219,Finance,2020-Q4,27,113,0.19148936170212766
PEP,2020-Q4,"Feb 11, 2021, 6:30 a.m. ET",0.07049757242202759,0.02037651091814041,0.9091258645057678,0.050121061503887177,Consumer,2020-Q4,8,61,0.11428571428571428
INTC,2020-Q2,"Jul 23, 2020, 5:00 p.m. ET",0.06772421300411224,0.014910752885043621,0.9173650741577148,0.05281346011906862,Tech,2020-Q2,23,66,0.25555555555555554
INTC,2020-Q2,"Jul 23, 2020, 5:00 p.m. ET",0.06772421300411224,0.014910752885043621,0.9173650741577148,0.05281346011906862,Tech,2020-Q2,23,66,0.25555555555555554
INTC,2020-Q2,"Jul 23, 2020, 5:00 p.m. ET",0.06772421300411224,0.014910752885043621,0.9173650741577148,0.05281346011906862,Tech,2020-Q2,23,66,0.25555555555555554
INTC,2020-Q2,"Jul 23, 2020, 5:00 p.m. ET",0.06772421300411224,0.014910752885043621,0.9173650741577148,0.05281346011906862,Tech,2020-Q2,23,66,0.25555555555555554
INTC,2020-Q2,"Jul 23, 2020, 5:00 p.m. ET",0.06772421300411224,0.014910752885043621,0.9173650741577148,0.05281346011906862,Tech,2020-Q2,23,66,0.25555555555555554
MRNA,2021-Q1,"May 06, 2021, 8:00 a.m. ET",0.14075466990470886,0.011109570972621441,0.848135769367218,0.12964509893208742,Healthcare,2021-Q1,35,25,0.5737704918032787
MRNA,2021-Q1,"May 06, 2021, 8:00 a.m. ET",0.14075466990470886,0.011109570972621441,0.848135769367218,0.12964509893208742,Healthcare,2021-Q1,35,25,0.5737704918032787
MRNA,2021-Q1,"May 06, 2021, 8:00 a.m. ET",0.14075466990470886,0.011109570972621441,0.848135769367218,0.12964509893208742,Healthcare,2021-Q1,35,25,0.5737704918032787
MRNA,2021-Q1,"May 06, 2021, 8:00 a.m. ET",0.14075466990470886,0.011109570972621441,0.848135769367218,0.12964509893208742,Healthcare,2021-Q1,35,25,0.5737704918032787
MRNA,2021-Q1,"May 06, 2021, 8:00 a.m. ET",0.14075466990470886,0.011109570972621441,0.848135769367218,0.12964509893208742,Healthcare,2021-Q1,35,25,0.5737704918032787
MRNA,2021-Q1,"May 06, 2021, 8:00 a.m. ET",0.14075466990470886,0.011109570972621441,0.848135769367218,0.12964509893208742,Healthcare,2021-Q1,35,25,0.5737704918032787
MRNA,2021-Q1,"May 06, 2021, 8:00 a.m. ET",0.14075466990470886,0.011109570972621441,0.848135769367218,0.12964509893208742,Healthcare,2021-Q1,35,25,0.5737704918032787
MRNA,2021-Q1,"May 06, 2021, 8:00 a.m. ET",0.14075466990470886,0.011109570972621441,0.848135769367218,0.12964509893208742,Healthcare,2021-Q1,35,25,0.5737704918032787
TSLA,2020-Q2,"Jul 22, 2020, 6:00 p.m. ET",0.085098035633564,0.018818067386746407,0.8960838913917542,0.06627996824681759,Auto,2020-Q2,14,32,0.2978723404255319
TSLA,2020-Q2,"Jul 22, 2020, 6:00 p.m. ET",0.085098035633564,0.018818067386746407,0.8960838913917542,0.06627996824681759,Auto,2020-Q2,14,32,0.2978723404255319
TSLA,2020-Q2,"Jul 22, 2020, 6:00 p.m. ET",0.085098035633564,0.018818067386746407,0.8960838913917542,0.06627996824681759,Auto,2020-Q2,14,32,0.2978723404255319
TSLA,2020-Q2,"Jul 22, 2020, 6:00 p.m. ET",0.085098035633564,0.018818067386746407,0.8960838913917542,0.06627996824681759,Auto,2020-Q2,14,32,0.2978723404255319
TSLA,2020-Q2,"Jul 22, 2020, 6:00 p.m. ET",0.085098035633564,0.018818067386746407,0.8960838913917542,0.06627996824681759,Auto,2020-Q2,14,32,0.2978723404255319
TSLA,2020-Q2,"Jul 22, 2020, 6:00 p.m. ET",0.085098035633564,0.018818067386746407,0.8960838913917542,0.06627996824681759,Auto,2020-Q2,14,32,0.2978723404255319
TSLA,2020-Q2,"Jul 22, 2020, 6:00 p.m. ET",0.085098035633564,0.018818067386746407,0.8960838913917542,0.06627996824681759,Auto,2020-Q2,14,32,0.2978723404255319
TSLA,2020-Q2,"Jul 22, 2020, 6:00 p.m. ET",0.085098035633564,0.018818067386746407,0.8960838913917542,0.06627996824681759,Auto,2020-Q2,14,32,0.2978723404255319
TSLA,2020-Q2,"Jul 22, 2020, 6:00 p.m. ET",0.085098035633564,0.018818067386746407,0.8960838913917542,0.06627996824681759,Auto,2020-Q2,14,32,0.2978723404255319
TSLA,2020-Q2,"Jul 22, 2020, 6:00 p.m. ET",0.085098035633564,0.018818067386746407,0.8960838913917542,0.06627996824681759,Auto,2020-Q2,14,32,0.2978723404255319
TSLA,2020-Q2,"Jul 22, 2020, 6:00 p.m. ET",0.085098035633564,0.018818067386746407,0.8960838913917542,0.06627996824681759,Auto,2020-Q2,14,32,0.2978723404255319
TSLA,2020-Q2,"Jul 22, 2020, 6:00 p.m. ET",0.085098035633564,0.018818067386746407,0.8960838913917542,0.06627996824681759,Auto,2020-Q2,14,32,0.2978723404255319
TSLA,2020-Q2,"Jul 22, 2020, 6:00 p.m. ET",0.085098035633564,0.018818067386746407,0.8960838913917542,0.06627996824681759,Auto,2020-Q2,14,32,0.2978723404255319
TSLA,2020-Q2,"Jul 22, 2020, 6:00 p.m. ET",0.085098035633564,0.018818067386746407,0.8960838913917542,0.06627996824681759,Auto,2020-Q2,14,32,0.2978723404255319
TSLA,2020-Q2,"Jul 22, 2020, 6:00 p.m. ET",0.085098035633564,0.018818067386746407,0.8960838913917542,0.06627996824681759,Auto,2020-Q2,14,32,0.2978723404255319
TSLA,2020-Q2,"Jul 22, 2020, 6:00 p.m. ET",0.085098035633564,0.018818067386746407,0.8960838913917542,0.06627996824681759,Auto,2020-Q2,14,32,0.2978723404255319
TSLA,2020-Q2,"Jul 22, 2020, 6:00 p.m. ET",0.085098035633564,0.018818067386746407,0.8960838913917542,0.06627996824681759,Auto,2020-Q2,14,32,0.2978723404255319
TSLA,2020-Q2,"Jul 22, 2020, 6:00 p.m. ET",0.085098035633564,0.018818067386746407,0.8960838913917542,0.06627996824681759,Auto,2020-Q2,14,32,0.2978723404255319
TSLA,2020-Q2,"Jul 22, 2020, 6:00 p.m. ET",0.085098035633564,0.018818067386746407,0.8960838913917542,0.06627996824681759,Auto,2020-Q2,14,32,0.2978723404255319
TSLA,2020-Q2,"Jul 22, 2020, 6:00 p.m. ET",0.085098035633564,0.018818067386746407,0.8960838913917542,0.06627996824681759,Auto,2020-Q2,14,32,0.2978723404255319
TSLA,2020-Q2,"Jul 22, 2020, 6:00 p.m. ET",0.085098035633564,0.018818067386746407,0.8960838913917542,0.06627996824681759,Auto,2020-Q2,14,32,0.2978723404255319
TSLA,2020-Q2,"Jul 22, 2020, 6:00 p.m. ET",0.085098035633564,0.018818067386746407,0.8960838913917542,0.06627996824681759,Auto,2020-Q2,14,32,0.2978723404255319
TSLA,2020-Q2,"Jul 22, 2020, 6:00 p.m. ET",0.085098035633564,0.018818067386746407,0.8960838913917542,0.06627996824681759,Auto,2020-Q2,14,32,0.2978723404255319
TSLA,2020-Q2,"Jul 22, 2020, 6:00 p.m. ET",0.085098035633564,0.018818067386746407,0.8960838913917542,0.06627996824681759,Auto,2020-Q2,14,32,0.2978723404255319
TSLA,2020-Q2,"Jul 22, 2020, 6:00 p.m. ET",0.085098035633564,0.018818067386746407,0.8960838913917542,0.06627996824681759,Auto,2020-Q2,14,32,0.2978723404255319
TSLA,2020-Q2,"Jul 22, 2020, 6:00 p.m. ET",0.085098035633564,0.018818067386746407,0.8960838913917542,0.06627996824681759,Auto,2020-Q2,14,32,0.2978723404255319
TSLA,2020-Q2,"Jul 22, 2020, 6:00 p.m. ET",0.085098035633564,0.018818067386746407,0.8960838913917542,0.06627996824681759,Auto,2020-Q2,14,32,0.2978723404255319
TSLA,2020-Q2,"Jul 22, 2020, 6:00 p.m. ET",0.085098035633564,0.018818067386746407,0.8960838913917542,0.06627996824681759,Auto,2020-Q2,14,32,0.2978723404255319
TSLA,2020-Q2,"Jul 22, 2020, 6:00 p.m. ET",0.085098035633564,0.018818067386746407,0.8960838913917542,0.06627996824681759,Auto,2020-Q2,14,32,0.2978723404255319
TSLA,2020-Q2,"Jul 22, 2020, 6:00 p.m. ET",0.085098035633564,0.018818067386746407,0.8960838913917542,0.06627996824681759,Auto,2020-Q2,14,32,0.2978723404255319
TSLA,2020-Q2,"Jul 22, 2020, 6:00 p.m. ET",0.085098035633564,0.018818067386746407,0.8960838913917542,0.06627996824681759,Auto,2020-Q2,14,32,0.2978723404255319
TSLA,2020-Q2,"Jul 22, 2020, 6:00 p.m. ET",0.085098035633564,0.018818067386746407,0.8960838913917542,0.06627996824681759,Auto,2020-Q2,14,32,0.2978723404255319
AAPL,2020-Q1,"Jan 28, 2020, 5:00 p.m. ET",0.44424036145210266,0.011321954429149628,0.5444376468658447,0.43291840702295303,Tech,2020-Q1,18,103,0.14754098360655737
AAPL,2020-Q1,"Jan 28, 2020, 5:00 p.m. ET",0.44424036145210266,0.011321954429149628,0.5444376468658447,0.43291840702295303,Tech,2020-Q1,18,103,0.14754098360655737
AAPL,2020-Q1,"Jan 28, 2020, 5:00 p.m. ET",0.44424036145210266,0.011321954429149628,0.5444376468658447,0.43291840702295303,Tech,2020-Q1,18,103,0.14754098360655737
AAPL,2020-Q1,"Jan 28, 2020, 5:00 p.m. ET",0.44424036145210266,0.011321954429149628,0.5444376468658447,0.43291840702295303,Tech,2020-Q1,18,103,0.14754098360655737
AAPL,2020-Q1,"Jan 28, 2020, 5:00 p.m. ET",0.44424036145210266,0.011321954429149628,0.5444376468658447,0.43291840702295303,Tech,2020-Q1,18,103,0.14754098360655737
AAPL,2020-Q1,"Jan 28, 2020, 5:00 p.m. ET",0.44424036145210266,0.011321954429149628,0.5444376468658447,0.43291840702295303,Tech,2020-Q1,18,103,0.14754098360655737
AAPL,2020-Q1,"Jan 28, 2020, 5:00 p.m. ET",0.44424036145210266,0.011321954429149628,0.5444376468658447,0.43291840702295303,Tech,2020-Q1,18,103,0.14754098360655737
AAPL,2020-Q1,"Jan 28, 2020, 5:00 p.m. ET",0.44424036145210266,0.011321954429149628,0.5444376468658447,0.43291840702295303,Tech,2020-Q1,18,103,0.14754098360655737
AAPL,2020-Q1,"Jan 28, 2020, 5:00 p.m. ET",0.44424036145210266,0.011321954429149628,0.5444376468658447,0.43291840702295303,Tech,2020-Q1,18,103,0.14754098360655737
AAPL,2020-Q1,"Jan 28, 2020, 5:00 p.m. ET",0.44424036145210266,0.011321954429149628,0.5444376468658447,0.43291840702295303,Tech,2020-Q1,18,103,0.14754098360655737
AAPL,2020-Q1,"Jan 28, 2020, 5:00 p.m. ET",0.44424036145210266,0.011321954429149628,0.5444376468658447,0.43291840702295303,Tech,2020-Q1,18,103,0.14754098360655737
AAPL,2020-Q1,"Jan 28, 2020, 5:00 p.m. ET",0.44424036145210266,0.011321954429149628,0.5444376468658447,0.43291840702295303,Tech,2020-Q1,18,103,0.14754098360655737
AAPL,2020-Q1,"Jan 28, 2020, 5:00 p.m. ET",0.44424036145210266,0.011321954429149628,0.5444376468658447,0.43291840702295303,Tech,2020-Q1,18,103,0.14754098360655737
AAPL,2020-Q1,"Jan 28, 2020, 5:00 p.m. ET",0.44424036145210266,0.011321954429149628,0.5444376468658447,0.43291840702295303,Tech,2020-Q1,18,103,0.14754098360655737
AAPL,2020-Q1,"Jan 28, 2020, 5:00 p.m. ET",0.44424036145210266,0.011321954429149628,0.5444376468658447,0.43291840702295303,Tech,2020-Q1,18,103,0.14754098360655737
AAPL,2020-Q1,"Jan 28, 2020, 5:00 p.m. ET",0.44424036145210266,0.011321954429149628,0.5444376468658447,0.43291840702295303,Tech,2020-Q1,18,103,0.14754098360655737
AAPL,2020-Q1,"Jan 28, 2020, 5:00 p.m. ET",0.44424036145210266,0.011321954429149628,0.5444376468658447,0.43291840702295303,Tech,2020-Q1,18,103,0.14754098360655737
AAPL,2020-Q1,"Jan 28, 2020, 5:00 p.m. ET",0.44424036145210266,0.011321954429149628,0.5444376468658447,0.43291840702295303,Tech,2020-Q1,18,103,0.14754098360655737
AAPL,2020-Q1,"Jan 28, 2020, 5:00 p.m. ET",0.44424036145210266,0.011321954429149628,0.5444376468658447,0.43291840702295303,Tech,2020-Q1,18,103,0.14754098360655737
AAPL,2020-Q1,"Jan 28, 2020, 5:00 p.m. ET",0.44424036145210266,0.011321954429149628,0.5444376468658447,0.43291840702295303,Tech,2020-Q1,18,103,0.14754098360655737
AAPL,2020-Q1,"Jan 28, 2020, 5:00 p.m. ET",0.44424036145210266,0.011321954429149628,0.5444376468658447,0.43291840702295303,Tech,2020-Q1,18,103,0.14754098360655737
TSLA,2019-Q3,"Oct 23, 2019, 6:30 p.m. ET",0.9122058153152466,0.011611334048211575,0.07618290930986404,0.900594481267035,Auto,2019-Q3,11,36,0.22916666666666666
WMT,2023-Q2,"Aug 16, 2022, 8:00 a.m. ET",0.05088574066758156,0.02086748369038105,0.928246796131134,0.030018256977200508,Retail,2023-Q2,94,92,0.5026737967914439
WMT,2023-Q2,"Aug 16, 2022, 8:00 a.m. ET",0.05088574066758156,0.02086748369038105,0.928246796131134,0.030018256977200508,Retail,2023-Q2,94,92,0.5026737967914439
WMT,2023-Q2,"Aug 16, 2022, 8:00 a.m. ET",0.05088574066758156,0.02086748369038105,0.928246796131134,0.030018256977200508,Retail,2023-Q2,94,92,0.5026737967914439
TSLA,2020-Q2,"Jul 22, 2020, 6:00 p.m. ET",0.085098035633564,0.018818067386746407,0.8960838913917542,0.06627996824681759,Auto,2020-Q2,14,32,0.2978723404255319
TSLA,2020-Q2,"Jul 22, 2020, 6:00 p.m. ET",0.085098035633564,0.018818067386746407,0.8960838913917542,0.06627996824681759,Auto,2020-Q2,14,32,0.2978723404255319
TSLA,2020-Q2,"Jul 22, 2020, 6:00 p.m. ET",0.085098035633564,0.018818067386746407,0.8960838913917542,0.06627996824681759,Auto,2020-Q2,14,32,0.2978723404255319
TSLA,2020-Q2,"Jul 22, 2020, 6:00 p.m. ET",0.085098035633564,0.018818067386746407,0.8960838913917542,0.06627996824681759,Auto,2020-Q2,14,32,0.2978723404255319
TSLA,2020-Q2,"Jul 22, 2020, 6:00 p.m. ET",0.085098035633564,0.018818067386746407,0.8960838913917542,0.06627996824681759,Auto,2020-Q2,14,32,0.2978723404255319
TSLA,2020-Q2,"Jul 22, 2020, 6:00 p.m. ET",0.085098035633564,0.018818067386746407,0.8960838913917542,0.06627996824681759,Auto,2020-Q2,14,32,0.2978723404255319
TSLA,2020-Q2,"Jul 22, 2020, 6:00 p.m. ET",0.085098035633564,0.018818067386746407,0.8960838913917542,0.06627996824681759,Auto,2020-Q2,14,32,0.2978723404255319
TSLA,2020-Q2,"Jul 22, 2020, 6:00 p.m. ET",0.085098035633564,0.018818067386746407,0.8960838913917542,0.06627996824681759,Auto,2020-Q2,14,32,0.2978723404255319
TSLA,2020-Q2,"Jul 22, 2020, 6:00 p.m. ET",0.085098035633564,0.018818067386746407,0.8960838913917542,0.06627996824681759,Auto,2020-Q2,14,32,0.2978723404255319
TSLA,2020-Q2,"Jul 22, 2020, 6:00 p.m. ET",0.085098035633564,0.018818067386746407,0.8960838913917542,0.06627996824681759,Auto,2020-Q2,14,32,0.2978723404255319
TSLA,2020-Q2,"Jul 22, 2020, 6:00 p.m. ET",0.085098035633564,0.018818067386746407,0.8960838913917542,0.06627996824681759,Auto,2020-Q2,14,32,0.2978723404255319
TSLA,2020-Q2,"Jul 22, 2020, 6:00 p.m. ET",0.085098035633564,0.018818067386746407,0.8960838913917542,0.06627996824681759,Auto,2020-Q2,14,32,0.2978723404255319
TSLA,2020-Q2,"Jul 22, 2020, 6:00 p.m. ET",0.085098035633564,0.018818067386746407,0.8960838913917542,0.06627996824681759,Auto,2020-Q2,14,32,0.2978723404255319
TSLA,2020-Q2,"Jul 22, 2020, 6:00 p.m. ET",0.085098035633564,0.018818067386746407,0.8960838913917542,0.06627996824681759,Auto,2020-Q2,14,32,0.2978723404255319
TSLA,2020-Q2,"Jul 22, 2020, 6:00 p.m. ET",0.085098035633564,0.018818067386746407,0.8960838913917542,0.06627996824681759,Auto,2020-Q2,14,32,0.2978723404255319
TSLA,2020-Q2,"Jul 22, 2020, 6:00 p.m. ET",0.085098035633564,0.018818067386746407,0.8960838913917542,0.06627996824681759,Auto,2020-Q2,14,32,0.2978723404255319
TSLA,2020-Q2,"Jul 22, 2020, 6:00 p.m. ET",0.085098035633564,0.018818067386746407,0.8960838913917542,0.06627996824681759,Auto,2020-Q2,14,32,0.2978723404255319
TSLA,2020-Q2,"Jul 22, 2020, 6:00 p.m. ET",0.085098035633564,0.018818067386746407,0.8960838913917542,0.06627996824681759,Auto,2020-Q2,14,32,0.2978723404255319
TSLA,2020-Q2,"Jul 22, 2020, 6:00 p.m. ET",0.085098035633564,0.018818067386746407,0.8960838913917542,0.06627996824681759,Auto,2020-Q2,14,32,0.2978723404255319
TSLA,2020-Q2,"Jul 22, 2020, 6:00 p.m. ET",0.085098035633564,0.018818067386746407,0.8960838913917542,0.06627996824681759,Auto,2020-Q2,14,32,0.2978723404255319
TSLA,2020-Q2,"Jul 22, 2020, 6:00 p.m. ET",0.085098035633564,0.018818067386746407,0.8960838913917542,0.06627996824681759,Auto,2020-Q2,14,32,0.2978723404255319
TSLA,2020-Q2,"Jul 22, 2020, 6:00 p.m. ET",0.085098035633564,0.018818067386746407,0.8960838913917542,0.06627996824681759,Auto,2020-Q2,14,32,0.2978723404255319
TSLA,2020-Q2,"Jul 22, 2020, 6:00 p.m. ET",0.085098035633564,0.018818067386746407,0.8960838913917542,0.06627996824681759,Auto,2020-Q2,14,32,0.2978723404255319
TSLA,2020-Q2,"Jul 22, 2020, 6:00 p.m. ET",0.085098035633564,0.018818067386746407,0.8960838913917542,0.06627996824681759,Auto,2020-Q2,14,32,0.2978723404255319
TSLA,2020-Q2,"Jul 22, 2020, 6:00 p.m. ET",0.085098035633564,0.018818067386746407,0.8960838913917542,0.06627996824681759,Auto,2020-Q2,14,32,0.2978723404255319
TSLA,2020-Q2,"Jul 22, 2020, 6:00 p.m. ET",0.085098035633564,0.018818067386746407,0.8960838913917542,0.06627996824681759,Auto,2020-Q2,14,32,0.2978723404255319
TSLA,2020-Q2,"Jul 22, 2020, 6:00 p.m. ET",0.085098035633564,0.018818067386746407,0.8960838913917542,0.06627996824681759,Auto,2020-Q2,14,32,0.2978723404255319
TSLA,2020-Q2,"Jul 22, 2020, 6:00 p.m. ET",0.085098035633564,0.018818067386746407,0.8960838913917542,0.06627996824681759,Auto,2020-Q2,14,32,0.2978723404255319
TSLA,2020-Q2,"Jul 22, 2020, 6:00 p.m. ET",0.085098035633564,0.018818067386746407,0.8960838913917542,0.06627996824681759,Auto,2020-Q2,14,32,0.2978723404255319
TSLA,2020-Q2,"Jul 22, 2020, 6:00 p.m. ET",0.085098035633564,0.018818067386746407,0.8960838913917542,0.06627996824681759,Auto,2020-Q2,14,32,0.2978723404255319
TSLA,2020-Q2,"Jul 22, 2020, 6:00 p.m. ET",0.085098035633564,0.018818067386746407,0.8960838913917542,0.06627996824681759,Auto,2020-Q2,14,32,0.2978723404255319
TSLA,2020-Q2,"Jul 22, 2020, 6:00 p.m. ET",0.085098035633564,0.018818067386746407,0.8960838913917542,0.06627996824681759,Auto,2020-Q2,14,32,0.2978723404255319
AMD,2020-Q4,"Jan 26, 2021, 5:00 p.m. ET",0.5050826072692871,0.013197333551943302,0.48172006011009216,0.4918852737173438,Tech,2020-Q4,9,141,0.059602649006622516
AMD,2020-Q4,"Jan 26, 2021, 5:00 p.m. ET",0.5050826072692871,0.013197333551943302,0.48172006011009216,0.4918852737173438,Tech,2020-Q4,9,141,0.059602649006622516
AAPL,2020-Q2,"Apr 30, 2020, 5:00 p.m. ET",0.2375384420156479,0.012087523937225342,0.7503740191459656,0.22545091807842255,Tech,2020-Q2,33,61,0.3473684210526316
AAPL,2020-Q2,"Apr 30, 2020, 5:00 p.m. ET",0.2375384420156479,0.012087523937225342,0.7503740191459656,0.22545091807842255,Tech,2020-Q2,33,61,0.3473684210526316
AAPL,2020-Q2,"Apr 30, 2020, 5:00 p.m. ET",0.2375384420156479,0.012087523937225342,0.7503740191459656,0.22545091807842255,Tech,2020-Q2,33,61,0.3473684210526316
AAPL,2020-Q2,"Apr 30, 2020, 5:00 p.m. ET",0.2375384420156479,0.012087523937225342,0.7503740191459656,0.22545091807842255,Tech,2020-Q2,33,61,0.3473684210526316
AAPL,2020-Q2,"Apr 30, 2020, 5:00 p.m. ET",0.2375384420156479,0.012087523937225342,0.7503740191459656,0.22545091807842255,Tech,2020-Q2,33,61,0.3473684210526316
AAPL,2020-Q2,"Apr 30, 2020, 5:00 p.m. ET",0.2375384420156479,0.012087523937225342,0.7503740191459656,0.22545091807842255,Tech,2020-Q2,33,61,0.3473684210526316
AAPL,2020-Q2,"Apr 30, 2020, 5:00 p.m. ET",0.2375384420156479,0.012087523937225342,0.7503740191459656,0.22545091807842255,Tech,2020-Q2,33,61,0.3473684210526316
AAPL,2020-Q2,"Apr 30, 2020, 5:00 p.m. ET",0.2375384420156479,0.012087523937225342,0.7503740191459656,0.22545091807842255,Tech,2020-Q2,33,61,0.3473684210526316
AAPL,2020-Q2,"Apr 30, 2020, 5:00 p.m. ET",0.2375384420156479,0.012087523937225342,0.7503740191459656,0.22545091807842255,Tech,2020-Q2,33,61,0.3473684210526316
AAPL,2020-Q2,"Apr 30, 2020, 5:00 p.m. ET",0.2375384420156479,0.012087523937225342,0.7503740191459656,0.22545091807842255,Tech,2020-Q2,33,61,0.3473684210526316
AAPL,2020-Q2,"Apr 30, 2020, 5:00 p.m. ET",0.2375384420156479,0.012087523937225342,0.7503740191459656,0.22545091807842255,Tech,2020-Q2,33,61,0.3473684210526316
AAPL,2020-Q2,"Apr 30, 2020, 5:00 p.m. ET",0.2375384420156479,0.012087523937225342,0.7503740191459656,0.22545091807842255,Tech,2020-Q2,33,61,0.3473684210526316
AAPL,2020-Q2,"Apr 30, 2020, 5:00 p.m. ET",0.2375384420156479,0.012087523937225342,0.7503740191459656,0.22545091807842255,Tech,2020-Q2,33,61,0.3473684210526316
AAPL,2020-Q2,"Apr 30, 2020, 5:00 p.m. ET",0.2375384420156479,0.012087523937225342,0.7503740191459656,0.22545091807842255,Tech,2020-Q2,33,61,0.3473684210526316
AAPL,2020-Q2,"Apr 30, 2020, 5:00 p.m. ET",0.2375384420156479,0.012087523937225342,0.7503740191459656,0.22545091807842255,Tech,2020-Q2,33,61,0.3473684210526316
AAPL,2020-Q2,"Apr 30, 2020, 5:00 p.m. ET",0.2375384420156479,0.012087523937225342,0.7503740191459656,0.22545091807842255,Tech,2020-Q2,33,61,0.3473684210526316
AAPL,2020-Q2,"Apr 30, 2020, 5:00 p.m. ET",0.2375384420156479,0.012087523937225342,0.7503740191459656,0.22545091807842255,Tech,2020-Q2,33,61,0.3473684210526316
AAPL,2020-Q2,"Apr 30, 2020, 5:00 p.m. ET",0.2375384420156479,0.012087523937225342,0.7503740191459656,0.22545091807842255,Tech,2020-Q2,33,61,0.3473684210526316
AAPL,2020-Q2,"Apr 30, 2020, 5:00 p.m. ET",0.2375384420156479,0.012087523937225342,0.7503740191459656,0.22545091807842255,Tech,2020-Q2,33,61,0.3473684210526316
AAPL,2020-Q2,"Apr 30, 2020, 5:00 p.m. ET",0.2375384420156479,0.012087523937225342,0.7503740191459656,0.22545091807842255,Tech,2020-Q2,33,61,0.3473684210526316
AAPL,2020-Q2,"Apr 30, 2020, 5:00 p.m. ET",0.2375384420156479,0.012087523937225342,0.7503740191459656,0.22545091807842255,Tech,2020-Q2,33,61,0.3473684210526316
AAPL,2020-Q2,"Apr 30, 2020, 5:00 p.m. ET",0.2375384420156479,0.012087523937225342,0.7503740191459656,0.22545091807842255,Tech,2020-Q2,33,61,0.3473684210526316
AAPL,2020-Q2,"Apr 30, 2020, 5:00 p.m. ET",0.2375384420156479,0.012087523937225342,0.7503740191459656,0.22545091807842255,Tech,2020-Q2,33,61,0.3473684210526316
AAPL,2020-Q2,"Apr 30, 2020, 5:00 p.m. ET",0.2375384420156479,0.012087523937225342,0.7503740191459656,0.22545091807842255,Tech,2020-Q2,33,61,0.3473684210526316
AAPL,2020-Q2,"Apr 30, 2020, 5:00 p.m. ET",0.2375384420156479,0.012087523937225342,0.7503740191459656,0.22545091807842255,Tech,2020-Q2,33,61,0.3473684210526316
GOOGL,2020-Q4,"Feb 2, 2021, 5:00 p.m. ET",0.16166003048419952,0.011462821625173092,0.8268771767616272,0.15019720885902643,Tech,2020-Q4,19,75,0.2
GOOGL,2020-Q4,"Feb 2, 2021, 5:00 p.m. ET",0.16166003048419952,0.011462821625173092,0.8268771767616272,0.15019720885902643,Tech,2020-Q4,19,75,0.2
GOOGL,2020-Q4,"Feb 2, 2021, 5:00 p.m. ET",0.16166003048419952,0.011462821625173092,0.8268771767616272,0.15019720885902643,Tech,2020-Q4,19,75,0.2
GOOGL,2020-Q4,"Feb 2, 2021, 5:00 p.m. ET",0.16166003048419952,0.011462821625173092,0.8268771767616272,0.15019720885902643,Tech,2020-Q4,19,75,0.2
GOOGL,2020-Q4,"Feb 2, 2021, 5:00 p.m. ET",0.16166003048419952,0.011462821625173092,0.8268771767616272,0.15019720885902643,Tech,2020-Q4,19,75,0.2
GOOGL,2020-Q4,"Feb 2, 2021, 5:00 p.m. ET",0.16166003048419952,0.011462821625173092,0.8268771767616272,0.15019720885902643,Tech,2020-Q4,19,75,0.2
GOOGL,2020-Q4,"Feb 2, 2021, 5:00 p.m. ET",0.16166003048419952,0.011462821625173092,0.8268771767616272,0.15019720885902643,Tech,2020-Q4,19,75,0.2
GOOGL,2020-Q4,"Feb 2, 2021, 5:00 p.m. ET",0.16166003048419952,0.011462821625173092,0.8268771767616272,0.15019720885902643,Tech,2020-Q4,19,75,0.2
GOOGL,2020-Q4,"Feb 2, 2021, 5:00 p.m. ET",0.16166003048419952,0.011462821625173092,0.8268771767616272,0.15019720885902643,Tech,2020-Q4,19,75,0.2
GOOGL,2020-Q4,"Feb 2, 2021, 5:00 p.m. ET",0.16166003048419952,0.011462821625173092,0.8268771767616272,0.15019720885902643,Tech,2020-Q4,19,75,0.2
TSLA,2020-Q2,"Jul 22, 2020, 6:00 p.m. ET",0.085098035633564,0.018818067386746407,0.8960838913917542,0.06627996824681759,Auto,2020-Q2,14,32,0.2978723404255319
TSLA,2020-Q2,"Jul 22, 2020, 6:00 p.m. ET",0.085098035633564,0.018818067386746407,0.8960838913917542,0.06627996824681759,Auto,2020-Q2,14,32,0.2978723404255319
TSLA,2020-Q2,"Jul 22, 2020, 6:00 p.m. ET",0.085098035633564,0.018818067386746407,0.8960838913917542,0.06627996824681759,Auto,2020-Q2,14,32,0.2978723404255319
TSLA,2020-Q2,"Jul 22, 2020, 6:00 p.m. ET",0.085098035633564,0.018818067386746407,0.8960838913917542,0.06627996824681759,Auto,2020-Q2,14,32,0.2978723404255319
TSLA,2020-Q2,"Jul 22, 2020, 6:00 p.m. ET",0.085098035633564,0.018818067386746407,0.8960838913917542,0.06627996824681759,Auto,2020-Q2,14,32,0.2978723404255319
TSLA,2020-Q2,"Jul 22, 2020, 6:00 p.m. ET",0.085098035633564,0.018818067386746407,0.8960838913917542,0.06627996824681759,Auto,2020-Q2,14,32,0.2978723404255319
TSLA,2020-Q2,"Jul 22, 2020, 6:00 p.m. ET",0.085098035633564,0.018818067386746407,0.8960838913917542,0.06627996824681759,Auto,2020-Q2,14,32,0.2978723404255319
TSLA,2020-Q2,"Jul 22, 2020, 6:00 p.m. ET",0.085098035633564,0.018818067386746407,0.8960838913917542,0.06627996824681759,Auto,2020-Q2,14,32,0.2978723404255319
TSLA,2020-Q2,"Jul 22, 2020, 6:00 p.m. ET",0.085098035633564,0.018818067386746407,0.8960838913917542,0.06627996824681759,Auto,2020-Q2,14,32,0.2978723404255319
TSLA,2020-Q2,"Jul 22, 2020, 6:00 p.m. ET",0.085098035633564,0.018818067386746407,0.8960838913917542,0.06627996824681759,Auto,2020-Q2,14,32,0.2978723404255319
TSLA,2020-Q2,"Jul 22, 2020, 6:00 p.m. ET",0.085098035633564,0.018818067386746407,0.8960838913917542,0.06627996824681759,Auto,2020-Q2,14,32,0.2978723404255319
TSLA,2020-Q2,"Jul 22, 2020, 6:00 p.m. ET",0.085098035633564,0.018818067386746407,0.8960838913917542,0.06627996824681759,Auto,2020-Q2,14,32,0.2978723404255319
TSLA,2020-Q2,"Jul 22, 2020, 6:00 p.m. ET",0.085098035633564,0.018818067386746407,0.8960838913917542,0.06627996824681759,Auto,2020-Q2,14,32,0.2978723404255319
TSLA,2020-Q2,"Jul 22, 2020, 6:00 p.m. ET",0.085098035633564,0.018818067386746407,0.8960838913917542,0.06627996824681759,Auto,2020-Q2,14,32,0.2978723404255319
TSLA,2020-Q2,"Jul 22, 2020, 6:00 p.m. ET",0.085098035633564,0.018818067386746407,0.8960838913917542,0.06627996824681759,Auto,2020-Q2,14,32,0.2978723404255319
TSLA,2020-Q2,"Jul 22, 2020, 6:00 p.m. ET",0.085098035633564,0.018818067386746407,0.8960838913917542,0.06627996824681759,Auto,2020-Q2,14,32,0.2978723404255319
TSLA,2020-Q2,"Jul 22, 2020, 6:00 p.m. ET",0.085098035633564,0.018818067386746407,0.8960838913917542,0.06627996824681759,Auto,2020-Q2,14,32,0.2978723404255319
TSLA,2020-Q2,"Jul 22, 2020, 6:00 p.m. ET",0.085098035633564,0.018818067386746407,0.8960838913917542,0.06627996824681759,Auto,2020-Q2,14,32,0.2978723404255319
TSLA,2020-Q2,"Jul 22, 2020, 6:00 p.m. ET",0.085098035633564,0.018818067386746407,0.8960838913917542,0.06627996824681759,Auto,2020-Q2,14,32,0.2978723404255319
TSLA,2020-Q2,"Jul 22, 2020, 6:00 p.m. ET",0.085098035633564,0.018818067386746407,0.8960838913917542,0.06627996824681759,Auto,2020-Q2,14,32,0.2978723404255319
TSLA,2020-Q2,"Jul 22, 2020, 6:00 p.m. ET",0.085098035633564,0.018818067386746407,0.8960838913917542,0.06627996824681759,Auto,2020-Q2,14,32,0.2978723404255319
TSLA,2020-Q2,"Jul 22, 2020, 6:00 p.m. ET",0.085098035633564,0.018818067386746407,0.8960838913917542,0.06627996824681759,Auto,2020-Q2,14,32,0.2978723404255319
TSLA,2020-Q2,"Jul 22, 2020, 6:00 p.m. ET",0.085098035633564,0.018818067386746407,0.8960838913917542,0.06627996824681759,Auto,2020-Q2,14,32,0.2978723404255319
TSLA,2020-Q2,"Jul 22, 2020, 6:00 p.m. ET",0.085098035633564,0.018818067386746407,0.8960838913917542,0.06627996824681759,Auto,2020-Q2,14,32,0.2978723404255319
TSLA,2020-Q2,"Jul 22, 2020, 6:00 p.m. ET",0.085098035633564,0.018818067386746407,0.8960838913917542,0.06627996824681759,Auto,2020-Q2,14,32,0.2978723404255319
TSLA,2020-Q2,"Jul 22, 2020, 6:00 p.m. ET",0.085098035633564,0.018818067386746407,0.8960838913917542,0.06627996824681759,Auto,2020-Q2,14,32,0.2978723404255319
TSLA,2020-Q2,"Jul 22, 2020, 6:00 p.m. ET",0.085098035633564,0.018818067386746407,0.8960838913917542,0.06627996824681759,Auto,2020-Q2,14,32,0.2978723404255319
TSLA,2020-Q2,"Jul 22, 2020, 6:00 p.m. ET",0.085098035633564,0.018818067386746407,0.8960838913917542,0.06627996824681759,Auto,2020-Q2,14,32,0.2978723404255319
TSLA,2020-Q2,"Jul 22, 2020, 6:00 p.m. ET",0.085098035633564,0.018818067386746407,0.8960838913917542,0.06627996824681759,Auto,2020-Q2,14,32,0.2978723404255319
TSLA,2020-Q2,"Jul 22, 2020, 6:00 p.m. ET",0.085098035633564,0.018818067386746407,0.8960838913917542,0.06627996824681759,Auto,2020-Q2,14,32,0.2978723404255319
TSLA,2020-Q2,"Jul 22, 2020, 6:00 p.m. ET",0.085098035633564,0.018818067386746407,0.8960838913917542,0.06627996824681759,Auto,2020-Q2,14,32,0.2978723404255319
TSLA,2020-Q2,"Jul 22, 2020, 6:00 p.m. ET",0.085098035633564,0.018818067386746407,0.8960838913917542,0.06627996824681759,Auto,2020-Q2,14,32,0.2978723404255319
GOOGL,2021-Q1,"Apr 27, 2021, 5:00 p.m. ET",0.13700048625469208,0.01218396332114935,0.8508155345916748,0.12481652293354273,Tech,2021-Q1,13,66,0.1625
GOOGL,2021-Q1,"Apr 27, 2021, 5:00 p.m. ET",0.13700048625469208,0.01218396332114935,0.8508155345916748,0.12481652293354273,Tech,2021-Q1,13,66,0.1625
GOOGL,2021-Q1,"Apr 27, 2021, 5:00 p.m. ET",0.13700048625469208,0.01218396332114935,0.8508155345916748,0.12481652293354273,Tech,2021-Q1,13,66,0.1625
GOOGL,2021-Q1,"Apr 27, 2021, 5:00 p.m. ET",0.13700048625469208,0.01218396332114935,0.8508155345916748,0.12481652293354273,Tech,2021-Q1,13,66,0.1625
TSLA,2020-Q2,"Jul 22, 2020, 6:00 p.m. ET",0.085098035633564,0.018818067386746407,0.8960838913917542,0.06627996824681759,Auto,2020-Q2,14,32,0.2978723404255319
TSLA,2020-Q2,"Jul 22, 2020, 6:00 p.m. ET",0.085098035633564,0.018818067386746407,0.8960838913917542,0.06627996824681759,Auto,2020-Q2,14,32,0.2978723404255319
TSLA,2020-Q2,"Jul 22, 2020, 6:00 p.m. ET",0.085098035633564,0.018818067386746407,0.8960838913917542,0.06627996824681759,Auto,2020-Q2,14,32,0.2978723404255319
TSLA,2020-Q2,"Jul 22, 2020, 6:00 p.m. ET",0.085098035633564,0.018818067386746407,0.8960838913917542,0.06627996824681759,Auto,2020-Q2,14,32,0.2978723404255319
TSLA,2020-Q2,"Jul 22, 2020, 6:00 p.m. ET",0.085098035633564,0.018818067386746407,0.8960838913917542,0.06627996824681759,Auto,2020-Q2,14,32,0.2978723404255319
TSLA,2020-Q2,"Jul 22, 2020, 6:00 p.m. ET",0.085098035633564,0.018818067386746407,0.8960838913917542,0.06627996824681759,Auto,2020-Q2,14,32,0.2978723404255319
TSLA,2020-Q2,"Jul 22, 2020, 6:00 p.m. ET",0.085098035633564,0.018818067386746407,0.8960838913917542,0.06627996824681759,Auto,2020-Q2,14,32,0.2978723404255319
TSLA,2020-Q2,"Jul 22, 2020, 6:00 p.m. ET",0.085098035633564,0.018818067386746407,0.8960838913917542,0.06627996824681759,Auto,2020-Q2,14,32,0.2978723404255319
TSLA,2020-Q2,"Jul 22, 2020, 6:00 p.m. ET",0.085098035633564,0.018818067386746407,0.8960838913917542,0.06627996824681759,Auto,2020-Q2,14,32,0.2978723404255319
TSLA,2020-Q2,"Jul 22, 2020, 6:00 p.m. ET",0.085098035633564,0.018818067386746407,0.8960838913917542,0.06627996824681759,Auto,2020-Q2,14,32,0.2978723404255319
TSLA,2020-Q2,"Jul 22, 2020, 6:00 p.m. ET",0.085098035633564,0.018818067386746407,0.8960838913917542,0.06627996824681759,Auto,2020-Q2,14,32,0.2978723404255319
TSLA,2020-Q2,"Jul 22, 2020, 6:00 p.m. ET",0.085098035633564,0.018818067386746407,0.8960838913917542,0.06627996824681759,Auto,2020-Q2,14,32,0.2978723404255319
TSLA,2020-Q2,"Jul 22, 2020, 6:00 p.m. ET",0.085098035633564,0.018818067386746407,0.8960838913917542,0.06627996824681759,Auto,2020-Q2,14,32,0.2978723404255319
TSLA,2020-Q2,"Jul 22, 2020, 6:00 p.m. ET",0.085098035633564,0.018818067386746407,0.8960838913917542,0.06627996824681759,Auto,2020-Q2,14,32,0.2978723404255319
TSLA,2020-Q2,"Jul 22, 2020, 6:00 p.m. ET",0.085098035633564,0.018818067386746407,0.8960838913917542,0.06627996824681759,Auto,2020-Q2,14,32,0.2978723404255319
TSLA,2020-Q2,"Jul 22, 2020, 6:00 p.m. ET",0.085098035633564,0.018818067386746407,0.8960838913917542,0.06627996824681759,Auto,2020-Q2,14,32,0.2978723404255319
TSLA,2020-Q2,"Jul 22, 2020, 6:00 p.m. ET",0.085098035633564,0.018818067386746407,0.8960838913917542,0.06627996824681759,Auto,2020-Q2,14,32,0.2978723404255319
TSLA,2020-Q2,"Jul 22, 2020, 6:00 p.m. ET",0.085098035633564,0.018818067386746407,0.8960838913917542,0.06627996824681759,Auto,2020-Q2,14,32,0.2978723404255319
TSLA,2020-Q2,"Jul 22, 2020, 6:00 p.m. ET",0.085098035633564,0.018818067386746407,0.8960838913917542,0.06627996824681759,Auto,2020-Q2,14,32,0.2978723404255319
TSLA,2020-Q2,"Jul 22, 2020, 6:00 p.m. ET",0.085098035633564,0.018818067386746407,0.8960838913917542,0.06627996824681759,Auto,2020-Q2,14,32,0.2978723404255319
TSLA,2020-Q2,"Jul 22, 2020, 6:00 p.m. ET",0.085098035633564,0.018818067386746407,0.8960838913917542,0.06627996824681759,Auto,2020-Q2,14,32,0.2978723404255319
TSLA,2020-Q2,"Jul 22, 2020, 6:00 p.m. ET",0.085098035633564,0.018818067386746407,0.8960838913917542,0.06627996824681759,Auto,2020-Q2,14,32,0.2978723404255319
TSLA,2020-Q2,"Jul 22, 2020, 6:00 p.m. ET",0.085098035633564,0.018818067386746407,0.8960838913917542,0.06627996824681759,Auto,2020-Q2,14,32,0.2978723404255319
TSLA,2020-Q2,"Jul 22, 2020, 6:00 p.m. ET",0.085098035633564,0.018818067386746407,0.8960838913917542,0.06627996824681759,Auto,2020-Q2,14,32,0.2978723404255319
TSLA,2020-Q2,"Jul 22, 2020, 6:00 p.m. ET",0.085098035633564,0.018818067386746407,0.8960838913917542,0.06627996824681759,Auto,2020-Q2,14,32,0.2978723404255319
TSLA,2020-Q2,"Jul 22, 2020, 6:00 p.m. ET",0.085098035633564,0.018818067386746407,0.8960838913917542,0.06627996824681759,Auto,2020-Q2,14,32,0.2978723404255319
TSLA,2020-Q2,"Jul 22, 2020, 6:00 p.m. ET",0.085098035633564,0.018818067386746407,0.8960838913917542,0.06627996824681759,Auto,2020-Q2,14,32,0.2978723404255319
TSLA,2020-Q2,"Jul 22, 2020, 6:00 p.m. ET",0.085098035633564,0.018818067386746407,0.8960838913917542,0.06627996824681759,Auto,2020-Q2,14,32,0.2978723404255319
TSLA,2020-Q2,"Jul 22, 2020, 6:00 p.m. ET",0.085098035633564,0.018818067386746407,0.8960838913917542,0.06627996824681759,Auto,2020-Q2,14,32,0.2978723404255319
TSLA,2020-Q2,"Jul 22, 2020, 6:00 p.m. ET",0.085098035633564,0.018818067386746407,0.8960838913917542,0.06627996824681759,Auto,2020-Q2,14,32,0.2978723404255319
TSLA,2020-Q2,"Jul 22, 2020, 6:00 p.m. ET",0.085098035633564,0.018818067386746407,0.8960838913917542,0.06627996824681759,Auto,2020-Q2,14,32,0.2978723404255319
TSLA,2020-Q2,"Jul 22, 2020, 6:00 p.m. ET",0.085098035633564,0.018818067386746407,0.8960838913917542,0.06627996824681759,Auto,2020-Q2,14,32,0.2978723404255319
AAPL,2020-Q2,"Apr 30, 2020, 5:00 p.m. ET",0.2375384420156479,0.012087523937225342,0.7503740191459656,0.22545091807842255,Tech,2020-Q2,33,61,0.3473684210526316
AAPL,2020-Q2,"Apr 30, 2020, 5:00 p.m. ET",0.2375384420156479,0.012087523937225342,0.7503740191459656,0.22545091807842255,Tech,2020-Q2,33,61,0.3473684210526316
AAPL,2020-Q2,"Apr 30, 2020, 5:00 p.m. ET",0.2375384420156479,0.012087523937225342,0.7503740191459656,0.22545091807842255,Tech,2020-Q2,33,61,0.3473684210526316
AAPL,2020-Q2,"Apr 30, 2020, 5:00 p.m. ET",0.2375384420156479,0.012087523937225342,0.7503740191459656,0.22545091807842255,Tech,2020-Q2,33,61,0.3473684210526316
AAPL,2020-Q2,"Apr 30, 2020, 5:00 p.m. ET",0.2375384420156479,0.012087523937225342,0.7503740191459656,0.22545091807842255,Tech,2020-Q2,33,61,0.3473684210526316
AAPL,2020-Q2,"Apr 30, 2020, 5:00 p.m. ET",0.2375384420156479,0.012087523937225342,0.7503740191459656,0.22545091807842255,Tech,2020-Q2,33,61,0.3473684210526316
AAPL,2020-Q2,"Apr 30, 2020, 5:00 p.m. ET",0.2375384420156479,0.012087523937225342,0.7503740191459656,0.22545091807842255,Tech,2020-Q2,33,61,0.3473684210526316
AAPL,2020-Q2,"Apr 30, 2020, 5:00 p.m. ET",0.2375384420156479,0.012087523937225342,0.7503740191459656,0.22545091807842255,Tech,2020-Q2,33,61,0.3473684210526316
AAPL,2020-Q2,"Apr 30, 2020, 5:00 p.m. ET",0.2375384420156479,0.012087523937225342,0.7503740191459656,0.22545091807842255,Tech,2020-Q2,33,61,0.3473684210526316
AAPL,2020-Q2,"Apr 30, 2020, 5:00 p.m. ET",0.2375384420156479,0.012087523937225342,0.7503740191459656,0.22545091807842255,Tech,2020-Q2,33,61,0.3473684210526316
AAPL,2020-Q2,"Apr 30, 2020, 5:00 p.m. ET",0.2375384420156479,0.012087523937225342,0.7503740191459656,0.22545091807842255,Tech,2020-Q2,33,61,0.3473684210526316
AAPL,2020-Q2,"Apr 30, 2020, 5:00 p.m. ET",0.2375384420156479,0.012087523937225342,0.7503740191459656,0.22545091807842255,Tech,2020-Q2,33,61,0.3473684210526316
AAPL,2020-Q2,"Apr 30, 2020, 5:00 p.m. ET",0.2375384420156479,0.012087523937225342,0.7503740191459656,0.22545091807842255,Tech,2020-Q2,33,61,0.3473684210526316
AAPL,2020-Q2,"Apr 30, 2020, 5:00 p.m. ET",0.2375384420156479,0.012087523937225342,0.7503740191459656,0.22545091807842255,Tech,2020-Q2,33,61,0.3473684210526316
AAPL,2020-Q2,"Apr 30, 2020, 5:00 p.m. ET",0.2375384420156479,0.012087523937225342,0.7503740191459656,0.22545091807842255,Tech,2020-Q2,33,61,0.3473684210526316
AAPL,2020-Q2,"Apr 30, 2020, 5:00 p.m. ET",0.2375384420156479,0.012087523937225342,0.7503740191459656,0.22545091807842255,Tech,2020-Q2,33,61,0.3473684210526316
AAPL,2020-Q2,"Apr 30, 2020, 5:00 p.m. ET",0.2375384420156479,0.012087523937225342,0.7503740191459656,0.22545091807842255,Tech,2020-Q2,33,61,0.3473684210526316
AAPL,2020-Q2,"Apr 30, 2020, 5:00 p.m. ET",0.2375384420156479,0.012087523937225342,0.7503740191459656,0.22545091807842255,Tech,2020-Q2,33,61,0.3473684210526316
AAPL,2020-Q2,"Apr 30, 2020, 5:00 p.m. ET",0.2375384420156479,0.012087523937225342,0.7503740191459656,0.22545091807842255,Tech,2020-Q2,33,61,0.3473684210526316
AAPL,2020-Q2,"Apr 30, 2020, 5:00 p.m. ET",0.2375384420156479,0.012087523937225342,0.7503740191459656,0.22545091807842255,Tech,2020-Q2,33,61,0.3473684210526316
AAPL,2020-Q2,"Apr 30, 2020, 5:00 p.m. ET",0.2375384420156479,0.012087523937225342,0.7503740191459656,0.22545091807842255,Tech,2020-Q2,33,61,0.3473684210526316
AAPL,2020-Q2,"Apr 30, 2020, 5:00 p.m. ET",0.2375384420156479,0.012087523937225342,0.7503740191459656,0.22545091807842255,Tech,2020-Q2,33,61,0.3473684210526316
AAPL,2020-Q2,"Apr 30, 2020, 5:00 p.m. ET",0.2375384420156479,0.012087523937225342,0.7503740191459656,0.22545091807842255,Tech,2020-Q2,33,61,0.3473684210526316
AAPL,2020-Q2,"Apr 30, 2020, 5:00 p.m. ET",0.2375384420156479,0.012087523937225342,0.7503740191459656,0.22545091807842255,Tech,2020-Q2,33,61,0.3473684210526316
AAPL,2020-Q2,"Apr 30, 2020, 5:00 p.m. ET",0.2375384420156479,0.012087523937225342,0.7503740191459656,0.22545091807842255,Tech,2020-Q2,33,61,0.3473684210526316
TSLA,2020-Q2,"Jul 22, 2020, 6:00 p.m. ET",0.085098035633564,0.018818067386746407,0.8960838913917542,0.06627996824681759,Auto,2020-Q2,14,32,0.2978723404255319
TSLA,2020-Q2,"Jul 22, 2020, 6:00 p.m. ET",0.085098035633564,0.018818067386746407,0.8960838913917542,0.06627996824681759,Auto,2020-Q2,14,32,0.2978723404255319
TSLA,2020-Q2,"Jul 22, 2020, 6:00 p.m. ET",0.085098035633564,0.018818067386746407,0.8960838913917542,0.06627996824681759,Auto,2020-Q2,14,32,0.2978723404255319
TSLA,2020-Q2,"Jul 22, 2020, 6:00 p.m. ET",0.085098035633564,0.018818067386746407,0.8960838913917542,0.06627996824681759,Auto,2020-Q2,14,32,0.2978723404255319
TSLA,2020-Q2,"Jul 22, 2020, 6:00 p.m. ET",0.085098035633564,0.018818067386746407,0.8960838913917542,0.06627996824681759,Auto,2020-Q2,14,32,0.2978723404255319
TSLA,2020-Q2,"Jul 22, 2020, 6:00 p.m. ET",0.085098035633564,0.018818067386746407,0.8960838913917542,0.06627996824681759,Auto,2020-Q2,14,32,0.2978723404255319
TSLA,2020-Q2,"Jul 22, 2020, 6:00 p.m. ET",0.085098035633564,0.018818067386746407,0.8960838913917542,0.06627996824681759,Auto,2020-Q2,14,32,0.2978723404255319
TSLA,2020-Q2,"Jul 22, 2020, 6:00 p.m. ET",0.085098035633564,0.018818067386746407,0.8960838913917542,0.06627996824681759,Auto,2020-Q2,14,32,0.2978723404255319
TSLA,2020-Q2,"Jul 22, 2020, 6:00 p.m. ET",0.085098035633564,0.018818067386746407,0.8960838913917542,0.06627996824681759,Auto,2020-Q2,14,32,0.2978723404255319
TSLA,2020-Q2,"Jul 22, 2020, 6:00 p.m. ET",0.085098035633564,0.018818067386746407,0.8960838913917542,0.06627996824681759,Auto,2020-Q2,14,32,0.2978723404255319
TSLA,2020-Q2,"Jul 22, 2020, 6:00 p.m. ET",0.085098035633564,0.018818067386746407,0.8960838913917542,0.06627996824681759,Auto,2020-Q2,14,32,0.2978723404255319
TSLA,2020-Q2,"Jul 22, 2020, 6:00 p.m. ET",0.085098035633564,0.018818067386746407,0.8960838913917542,0.06627996824681759,Auto,2020-Q2,14,32,0.2978723404255319
TSLA,2020-Q2,"Jul 22, 2020, 6:00 p.m. ET",0.085098035633564,0.018818067386746407,0.8960838913917542,0.06627996824681759,Auto,2020-Q2,14,32,0.2978723404255319
TSLA,2020-Q2,"Jul 22, 2020, 6:00 p.m. ET",0.085098035633564,0.018818067386746407,0.8960838913917542,0.06627996824681759,Auto,2020-Q2,14,32,0.2978723404255319
TSLA,2020-Q2,"Jul 22, 2020, 6:00 p.m. ET",0.085098035633564,0.018818067386746407,0.8960838913917542,0.06627996824681759,Auto,2020-Q2,14,32,0.2978723404255319
TSLA,2020-Q2,"Jul 22, 2020, 6:00 p.m. ET",0.085098035633564,0.018818067386746407,0.8960838913917542,0.06627996824681759,Auto,2020-Q2,14,32,0.2978723404255319
TSLA,2020-Q2,"Jul 22, 2020, 6:00 p.m. ET",0.085098035633564,0.018818067386746407,0.8960838913917542,0.06627996824681759,Auto,2020-Q2,14,32,0.2978723404255319
TSLA,2020-Q2,"Jul 22, 2020, 6:00 p.m. ET",0.085098035633564,0.018818067386746407,0.8960838913917542,0.06627996824681759,Auto,2020-Q2,14,32,0.2978723404255319
TSLA,2020-Q2,"Jul 22, 2020, 6:00 p.m. ET",0.085098035633564,0.018818067386746407,0.8960838913917542,0.06627996824681759,Auto,2020-Q2,14,32,0.2978723404255319
TSLA,2020-Q2,"Jul 22, 2020, 6:00 p.m. ET",0.085098035633564,0.018818067386746407,0.8960838913917542,0.06627996824681759,Auto,2020-Q2,14,32,0.2978723404255319
TSLA,2020-Q2,"Jul 22, 2020, 6:00 p.m. ET",0.085098035633564,0.018818067386746407,0.8960838913917542,0.06627996824681759,Auto,2020-Q2,14,32,0.2978723404255319
TSLA,2020-Q2,"Jul 22, 2020, 6:00 p.m. ET",0.085098035633564,0.018818067386746407,0.8960838913917542,0.06627996824681759,Auto,2020-Q2,14,32,0.2978723404255319
TSLA,2020-Q2,"Jul 22, 2020, 6:00 p.m. ET",0.085098035633564,0.018818067386746407,0.8960838913917542,0.06627996824681759,Auto,2020-Q2,14,32,0.2978723404255319
TSLA,2020-Q2,"Jul 22, 2020, 6:00 p.m. ET",0.085098035633564,0.018818067386746407,0.8960838913917542,0.06627996824681759,Auto,2020-Q2,14,32,0.2978723404255319
TSLA,2020-Q2,"Jul 22, 2020, 6:00 p.m. ET",0.085098035633564,0.018818067386746407,0.8960838913917542,0.06627996824681759,Auto,2020-Q2,14,32,0.2978723404255319
TSLA,2020-Q2,"Jul 22, 2020, 6:00 p.m. ET",0.085098035633564,0.018818067386746407,0.8960838913917542,0.06627996824681759,Auto,2020-Q2,14,32,0.2978723404255319
TSLA,2020-Q2,"Jul 22, 2020, 6:00 p.m. ET",0.085098035633564,0.018818067386746407,0.8960838913917542,0.06627996824681759,Auto,2020-Q2,14,32,0.2978723404255319
TSLA,2020-Q2,"Jul 22, 2020, 6:00 p.m. ET",0.085098035633564,0.018818067386746407,0.8960838913917542,0.06627996824681759,Auto,2020-Q2,14,32,0.2978723404255319
TSLA,2020-Q2,"Jul 22, 2020, 6:00 p.m. ET",0.085098035633564,0.018818067386746407,0.8960838913917542,0.06627996824681759,Auto,2020-Q2,14,32,0.2978723404255319
TSLA,2020-Q2,"Jul 22, 2020, 6:00 p.m. ET",0.085098035633564,0.018818067386746407,0.8960838913917542,0.06627996824681759,Auto,2020-Q2,14,32,0.2978723404255319
TSLA,2020-Q2,"Jul 22, 2020, 6:00 p.m. ET",0.085098035633564,0.018818067386746407,0.8960838913917542,0.06627996824681759,Auto,2020-Q2,14,32,0.2978723404255319
TSLA,2020-Q2,"Jul 22, 2020, 6:00 p.m. ET",0.085098035633564,0.018818067386746407,0.8960838913917542,0.06627996824681759,Auto,2020-Q2,14,32,0.2978723404255319
AAPL,2020-Q1,"Jan 28, 2020, 5:00 p.m. ET",0.44424036145210266,0.011321954429149628,0.5444376468658447,0.43291840702295303,Tech,2020-Q1,18,103,0.14754098360655737
AAPL,2020-Q1,"Jan 28, 2020, 5:00 p.m. ET",0.44424036145210266,0.011321954429149628,0.5444376468658447,0.43291840702295303,Tech,2020-Q1,18,103,0.14754098360655737
AAPL,2020-Q1,"Jan 28, 2020, 5:00 p.m. ET",0.44424036145210266,0.011321954429149628,0.5444376468658447,0.43291840702295303,Tech,2020-Q1,18,103,0.14754098360655737
AAPL,2020-Q1,"Jan 28, 2020, 5:00 p.m. ET",0.44424036145210266,0.011321954429149628,0.5444376468658447,0.43291840702295303,Tech,2020-Q1,18,103,0.14754098360655737
AAPL,2020-Q1,"Jan 28, 2020, 5:00 p.m. ET",0.44424036145210266,0.011321954429149628,0.5444376468658447,0.43291840702295303,Tech,2020-Q1,18,103,0.14754098360655737
AAPL,2020-Q1,"Jan 28, 2020, 5:00 p.m. ET",0.44424036145210266,0.011321954429149628,0.5444376468658447,0.43291840702295303,Tech,2020-Q1,18,103,0.14754098360655737
AAPL,2020-Q1,"Jan 28, 2020, 5:00 p.m. ET",0.44424036145210266,0.011321954429149628,0.5444376468658447,0.43291840702295303,Tech,2020-Q1,18,103,0.14754098360655737
AAPL,2020-Q1,"Jan 28, 2020, 5:00 p.m. ET",0.44424036145210266,0.011321954429149628,0.5444376468658447,0.43291840702295303,Tech,2020-Q1,18,103,0.14754098360655737
AAPL,2020-Q1,"Jan 28, 2020, 5:00 p.m. ET",0.44424036145210266,0.011321954429149628,0.5444376468658447,0.43291840702295303,Tech,2020-Q1,18,103,0.14754098360655737
AAPL,2020-Q1,"Jan 28, 2020, 5:00 p.m. ET",0.44424036145210266,0.011321954429149628,0.5444376468658447,0.43291840702295303,Tech,2020-Q1,18,103,0.14754098360655737
AAPL,2020-Q1,"Jan 28, 2020, 5:00 p.m. ET",0.44424036145210266,0.011321954429149628,0.5444376468658447,0.43291840702295303,Tech,2020-Q1,18,103,0.14754098360655737
AAPL,2020-Q1,"Jan 28, 2020, 5:00 p.m. ET",0.44424036145210266,0.011321954429149628,0.5444376468658447,0.43291840702295303,Tech,2020-Q1,18,103,0.14754098360655737
AAPL,2020-Q1,"Jan 28, 2020, 5:00 p.m. ET",0.44424036145210266,0.011321954429149628,0.5444376468658447,0.43291840702295303,Tech,2020-Q1,18,103,0.14754098360655737
AAPL,2020-Q1,"Jan 28, 2020, 5:00 p.m. ET",0.44424036145210266,0.011321954429149628,0.5444376468658447,0.43291840702295303,Tech,2020-Q1,18,103,0.14754098360655737
AAPL,2020-Q1,"Jan 28, 2020, 5:00 p.m. ET",0.44424036145210266,0.011321954429149628,0.5444376468658447,0.43291840702295303,Tech,2020-Q1,18,103,0.14754098360655737
AAPL,2020-Q1,"Jan 28, 2020, 5:00 p.m. ET",0.44424036145210266,0.011321954429149628,0.5444376468658447,0.43291840702295303,Tech,2020-Q1,18,103,0.14754098360655737
AAPL,2020-Q1,"Jan 28, 2020, 5:00 p.m. ET",0.44424036145210266,0.011321954429149628,0.5444376468658447,0.43291840702295303,Tech,2020-Q1,18,103,0.14754098360655737
AAPL,2020-Q1,"Jan 28, 2020, 5:00 p.m. ET",0.44424036145210266,0.011321954429149628,0.5444376468658447,0.43291840702295303,Tech,2020-Q1,18,103,0.14754098360655737
AAPL,2020-Q1,"Jan 28, 2020, 5:00 p.m. ET",0.44424036145210266,0.011321954429149628,0.5444376468658447,0.43291840702295303,Tech,2020-Q1,18,103,0.14754098360655737
AAPL,2020-Q1,"Jan 28, 2020, 5:00 p.m. ET",0.44424036145210266,0.011321954429149628,0.5444376468658447,0.43291840702295303,Tech,2020-Q1,18,103,0.14754098360655737
AAPL,2020-Q1,"Jan 28, 2020, 5:00 p.m. ET",0.44424036145210266,0.011321954429149628,0.5444376468658447,0.43291840702295303,Tech,2020-Q1,18,103,0.14754098360655737
XOM,2020-Q4,"Feb 02, 2021, 9:00 a.m. ET",0.8134415745735168,0.07426288723945618,0.11229553818702698,0.7391786873340607,Energy,2020-Q4,42,59,0.4117647058823529
BLK,2020-Q4,"Jan 14, 2021, 8:30 a.m. ET",0.1290874481201172,0.013040523044764996,0.8578720092773438,0.11604692507535219,Finance,2020-Q4,27,113,0.19148936170212766
BLK,2020-Q4,"Jan 14, 2021, 8:30 a.m. ET",0.1290874481201172,0.013040523044764996,0.8578720092773438,0.11604692507535219,Finance,2020-Q4,27,113,0.19148936170212766
BLK,2020-Q4,"Jan 14, 2021, 8:30 a.m. ET",0.1290874481201172,0.013040523044764996,0.8578720092773438,0.11604692507535219,Finance,2020-Q4,27,113,0.19148936170212766
BLK,2020-Q4,"Jan 14, 2021, 8:30 a.m. ET",0.1290874481201172,0.013040523044764996,0.8578720092773438,0.11604692507535219,Finance,2020-Q4,27,113,0.19148936170212766
BLK,2020-Q4,"Jan 14, 2021, 8:30 a.m. ET",0.1290874481201172,0.013040523044764996,0.8578720092773438,0.11604692507535219,Finance,2020-Q4,27,113,0.19148936170212766
AMZN,2021-Q1,"Apr 29, 2021, 5:30 p.m. ET",0.06765195727348328,0.014981250278651714,0.9173667430877686,0.05267070699483156,Tech,2021-Q1,7,58,0.10606060606060606
AMZN,2021-Q1,"Apr 29, 2021, 5:30 p.m. ET",0.06765195727348328,0.014981250278651714,0.9173667430877686,0.05267070699483156,Tech,2021-Q1,7,58,0.10606060606060606
AMZN,2021-Q1,"Apr 29, 2021, 5:30 p.m. ET",0.06765195727348328,0.014981250278651714,0.9173667430877686,0.05267070699483156,Tech,2021-Q1,7,58,0.10606060606060606
AMZN,2021-Q1,"Apr 29, 2021, 5:30 p.m. ET",0.06765195727348328,0.014981250278651714,0.9173667430877686,0.05267070699483156,Tech,2021-Q1,7,58,0.10606060606060606
F,2020-Q2,"Jul 30, 2020, 5:00 p.m. ET",0.06978096067905426,0.06570639461278915,0.8645126223564148,0.004074566066265106,Auto,2020-Q2,46,57,0.4423076923076923
WMT,2023-Q1,"May 17, 2022, 8:00 a.m. ET",0.09849078953266144,0.07492757588624954,0.826581597328186,0.023563213646411896,Retail,2023-Q1,76,86,0.4662576687116564
WMT,2023-Q1,"May 17, 2022, 8:00 a.m. ET",0.09849078953266144,0.07492757588624954,0.826581597328186,0.023563213646411896,Retail,2023-Q1,76,86,0.4662576687116564
TSLA,2020-Q1,"Apr 29, 2020, 6:30 p.m. ET",0.941430389881134,0.023905618116259575,0.03466400131583214,0.9175247717648745,Auto,2020-Q1,17,32,0.34
TSLA,2020-Q1,"Apr 29, 2020, 6:30 p.m. ET",0.941430389881134,0.023905618116259575,0.03466400131583214,0.9175247717648745,Auto,2020-Q1,17,32,0.34
TSLA,2020-Q1,"Apr 29, 2020, 6:30 p.m. ET",0.941430389881134,0.023905618116259575,0.03466400131583214,0.9175247717648745,Auto,2020-Q1,17,32,0.34
TSLA,2020-Q1,"Apr 29, 2020, 6:30 p.m. ET",0.941430389881134,0.023905618116259575,0.03466400131583214,0.9175247717648745,Auto,2020-Q1,17,32,0.34
TSLA,2020-Q1,"Apr 29, 2020, 6:30 p.m. ET",0.941430389881134,0.023905618116259575,0.03466400131583214,0.9175247717648745,Auto,2020-Q1,17,32,0.34
TSLA,2020-Q2,"Jul 22, 2020, 6:00 p.m. ET",0.085098035633564,0.018818067386746407,0.8960838913917542,0.06627996824681759,Auto,2020-Q2,14,32,0.2978723404255319
TSLA,2020-Q2,"Jul 22, 2020, 6:00 p.m. ET",0.085098035633564,0.018818067386746407,0.8960838913917542,0.06627996824681759,Auto,2020-Q2,14,32,0.2978723404255319
TSLA,2020-Q2,"Jul 22, 2020, 6:00 p.m. ET",0.085098035633564,0.018818067386746407,0.8960838913917542,0.06627996824681759,Auto,2020-Q2,14,32,0.2978723404255319
TSLA,2020-Q2,"Jul 22, 2020, 6:00 p.m. ET",0.085098035633564,0.018818067386746407,0.8960838913917542,0.06627996824681759,Auto,2020-Q2,14,32,0.2978723404255319
TSLA,2020-Q2,"Jul 22, 2020, 6:00 p.m. ET",0.085098035633564,0.018818067386746407,0.8960838913917542,0.06627996824681759,Auto,2020-Q2,14,32,0.2978723404255319
TSLA,2020-Q2,"Jul 22, 2020, 6:00 p.m. ET",0.085098035633564,0.018818067386746407,0.8960838913917542,0.06627996824681759,Auto,2020-Q2,14,32,0.2978723404255319
TSLA,2020-Q2,"Jul 22, 2020, 6:00 p.m. ET",0.085098035633564,0.018818067386746407,0.8960838913917542,0.06627996824681759,Auto,2020-Q2,14,32,0.2978723404255319
TSLA,2020-Q2,"Jul 22, 2020, 6:00 p.m. ET",0.085098035633564,0.018818067386746407,0.8960838913917542,0.06627996824681759,Auto,2020-Q2,14,32,0.2978723404255319
TSLA,2020-Q2,"Jul 22, 2020, 6:00 p.m. ET",0.085098035633564,0.018818067386746407,0.8960838913917542,0.06627996824681759,Auto,2020-Q2,14,32,0.2978723404255319
TSLA,2020-Q2,"Jul 22, 2020, 6:00 p.m. ET",0.085098035633564,0.018818067386746407,0.8960838913917542,0.06627996824681759,Auto,2020-Q2,14,32,0.2978723404255319
TSLA,2020-Q2,"Jul 22, 2020, 6:00 p.m. ET",0.085098035633564,0.018818067386746407,0.8960838913917542,0.06627996824681759,Auto,2020-Q2,14,32,0.2978723404255319
TSLA,2020-Q2,"Jul 22, 2020, 6:00 p.m. ET",0.085098035633564,0.018818067386746407,0.8960838913917542,0.06627996824681759,Auto,2020-Q2,14,32,0.2978723404255319
TSLA,2020-Q2,"Jul 22, 2020, 6:00 p.m. ET",0.085098035633564,0.018818067386746407,0.8960838913917542,0.06627996824681759,Auto,2020-Q2,14,32,0.2978723404255319
TSLA,2020-Q2,"Jul 22, 2020, 6:00 p.m. ET",0.085098035633564,0.018818067386746407,0.8960838913917542,0.06627996824681759,Auto,2020-Q2,14,32,0.2978723404255319
TSLA,2020-Q2,"Jul 22, 2020, 6:00 p.m. ET",0.085098035633564,0.018818067386746407,0.8960838913917542,0.06627996824681759,Auto,2020-Q2,14,32,0.2978723404255319
TSLA,2020-Q2,"Jul 22, 2020, 6:00 p.m. ET",0.085098035633564,0.018818067386746407,0.8960838913917542,0.06627996824681759,Auto,2020-Q2,14,32,0.2978723404255319
TSLA,2020-Q2,"Jul 22, 2020, 6:00 p.m. ET",0.085098035633564,0.018818067386746407,0.8960838913917542,0.06627996824681759,Auto,2020-Q2,14,32,0.2978723404255319
TSLA,2020-Q2,"Jul 22, 2020, 6:00 p.m. ET",0.085098035633564,0.018818067386746407,0.8960838913917542,0.06627996824681759,Auto,2020-Q2,14,32,0.2978723404255319
TSLA,2020-Q2,"Jul 22, 2020, 6:00 p.m. ET",0.085098035633564,0.018818067386746407,0.8960838913917542,0.06627996824681759,Auto,2020-Q2,14,32,0.2978723404255319
TSLA,2020-Q2,"Jul 22, 2020, 6:00 p.m. ET",0.085098035633564,0.018818067386746407,0.8960838913917542,0.06627996824681759,Auto,2020-Q2,14,32,0.2978723404255319
TSLA,2020-Q2,"Jul 22, 2020, 6:00 p.m. ET",0.085098035633564,0.018818067386746407,0.8960838913917542,0.06627996824681759,Auto,2020-Q2,14,32,0.2978723404255319
TSLA,2020-Q2,"Jul 22, 2020, 6:00 p.m. ET",0.085098035633564,0.018818067386746407,0.8960838913917542,0.06627996824681759,Auto,2020-Q2,14,32,0.2978723404255319
TSLA,2020-Q2,"Jul 22, 2020, 6:00 p.m. ET",0.085098035633564,0.018818067386746407,0.8960838913917542,0.06627996824681759,Auto,2020-Q2,14,32,0.2978723404255319
TSLA,2020-Q2,"Jul 22, 2020, 6:00 p.m. ET",0.085098035633564,0.018818067386746407,0.8960838913917542,0.06627996824681759,Auto,2020-Q2,14,32,0.2978723404255319
TSLA,2020-Q2,"Jul 22, 2020, 6:00 p.m. ET",0.085098035633564,0.018818067386746407,0.8960838913917542,0.06627996824681759,Auto,2020-Q2,14,32,0.2978723404255319
TSLA,2020-Q2,"Jul 22, 2020, 6:00 p.m. ET",0.085098035633564,0.018818067386746407,0.8960838913917542,0.06627996824681759,Auto,2020-Q2,14,32,0.2978723404255319
TSLA,2020-Q2,"Jul 22, 2020, 6:00 p.m. ET",0.085098035633564,0.018818067386746407,0.8960838913917542,0.06627996824681759,Auto,2020-Q2,14,32,0.2978723404255319
TSLA,2020-Q2,"Jul 22, 2020, 6:00 p.m. ET",0.085098035633564,0.018818067386746407,0.8960838913917542,0.06627996824681759,Auto,2020-Q2,14,32,0.2978723404255319
TSLA,2020-Q2,"Jul 22, 2020, 6:00 p.m. ET",0.085098035633564,0.018818067386746407,0.8960838913917542,0.06627996824681759,Auto,2020-Q2,14,32,0.2978723404255319
TSLA,2020-Q2,"Jul 22, 2020, 6:00 p.m. ET",0.085098035633564,0.018818067386746407,0.8960838913917542,0.06627996824681759,Auto,2020-Q2,14,32,0.2978723404255319
TSLA,2020-Q2,"Jul 22, 2020, 6:00 p.m. ET",0.085098035633564,0.018818067386746407,0.8960838913917542,0.06627996824681759,Auto,2020-Q2,14,32,0.2978723404255319
TSLA,2020-Q2,"Jul 22, 2020, 6:00 p.m. ET",0.085098035633564,0.018818067386746407,0.8960838913917542,0.06627996824681759,Auto,2020-Q2,14,32,0.2978723404255319
COST,2020-Q2,"Mar 5, 2020, 5:00 p.m. ET",0.07775499671697617,0.014587105251848698,0.9076579213142395,0.06316789146512747,Retail,2020-Q2,50,26,0.6493506493506493
AMZN,2021-Q1,"Apr 29, 2021, 5:30 p.m. ET",0.06765195727348328,0.014981250278651714,0.9173667430877686,0.05267070699483156,Tech,2021-Q1,7,58,0.10606060606060606
AMZN,2021-Q1,"Apr 29, 2021, 5:30 p.m. ET",0.06765195727348328,0.014981250278651714,0.9173667430877686,0.05267070699483156,Tech,2021-Q1,7,58,0.10606060606060606
AMZN,2021-Q1,"Apr 29, 2021, 5:30 p.m. ET",0.06765195727348328,0.014981250278651714,0.9173667430877686,0.05267070699483156,Tech,2021-Q1,7,58,0.10606060606060606
AMZN,2021-Q1,"Apr 29, 2021, 5:30 p.m. ET",0.06765195727348328,0.014981250278651714,0.9173667430877686,0.05267070699483156,Tech,2021-Q1,7,58,0.10606060606060606
AAPL,2020-Q1,"Jan 28, 2020, 5:00 p.m. ET",0.44424036145210266,0.011321954429149628,0.5444376468658447,0.43291840702295303,Tech,2020-Q1,18,103,0.14754098360655737
AAPL,2020-Q1,"Jan 28, 2020, 5:00 p.m. ET",0.44424036145210266,0.011321954429149628,0.5444376468658447,0.43291840702295303,Tech,2020-Q1,18,103,0.14754098360655737
AAPL,2020-Q1,"Jan 28, 2020, 5:00 p.m. ET",0.44424036145210266,0.011321954429149628,0.5444376468658447,0.43291840702295303,Tech,2020-Q1,18,103,0.14754098360655737
AAPL,2020-Q1,"Jan 28, 2020, 5:00 p.m. ET",0.44424036145210266,0.011321954429149628,0.5444376468658447,0.43291840702295303,Tech,2020-Q1,18,103,0.14754098360655737
AAPL,2020-Q1,"Jan 28, 2020, 5:00 p.m. ET",0.44424036145210266,0.011321954429149628,0.5444376468658447,0.43291840702295303,Tech,2020-Q1,18,103,0.14754098360655737
AAPL,2020-Q1,"Jan 28, 2020, 5:00 p.m. ET",0.44424036145210266,0.011321954429149628,0.5444376468658447,0.43291840702295303,Tech,2020-Q1,18,103,0.14754098360655737
AAPL,2020-Q1,"Jan 28, 2020, 5:00 p.m. ET",0.44424036145210266,0.011321954429149628,0.5444376468658447,0.43291840702295303,Tech,2020-Q1,18,103,0.14754098360655737
AAPL,2020-Q1,"Jan 28, 2020, 5:00 p.m. ET",0.44424036145210266,0.011321954429149628,0.5444376468658447,0.43291840702295303,Tech,2020-Q1,18,103,0.14754098360655737
AAPL,2020-Q1,"Jan 28, 2020, 5:00 p.m. ET",0.44424036145210266,0.011321954429149628,0.5444376468658447,0.43291840702295303,Tech,2020-Q1,18,103,0.14754098360655737
AAPL,2020-Q1,"Jan 28, 2020, 5:00 p.m. ET",0.44424036145210266,0.011321954429149628,0.5444376468658447,0.43291840702295303,Tech,2020-Q1,18,103,0.14754098360655737
AAPL,2020-Q1,"Jan 28, 2020, 5:00 p.m. ET",0.44424036145210266,0.011321954429149628,0.5444376468658447,0.43291840702295303,Tech,2020-Q1,18,103,0.14754098360655737
AAPL,2020-Q1,"Jan 28, 2020, 5:00 p.m. ET",0.44424036145210266,0.011321954429149628,0.5444376468658447,0.43291840702295303,Tech,2020-Q1,18,103,0.14754098360655737
AAPL,2020-Q1,"Jan 28, 2020, 5:00 p.m. ET",0.44424036145210266,0.011321954429149628,0.5444376468658447,0.43291840702295303,Tech,2020-Q1,18,103,0.14754098360655737
AAPL,2020-Q1,"Jan 28, 2020, 5:00 p.m. ET",0.44424036145210266,0.011321954429149628,0.5444376468658447,0.43291840702295303,Tech,2020-Q1,18,103,0.14754098360655737
AAPL,2020-Q1,"Jan 28, 2020, 5:00 p.m. ET",0.44424036145210266,0.011321954429149628,0.5444376468658447,0.43291840702295303,Tech,2020-Q1,18,103,0.14754098360655737
AAPL,2020-Q1,"Jan 28, 2020, 5:00 p.m. ET",0.44424036145210266,0.011321954429149628,0.5444376468658447,0.43291840702295303,Tech,2020-Q1,18,103,0.14754098360655737
AAPL,2020-Q1,"Jan 28, 2020, 5:00 p.m. ET",0.44424036145210266,0.011321954429149628,0.5444376468658447,0.43291840702295303,Tech,2020-Q1,18,103,0.14754098360655737
AAPL,2020-Q1,"Jan 28, 2020, 5:00 p.m. ET",0.44424036145210266,0.011321954429149628,0.5444376468658447,0.43291840702295303,Tech,2020-Q1,18,103,0.14754098360655737
AAPL,2020-Q1,"Jan 28, 2020, 5:00 p.m. ET",0.44424036145210266,0.011321954429149628,0.5444376468658447,0.43291840702295303,Tech,2020-Q1,18,103,0.14754098360655737
AAPL,2020-Q1,"Jan 28, 2020, 5:00 p.m. ET",0.44424036145210266,0.011321954429149628,0.5444376468658447,0.43291840702295303,Tech,2020-Q1,18,103,0.14754098360655737
AAPL,2020-Q1,"Jan 28, 2020, 5:00 p.m. ET",0.44424036145210266,0.011321954429149628,0.5444376468658447,0.43291840702295303,Tech,2020-Q1,18,103,0.14754098360655737
AMZN,2020-Q2,"Jul 30, 2020, 5:30 p.m. ET",0.09640108048915863,0.015877222642302513,0.8877217173576355,0.08052385784685612,Tech,2020-Q2,11,54,0.16666666666666666
AMZN,2020-Q2,"Jul 30, 2020, 5:30 p.m. ET",0.09640108048915863,0.015877222642302513,0.8877217173576355,0.08052385784685612,Tech,2020-Q2,11,54,0.16666666666666666
AMZN,2020-Q2,"Jul 30, 2020, 5:30 p.m. ET",0.09640108048915863,0.015877222642302513,0.8877217173576355,0.08052385784685612,Tech,2020-Q2,11,54,0.16666666666666666
AMZN,2020-Q2,"Jul 30, 2020, 5:30 p.m. ET",0.09640108048915863,0.015877222642302513,0.8877217173576355,0.08052385784685612,Tech,2020-Q2,11,54,0.16666666666666666
AMZN,2020-Q2,"Jul 30, 2020, 5:30 p.m. ET",0.09640108048915863,0.015877222642302513,0.8877217173576355,0.08052385784685612,Tech,2020-Q2,11,54,0.16666666666666666
AMZN,2020-Q2,"Jul 30, 2020, 5:30 p.m. ET",0.09640108048915863,0.015877222642302513,0.8877217173576355,0.08052385784685612,Tech,2020-Q2,11,54,0.16666666666666666
AMZN,2020-Q2,"Jul 30, 2020, 5:30 p.m. ET",0.09640108048915863,0.015877222642302513,0.8877217173576355,0.08052385784685612,Tech,2020-Q2,11,54,0.16666666666666666
AMZN,2020-Q2,"Jul 30, 2020, 5:30 p.m. ET",0.09640108048915863,0.015877222642302513,0.8877217173576355,0.08052385784685612,Tech,2020-Q2,11,54,0.16666666666666666
AMZN,2020-Q2,"Jul 30, 2020, 5:30 p.m. ET",0.09640108048915863,0.015877222642302513,0.8877217173576355,0.08052385784685612,Tech,2020-Q2,11,54,0.16666666666666666
AMZN,2020-Q2,"Jul 30, 2020, 5:30 p.m. ET",0.09640108048915863,0.015877222642302513,0.8877217173576355,0.08052385784685612,Tech,2020-Q2,11,54,0.16666666666666666
AMZN,2020-Q2,"Jul 30, 2020, 5:30 p.m. ET",0.09640108048915863,0.015877222642302513,0.8877217173576355,0.08052385784685612,Tech,2020-Q2,11,54,0.16666666666666666
AMZN,2020-Q2,"Jul 30, 2020, 5:30 p.m. ET",0.09640108048915863,0.015877222642302513,0.8877217173576355,0.08052385784685612,Tech,2020-Q2,11,54,0.16666666666666666
AMZN,2020-Q2,"Jul 30, 2020, 5:30 p.m. ET",0.09640108048915863,0.015877222642302513,0.8877217173576355,0.08052385784685612,Tech,2020-Q2,11,54,0.16666666666666666
AMZN,2020-Q2,"Jul 30, 2020, 5:30 p.m. ET",0.09640108048915863,0.015877222642302513,0.8877217173576355,0.08052385784685612,Tech,2020-Q2,11,54,0.16666666666666666
AMZN,2020-Q2,"Jul 30, 2020, 5:30 p.m. ET",0.09640108048915863,0.015877222642302513,0.8877217173576355,0.08052385784685612,Tech,2020-Q2,11,54,0.16666666666666666
AMZN,2020-Q2,"Jul 30, 2020, 5:30 p.m. ET",0.09640108048915863,0.015877222642302513,0.8877217173576355,0.08052385784685612,Tech,2020-Q2,11,54,0.16666666666666666
AMZN,2020-Q2,"Jul 30, 2020, 5:30 p.m. ET",0.09640108048915863,0.015877222642302513,0.8877217173576355,0.08052385784685612,Tech,2020-Q2,11,54,0.16666666666666666
AMZN,2020-Q2,"Jul 30, 2020, 5:30 p.m. ET",0.09640108048915863,0.015877222642302513,0.8877217173576355,0.08052385784685612,Tech,2020-Q2,11,54,0.16666666666666666
AMZN,2020-Q2,"Jul 30, 2020, 5:30 p.m. ET",0.09640108048915863,0.015877222642302513,0.8877217173576355,0.08052385784685612,Tech,2020-Q2,11,54,0.16666666666666666
AMZN,2020-Q2,"Jul 30, 2020, 5:30 p.m. ET",0.09640108048915863,0.015877222642302513,0.8877217173576355,0.08052385784685612,Tech,2020-Q2,11,54,0.16666666666666666
AMZN,2020-Q2,"Jul 30, 2020, 5:30 p.m. ET",0.09640108048915863,0.015877222642302513,0.8877217173576355,0.08052385784685612,Tech,2020-Q2,11,54,0.16666666666666666
AMZN,2020-Q2,"Jul 30, 2020, 5:30 p.m. ET",0.09640108048915863,0.015877222642302513,0.8877217173576355,0.08052385784685612,Tech,2020-Q2,11,54,0.16666666666666666
AMZN,2020-Q2,"Jul 30, 2020, 5:30 p.m. ET",0.09640108048915863,0.015877222642302513,0.8877217173576355,0.08052385784685612,Tech,2020-Q2,11,54,0.16666666666666666
AMZN,2020-Q2,"Jul 30, 2020, 5:30 p.m. ET",0.09640108048915863,0.015877222642302513,0.8877217173576355,0.08052385784685612,Tech,2020-Q2,11,54,0.16666666666666666
AMZN,2020-Q2,"Jul 30, 2020, 5:30 p.m. ET",0.09640108048915863,0.015877222642302513,0.8877217173576355,0.08052385784685612,Tech,2020-Q2,11,54,0.16666666666666666
GOOGL,2020-Q1,"April 28, 2020, 4:30 p.m. ET",0.08496109396219254,0.014933321624994278,0.9001055955886841,0.07002777233719826,Tech,2020-Q1,38,80,0.31932773109243695
GOOGL,2020-Q1,"April 28, 2020, 4:30 p.m. ET",0.08496109396219254,0.014933321624994278,0.9001055955886841,0.07002777233719826,Tech,2020-Q1,38,80,0.31932773109243695
GOOGL,2020-Q1,"April 28, 2020, 4:30 p.m. ET",0.08496109396219254,0.014933321624994278,0.9001055955886841,0.07002777233719826,Tech,2020-Q1,38,80,0.31932773109243695
GOOGL,2020-Q1,"April 28, 2020, 4:30 p.m. ET",0.08496109396219254,0.014933321624994278,0.9001055955886841,0.07002777233719826,Tech,2020-Q1,38,80,0.31932773109243695
GOOGL,2020-Q1,"April 28, 2020, 4:30 p.m. ET",0.08496109396219254,0.014933321624994278,0.9001055955886841,0.07002777233719826,Tech,2020-Q1,38,80,0.31932773109243695
GOOGL,2020-Q1,"April 28, 2020, 4:30 p.m. ET",0.08496109396219254,0.014933321624994278,0.9001055955886841,0.07002777233719826,Tech,2020-Q1,38,80,0.31932773109243695
GOOGL,2020-Q1,"April 28, 2020, 4:30 p.m. ET",0.08496109396219254,0.014933321624994278,0.9001055955886841,0.07002777233719826,Tech,2020-Q1,38,80,0.31932773109243695
GOOGL,2020-Q1,"April 28, 2020, 4:30 p.m. ET",0.08496109396219254,0.014933321624994278,0.9001055955886841,0.07002777233719826,Tech,2020-Q1,38,80,0.31932773109243695
GOOGL,2020-Q1,"April 28, 2020, 4:30 p.m. ET",0.08496109396219254,0.014933321624994278,0.9001055955886841,0.07002777233719826,Tech,2020-Q1,38,80,0.31932773109243695
GOOGL,2020-Q1,"April 28, 2020, 4:30 p.m. ET",0.08496109396219254,0.014933321624994278,0.9001055955886841,0.07002777233719826,Tech,2020-Q1,38,80,0.31932773109243695
GOOGL,2020-Q1,"April 28, 2020, 4:30 p.m. ET",0.08496109396219254,0.014933321624994278,0.9001055955886841,0.07002777233719826,Tech,2020-Q1,38,80,0.31932773109243695
GOOGL,2020-Q1,"April 28, 2020, 4:30 p.m. ET",0.08496109396219254,0.014933321624994278,0.9001055955886841,0.07002777233719826,Tech,2020-Q1,38,80,0.31932773109243695
GOOGL,2020-Q1,"April 28, 2020, 4:30 p.m. ET",0.08496109396219254,0.014933321624994278,0.9001055955886841,0.07002777233719826,Tech,2020-Q1,38,80,0.31932773109243695
GOOGL,2020-Q1,"April 28, 2020, 4:30 p.m. ET",0.08496109396219254,0.014933321624994278,0.9001055955886841,0.07002777233719826,Tech,2020-Q1,38,80,0.31932773109243695
GOOGL,2020-Q1,"April 28, 2020, 4:30 p.m. ET",0.08496109396219254,0.014933321624994278,0.9001055955886841,0.07002777233719826,Tech,2020-Q1,38,80,0.31932773109243695
NFLX,2020-Q4,"Jan 19, 2021, 6:00 p.m. ET",0.07349304109811783,0.013883586972951889,0.912623405456543,0.05960945412516594,Media,2020-Q4,14,52,0.208955223880597
NFLX,2020-Q4,"Jan 19, 2021, 6:00 p.m. ET",0.07349304109811783,0.013883586972951889,0.912623405456543,0.05960945412516594,Media,2020-Q4,14,52,0.208955223880597
TSLA,2020-Q1,"Apr 29, 2020, 6:30 p.m. ET",0.941430389881134,0.023905618116259575,0.03466400131583214,0.9175247717648745,Auto,2020-Q1,17,32,0.34
TSLA,2020-Q1,"Apr 29, 2020, 6:30 p.m. ET",0.941430389881134,0.023905618116259575,0.03466400131583214,0.9175247717648745,Auto,2020-Q1,17,32,0.34
TSLA,2020-Q1,"Apr 29, 2020, 6:30 p.m. ET",0.941430389881134,0.023905618116259575,0.03466400131583214,0.9175247717648745,Auto,2020-Q1,17,32,0.34
TSLA,2020-Q1,"Apr 29, 2020, 6:30 p.m. ET",0.941430389881134,0.023905618116259575,0.03466400131583214,0.9175247717648745,Auto,2020-Q1,17,32,0.34
TSLA,2020-Q1,"Apr 29, 2020, 6:30 p.m. ET",0.941430389881134,0.023905618116259575,0.03466400131583214,0.9175247717648745,Auto,2020-Q1,17,32,0.34
AAPL,2020-Q2,"Apr 30, 2020, 5:00 p.m. ET",0.2375384420156479,0.012087523937225342,0.7503740191459656,0.22545091807842255,Tech,2020-Q2,33,61,0.3473684210526316
AAPL,2020-Q2,"Apr 30, 2020, 5:00 p.m. ET",0.2375384420156479,0.012087523937225342,0.7503740191459656,0.22545091807842255,Tech,2020-Q2,33,61,0.3473684210526316
AAPL,2020-Q2,"Apr 30, 2020, 5:00 p.m. ET",0.2375384420156479,0.012087523937225342,0.7503740191459656,0.22545091807842255,Tech,2020-Q2,33,61,0.3473684210526316
AAPL,2020-Q2,"Apr 30, 2020, 5:00 p.m. ET",0.2375384420156479,0.012087523937225342,0.7503740191459656,0.22545091807842255,Tech,2020-Q2,33,61,0.3473684210526316
AAPL,2020-Q2,"Apr 30, 2020, 5:00 p.m. ET",0.2375384420156479,0.012087523937225342,0.7503740191459656,0.22545091807842255,Tech,2020-Q2,33,61,0.3473684210526316
AAPL,2020-Q2,"Apr 30, 2020, 5:00 p.m. ET",0.2375384420156479,0.012087523937225342,0.7503740191459656,0.22545091807842255,Tech,2020-Q2,33,61,0.3473684210526316
AAPL,2020-Q2,"Apr 30, 2020, 5:00 p.m. ET",0.2375384420156479,0.012087523937225342,0.7503740191459656,0.22545091807842255,Tech,2020-Q2,33,61,0.3473684210526316
AAPL,2020-Q2,"Apr 30, 2020, 5:00 p.m. ET",0.2375384420156479,0.012087523937225342,0.7503740191459656,0.22545091807842255,Tech,2020-Q2,33,61,0.3473684210526316
AAPL,2020-Q2,"Apr 30, 2020, 5:00 p.m. ET",0.2375384420156479,0.012087523937225342,0.7503740191459656,0.22545091807842255,Tech,2020-Q2,33,61,0.3473684210526316
AAPL,2020-Q2,"Apr 30, 2020, 5:00 p.m. ET",0.2375384420156479,0.012087523937225342,0.7503740191459656,0.22545091807842255,Tech,2020-Q2,33,61,0.3473684210526316
AAPL,2020-Q2,"Apr 30, 2020, 5:00 p.m. ET",0.2375384420156479,0.012087523937225342,0.7503740191459656,0.22545091807842255,Tech,2020-Q2,33,61,0.3473684210526316
AAPL,2020-Q2,"Apr 30, 2020, 5:00 p.m. ET",0.2375384420156479,0.012087523937225342,0.7503740191459656,0.22545091807842255,Tech,2020-Q2,33,61,0.3473684210526316
AAPL,2020-Q2,"Apr 30, 2020, 5:00 p.m. ET",0.2375384420156479,0.012087523937225342,0.7503740191459656,0.22545091807842255,Tech,2020-Q2,33,61,0.3473684210526316
AAPL,2020-Q2,"Apr 30, 2020, 5:00 p.m. ET",0.2375384420156479,0.012087523937225342,0.7503740191459656,0.22545091807842255,Tech,2020-Q2,33,61,0.3473684210526316
AAPL,2020-Q2,"Apr 30, 2020, 5:00 p.m. ET",0.2375384420156479,0.012087523937225342,0.7503740191459656,0.22545091807842255,Tech,2020-Q2,33,61,0.3473684210526316
AAPL,2020-Q2,"Apr 30, 2020, 5:00 p.m. ET",0.2375384420156479,0.012087523937225342,0.7503740191459656,0.22545091807842255,Tech,2020-Q2,33,61,0.3473684210526316
AAPL,2020-Q2,"Apr 30, 2020, 5:00 p.m. ET",0.2375384420156479,0.012087523937225342,0.7503740191459656,0.22545091807842255,Tech,2020-Q2,33,61,0.3473684210526316
AAPL,2020-Q2,"Apr 30, 2020, 5:00 p.m. ET",0.2375384420156479,0.012087523937225342,0.7503740191459656,0.22545091807842255,Tech,2020-Q2,33,61,0.3473684210526316
AAPL,2020-Q2,"Apr 30, 2020, 5:00 p.m. ET",0.2375384420156479,0.012087523937225342,0.7503740191459656,0.22545091807842255,Tech,2020-Q2,33,61,0.3473684210526316
AAPL,2020-Q2,"Apr 30, 2020, 5:00 p.m. ET",0.2375384420156479,0.012087523937225342,0.7503740191459656,0.22545091807842255,Tech,2020-Q2,33,61,0.3473684210526316
AAPL,2020-Q2,"Apr 30, 2020, 5:00 p.m. ET",0.2375384420156479,0.012087523937225342,0.7503740191459656,0.22545091807842255,Tech,2020-Q2,33,61,0.3473684210526316
AAPL,2020-Q2,"Apr 30, 2020, 5:00 p.m. ET",0.2375384420156479,0.012087523937225342,0.7503740191459656,0.22545091807842255,Tech,2020-Q2,33,61,0.3473684210526316
AAPL,2020-Q2,"Apr 30, 2020, 5:00 p.m. ET",0.2375384420156479,0.012087523937225342,0.7503740191459656,0.22545091807842255,Tech,2020-Q2,33,61,0.3473684210526316
AAPL,2020-Q2,"Apr 30, 2020, 5:00 p.m. ET",0.2375384420156479,0.012087523937225342,0.7503740191459656,0.22545091807842255,Tech,2020-Q2,33,61,0.3473684210526316
AAPL,2020-Q2,"Apr 30, 2020, 5:00 p.m. ET",0.2375384420156479,0.012087523937225342,0.7503740191459656,0.22545091807842255,Tech,2020-Q2,33,61,0.3473684210526316
GOOGL,2020-Q1,"April 28, 2020, 4:30 p.m. ET",0.08496109396219254,0.014933321624994278,0.9001055955886841,0.07002777233719826,Tech,2020-Q1,38,80,0.31932773109243695
GOOGL,2020-Q1,"April 28, 2020, 4:30 p.m. ET",0.08496109396219254,0.014933321624994278,0.9001055955886841,0.07002777233719826,Tech,2020-Q1,38,80,0.31932773109243695
GOOGL,2020-Q1,"April 28, 2020, 4:30 p.m. ET",0.08496109396219254,0.014933321624994278,0.9001055955886841,0.07002777233719826,Tech,2020-Q1,38,80,0.31932773109243695
GOOGL,2020-Q1,"April 28, 2020, 4:30 p.m. ET",0.08496109396219254,0.014933321624994278,0.9001055955886841,0.07002777233719826,Tech,2020-Q1,38,80,0.31932773109243695
GOOGL,2020-Q1,"April 28, 2020, 4:30 p.m. ET",0.08496109396219254,0.014933321624994278,0.9001055955886841,0.07002777233719826,Tech,2020-Q1,38,80,0.31932773109243695
GOOGL,2020-Q1,"April 28, 2020, 4:30 p.m. ET",0.08496109396219254,0.014933321624994278,0.9001055955886841,0.07002777233719826,Tech,2020-Q1,38,80,0.31932773109243695
GOOGL,2020-Q1,"April 28, 2020, 4:30 p.m. ET",0.08496109396219254,0.014933321624994278,0.9001055955886841,0.07002777233719826,Tech,2020-Q1,38,80,0.31932773109243695
GOOGL,2020-Q1,"April 28, 2020, 4:30 p.m. ET",0.08496109396219254,0.014933321624994278,0.9001055955886841,0.07002777233719826,Tech,2020-Q1,38,80,0.31932773109243695
GOOGL,2020-Q1,"April 28, 2020, 4:30 p.m. ET",0.08496109396219254,0.014933321624994278,0.9001055955886841,0.07002777233719826,Tech,2020-Q1,38,80,0.31932773109243695
GOOGL,2020-Q1,"April 28, 2020, 4:30 p.m. ET",0.08496109396219254,0.014933321624994278,0.9001055955886841,0.07002777233719826,Tech,2020-Q1,38,80,0.31932773109243695
GOOGL,2020-Q1,"April 28, 2020, 4:30 p.m. ET",0.08496109396219254,0.014933321624994278,0.9001055955886841,0.07002777233719826,Tech,2020-Q1,38,80,0.31932773109243695
GOOGL,2020-Q1,"April 28, 2020, 4:30 p.m. ET",0.08496109396219254,0.014933321624994278,0.9001055955886841,0.07002777233719826,Tech,2020-Q1,38,80,0.31932773109243695
GOOGL,2020-Q1,"April 28, 2020, 4:30 p.m. ET",0.08496109396219254,0.014933321624994278,0.9001055955886841,0.07002777233719826,Tech,2020-Q1,38,80,0.31932773109243695
GOOGL,2020-Q1,"April 28, 2020, 4:30 p.m. ET",0.08496109396219254,0.014933321624994278,0.9001055955886841,0.07002777233719826,Tech,2020-Q1,38,80,0.31932773109243695
GOOGL,2020-Q1,"April 28, 2020, 4:30 p.m. ET",0.08496109396219254,0.014933321624994278,0.9001055955886841,0.07002777233719826,Tech,2020-Q1,38,80,0.31932773109243695
AMD,2021-Q3,"Oct 26, 2021, 5:00 p.m. ET",0.1226477324962616,0.3012005388736725,0.5761517286300659,-0.1785528063774109,Tech,2021-Q3,13,116,0.1
AMZN,2020-Q2,"Jul 30, 2020, 5:30 p.m. ET",0.09640108048915863,0.015877222642302513,0.8877217173576355,0.08052385784685612,Tech,2020-Q2,11,54,0.16666666666666666
AMZN,2020-Q2,"Jul 30, 2020, 5:30 p.m. ET",0.09640108048915863,0.015877222642302513,0.8877217173576355,0.08052385784685612,Tech,2020-Q2,11,54,0.16666666666666666
AMZN,2020-Q2,"Jul 30, 2020, 5:30 p.m. ET",0.09640108048915863,0.015877222642302513,0.8877217173576355,0.08052385784685612,Tech,2020-Q2,11,54,0.16666666666666666
AMZN,2020-Q2,"Jul 30, 2020, 5:30 p.m. ET",0.09640108048915863,0.015877222642302513,0.8877217173576355,0.08052385784685612,Tech,2020-Q2,11,54,0.16666666666666666
AMZN,2020-Q2,"Jul 30, 2020, 5:30 p.m. ET",0.09640108048915863,0.015877222642302513,0.8877217173576355,0.08052385784685612,Tech,2020-Q2,11,54,0.16666666666666666
AMZN,2020-Q2,"Jul 30, 2020, 5:30 p.m. ET",0.09640108048915863,0.015877222642302513,0.8877217173576355,0.08052385784685612,Tech,2020-Q2,11,54,0.16666666666666666
AMZN,2020-Q2,"Jul 30, 2020, 5:30 p.m. ET",0.09640108048915863,0.015877222642302513,0.8877217173576355,0.08052385784685612,Tech,2020-Q2,11,54,0.16666666666666666
AMZN,2020-Q2,"Jul 30, 2020, 5:30 p.m. ET",0.09640108048915863,0.015877222642302513,0.8877217173576355,0.08052385784685612,Tech,2020-Q2,11,54,0.16666666666666666
AMZN,2020-Q2,"Jul 30, 2020, 5:30 p.m. ET",0.09640108048915863,0.015877222642302513,0.8877217173576355,0.08052385784685612,Tech,2020-Q2,11,54,0.16666666666666666
AMZN,2020-Q2,"Jul 30, 2020, 5:30 p.m. ET",0.09640108048915863,0.015877222642302513,0.8877217173576355,0.08052385784685612,Tech,2020-Q2,11,54,0.16666666666666666
AMZN,2020-Q2,"Jul 30, 2020, 5:30 p.m. ET",0.09640108048915863,0.015877222642302513,0.8877217173576355,0.08052385784685612,Tech,2020-Q2,11,54,0.16666666666666666
AMZN,2020-Q2,"Jul 30, 2020, 5:30 p.m. ET",0.09640108048915863,0.015877222642302513,0.8877217173576355,0.08052385784685612,Tech,2020-Q2,11,54,0.16666666666666666
AMZN,2020-Q2,"Jul 30, 2020, 5:30 p.m. ET",0.09640108048915863,0.015877222642302513,0.8877217173576355,0.08052385784685612,Tech,2020-Q2,11,54,0.16666666666666666
AMZN,2020-Q2,"Jul 30, 2020, 5:30 p.m. ET",0.09640108048915863,0.015877222642302513,0.8877217173576355,0.08052385784685612,Tech,2020-Q2,11,54,0.16666666666666666
AMZN,2020-Q2,"Jul 30, 2020, 5:30 p.m. ET",0.09640108048915863,0.015877222642302513,0.8877217173576355,0.08052385784685612,Tech,2020-Q2,11,54,0.16666666666666666
AMZN,2020-Q2,"Jul 30, 2020, 5:30 p.m. ET",0.09640108048915863,0.015877222642302513,0.8877217173576355,0.08052385784685612,Tech,2020-Q2,11,54,0.16666666666666666
AMZN,2020-Q2,"Jul 30, 2020, 5:30 p.m. ET",0.09640108048915863,0.015877222642302513,0.8877217173576355,0.08052385784685612,Tech,2020-Q2,11,54,0.16666666666666666
AMZN,2020-Q2,"Jul 30, 2020, 5:30 p.m. ET",0.09640108048915863,0.015877222642302513,0.8877217173576355,0.08052385784685612,Tech,2020-Q2,11,54,0.16666666666666666
AMZN,2020-Q2,"Jul 30, 2020, 5:30 p.m. ET",0.09640108048915863,0.015877222642302513,0.8877217173576355,0.08052385784685612,Tech,2020-Q2,11,54,0.16666666666666666
AMZN,2020-Q2,"Jul 30, 2020, 5:30 p.m. ET",0.09640108048915863,0.015877222642302513,0.8877217173576355,0.08052385784685612,Tech,2020-Q2,11,54,0.16666666666666666
AMZN,2020-Q2,"Jul 30, 2020, 5:30 p.m. ET",0.09640108048915863,0.015877222642302513,0.8877217173576355,0.08052385784685612,Tech,2020-Q2,11,54,0.16666666666666666
AMZN,2020-Q2,"Jul 30, 2020, 5:30 p.m. ET",0.09640108048915863,0.015877222642302513,0.8877217173576355,0.08052385784685612,Tech,2020-Q2,11,54,0.16666666666666666
AMZN,2020-Q2,"Jul 30, 2020, 5:30 p.m. ET",0.09640108048915863,0.015877222642302513,0.8877217173576355,0.08052385784685612,Tech,2020-Q2,11,54,0.16666666666666666
AMZN,2020-Q2,"Jul 30, 2020, 5:30 p.m. ET",0.09640108048915863,0.015877222642302513,0.8877217173576355,0.08052385784685612,Tech,2020-Q2,11,54,0.16666666666666666
AMZN,2020-Q2,"Jul 30, 2020, 5:30 p.m. ET",0.09640108048915863,0.015877222642302513,0.8877217173576355,0.08052385784685612,Tech,2020-Q2,11,54,0.16666666666666666
GOOGL,2018-Q4,"['Alphabet Inc Class C (GOOGL 0.75%) (GOOG 0.84%) Q4 2018 ', ' February 4, 2019, 4:30 p.m. ET']",0.022734766826033592,0.04183025285601616,0.9354349970817566,-0.019095486029982567,Tech,2018-Q4,18,108,0.14173228346456693
GOOGL,2018-Q4,"['Alphabet Inc Class C (GOOGL 0.75%) (GOOG 0.84%) Q4 2018 ', ' February 4, 2019, 4:30 p.m. ET']",0.022734766826033592,0.04183025285601616,0.9354349970817566,-0.019095486029982567,Tech,2018-Q4,18,108,0.14173228346456693
AAPL,2020-Q1,"Jan 28, 2020, 5:00 p.m. ET",0.44424036145210266,0.011321954429149628,0.5444376468658447,0.43291840702295303,Tech,2020-Q1,18,103,0.14754098360655737
AAPL,2020-Q1,"Jan 28, 2020, 5:00 p.m. ET",0.44424036145210266,0.011321954429149628,0.5444376468658447,0.43291840702295303,Tech,2020-Q1,18,103,0.14754098360655737
AAPL,2020-Q1,"Jan 28, 2020, 5:00 p.m. ET",0.44424036145210266,0.011321954429149628,0.5444376468658447,0.43291840702295303,Tech,2020-Q1,18,103,0.14754098360655737
AAPL,2020-Q1,"Jan 28, 2020, 5:00 p.m. ET",0.44424036145210266,0.011321954429149628,0.5444376468658447,0.43291840702295303,Tech,2020-Q1,18,103,0.14754098360655737
AAPL,2020-Q1,"Jan 28, 2020, 5:00 p.m. ET",0.44424036145210266,0.011321954429149628,0.5444376468658447,0.43291840702295303,Tech,2020-Q1,18,103,0.14754098360655737
AAPL,2020-Q1,"Jan 28, 2020, 5:00 p.m. ET",0.44424036145210266,0.011321954429149628,0.5444376468658447,0.43291840702295303,Tech,2020-Q1,18,103,0.14754098360655737
AAPL,2020-Q1,"Jan 28, 2020, 5:00 p.m. ET",0.44424036145210266,0.011321954429149628,0.5444376468658447,0.43291840702295303,Tech,2020-Q1,18,103,0.14754098360655737
AAPL,2020-Q1,"Jan 28, 2020, 5:00 p.m. ET",0.44424036145210266,0.011321954429149628,0.5444376468658447,0.43291840702295303,Tech,2020-Q1,18,103,0.14754098360655737
AAPL,2020-Q1,"Jan 28, 2020, 5:00 p.m. ET",0.44424036145210266,0.011321954429149628,0.5444376468658447,0.43291840702295303,Tech,2020-Q1,18,103,0.14754098360655737
AAPL,2020-Q1,"Jan 28, 2020, 5:00 p.m. ET",0.44424036145210266,0.011321954429149628,0.5444376468658447,0.43291840702295303,Tech,2020-Q1,18,103,0.14754098360655737
AAPL,2020-Q1,"Jan 28, 2020, 5:00 p.m. ET",0.44424036145210266,0.011321954429149628,0.5444376468658447,0.43291840702295303,Tech,2020-Q1,18,103,0.14754098360655737
AAPL,2020-Q1,"Jan 28, 2020, 5:00 p.m. ET",0.44424036145210266,0.011321954429149628,0.5444376468658447,0.43291840702295303,Tech,2020-Q1,18,103,0.14754098360655737
AAPL,2020-Q1,"Jan 28, 2020, 5:00 p.m. ET",0.44424036145210266,0.011321954429149628,0.5444376468658447,0.43291840702295303,Tech,2020-Q1,18,103,0.14754098360655737
AAPL,2020-Q1,"Jan 28, 2020, 5:00 p.m. ET",0.44424036145210266,0.011321954429149628,0.5444376468658447,0.43291840702295303,Tech,2020-Q1,18,103,0.14754098360655737
AAPL,2020-Q1,"Jan 28, 2020, 5:00 p.m. ET",0.44424036145210266,0.011321954429149628,0.5444376468658447,0.43291840702295303,Tech,2020-Q1,18,103,0.14754098360655737
AAPL,2020-Q1,"Jan 28, 2020, 5:00 p.m. ET",0.44424036145210266,0.011321954429149628,0.5444376468658447,0.43291840702295303,Tech,2020-Q1,18,103,0.14754098360655737
AAPL,2020-Q1,"Jan 28, 2020, 5:00 p.m. ET",0.44424036145210266,0.011321954429149628,0.5444376468658447,0.43291840702295303,Tech,2020-Q1,18,103,0.14754098360655737
AAPL,2020-Q1,"Jan 28, 2020, 5:00 p.m. ET",0.44424036145210266,0.011321954429149628,0.5444376468658447,0.43291840702295303,Tech,2020-Q1,18,103,0.14754098360655737
AAPL,2020-Q1,"Jan 28, 2020, 5:00 p.m. ET",0.44424036145210266,0.011321954429149628,0.5444376468658447,0.43291840702295303,Tech,2020-Q1,18,103,0.14754098360655737
AAPL,2020-Q1,"Jan 28, 2020, 5:00 p.m. ET",0.44424036145210266,0.011321954429149628,0.5444376468658447,0.43291840702295303,Tech,2020-Q1,18,103,0.14754098360655737
AAPL,2020-Q1,"Jan 28, 2020, 5:00 p.m. ET",0.44424036145210266,0.011321954429149628,0.5444376468658447,0.43291840702295303,Tech,2020-Q1,18,103,0.14754098360655737
AMZN,2020-Q2,"Jul 30, 2020, 5:30 p.m. ET",0.09640108048915863,0.015877222642302513,0.8877217173576355,0.08052385784685612,Tech,2020-Q2,11,54,0.16666666666666666
AMZN,2020-Q2,"Jul 30, 2020, 5:30 p.m. ET",0.09640108048915863,0.015877222642302513,0.8877217173576355,0.08052385784685612,Tech,2020-Q2,11,54,0.16666666666666666
AMZN,2020-Q2,"Jul 30, 2020, 5:30 p.m. ET",0.09640108048915863,0.015877222642302513,0.8877217173576355,0.08052385784685612,Tech,2020-Q2,11,54,0.16666666666666666
AMZN,2020-Q2,"Jul 30, 2020, 5:30 p.m. ET",0.09640108048915863,0.015877222642302513,0.8877217173576355,0.08052385784685612,Tech,2020-Q2,11,54,0.16666666666666666
AMZN,2020-Q2,"Jul 30, 2020, 5:30 p.m. ET",0.09640108048915863,0.015877222642302513,0.8877217173576355,0.08052385784685612,Tech,2020-Q2,11,54,0.16666666666666666
AMZN,2020-Q2,"Jul 30, 2020, 5:30 p.m. ET",0.09640108048915863,0.015877222642302513,0.8877217173576355,0.08052385784685612,Tech,2020-Q2,11,54,0.16666666666666666
AMZN,2020-Q2,"Jul 30, 2020, 5:30 p.m. ET",0.09640108048915863,0.015877222642302513,0.8877217173576355,0.08052385784685612,Tech,2020-Q2,11,54,0.16666666666666666
AMZN,2020-Q2,"Jul 30, 2020, 5:30 p.m. ET",0.09640108048915863,0.015877222642302513,0.8877217173576355,0.08052385784685612,Tech,2020-Q2,11,54,0.16666666666666666
AMZN,2020-Q2,"Jul 30, 2020, 5:30 p.m. ET",0.09640108048915863,0.015877222642302513,0.8877217173576355,0.08052385784685612,Tech,2020-Q2,11,54,0.16666666666666666
AMZN,2020-Q2,"Jul 30, 2020, 5:30 p.m. ET",0.09640108048915863,0.015877222642302513,0.8877217173576355,0.08052385784685612,Tech,2020-Q2,11,54,0.16666666666666666
AMZN,2020-Q2,"Jul 30, 2020, 5:30 p.m. ET",0.09640108048915863,0.015877222642302513,0.8877217173576355,0.08052385784685612,Tech,2020-Q2,11,54,0.16666666666666666
AMZN,2020-Q2,"Jul 30, 2020, 5:30 p.m. ET",0.09640108048915863,0.015877222642302513,0.8877217173576355,0.08052385784685612,Tech,2020-Q2,11,54,0.16666666666666666
AMZN,2020-Q2,"Jul 30, 2020, 5:30 p.m. ET",0.09640108048915863,0.015877222642302513,0.8877217173576355,0.08052385784685612,Tech,2020-Q2,11,54,0.16666666666666666
AMZN,2020-Q2,"Jul 30, 2020, 5:30 p.m. ET",0.09640108048915863,0.015877222642302513,0.8877217173576355,0.08052385784685612,Tech,2020-Q2,11,54,0.16666666666666666
AMZN,2020-Q2,"Jul 30, 2020, 5:30 p.m. ET",0.09640108048915863,0.015877222642302513,0.8877217173576355,0.08052385784685612,Tech,2020-Q2,11,54,0.16666666666666666
AMZN,2020-Q2,"Jul 30, 2020, 5:30 p.m. ET",0.09640108048915863,0.015877222642302513,0.8877217173576355,0.08052385784685612,Tech,2020-Q2,11,54,0.16666666666666666
AMZN,2020-Q2,"Jul 30, 2020, 5:30 p.m. ET",0.09640108048915863,0.015877222642302513,0.8877217173576355,0.08052385784685612,Tech,2020-Q2,11,54,0.16666666666666666
AMZN,2020-Q2,"Jul 30, 2020, 5:30 p.m. ET",0.09640108048915863,0.015877222642302513,0.8877217173576355,0.08052385784685612,Tech,2020-Q2,11,54,0.16666666666666666
AMZN,2020-Q2,"Jul 30, 2020, 5:30 p.m. ET",0.09640108048915863,0.015877222642302513,0.8877217173576355,0.08052385784685612,Tech,2020-Q2,11,54,0.16666666666666666
AMZN,2020-Q2,"Jul 30, 2020, 5:30 p.m. ET",0.09640108048915863,0.015877222642302513,0.8877217173576355,0.08052385784685612,Tech,2020-Q2,11,54,0.16666666666666666
AMZN,2020-Q2,"Jul 30, 2020, 5:30 p.m. ET",0.09640108048915863,0.015877222642302513,0.8877217173576355,0.08052385784685612,Tech,2020-Q2,11,54,0.16666666666666666
AMZN,2020-Q2,"Jul 30, 2020, 5:30 p.m. ET",0.09640108048915863,0.015877222642302513,0.8877217173576355,0.08052385784685612,Tech,2020-Q2,11,54,0.16666666666666666
AMZN,2020-Q2,"Jul 30, 2020, 5:30 p.m. ET",0.09640108048915863,0.015877222642302513,0.8877217173576355,0.08052385784685612,Tech,2020-Q2,11,54,0.16666666666666666
AMZN,2020-Q2,"Jul 30, 2020, 5:30 p.m. ET",0.09640108048915863,0.015877222642302513,0.8877217173576355,0.08052385784685612,Tech,2020-Q2,11,54,0.16666666666666666
AMZN,2020-Q2,"Jul 30, 2020, 5:30 p.m. ET",0.09640108048915863,0.015877222642302513,0.8877217173576355,0.08052385784685612,Tech,2020-Q2,11,54,0.16666666666666666
COST,2021-Q2,"Mar 04, 2021, 5:00 p.m. ET",0.14313046634197235,0.6819760799407959,0.17489348351955414,-0.5388456135988235,Retail,2021-Q2,43,26,0.6142857142857143
AMZN,2020-Q2,"Jul 30, 2020, 5:30 p.m. ET",0.09640108048915863,0.015877222642302513,0.8877217173576355,0.08052385784685612,Tech,2020-Q2,11,54,0.16666666666666666
AMZN,2020-Q2,"Jul 30, 2020, 5:30 p.m. ET",0.09640108048915863,0.015877222642302513,0.8877217173576355,0.08052385784685612,Tech,2020-Q2,11,54,0.16666666666666666
AMZN,2020-Q2,"Jul 30, 2020, 5:30 p.m. ET",0.09640108048915863,0.015877222642302513,0.8877217173576355,0.08052385784685612,Tech,2020-Q2,11,54,0.16666666666666666
AMZN,2020-Q2,"Jul 30, 2020, 5:30 p.m. ET",0.09640108048915863,0.015877222642302513,0.8877217173576355,0.08052385784685612,Tech,2020-Q2,11,54,0.16666666666666666
AMZN,2020-Q2,"Jul 30, 2020, 5:30 p.m. ET",0.09640108048915863,0.015877222642302513,0.8877217173576355,0.08052385784685612,Tech,2020-Q2,11,54,0.16666666666666666
AMZN,2020-Q2,"Jul 30, 2020, 5:30 p.m. ET",0.09640108048915863,0.015877222642302513,0.8877217173576355,0.08052385784685612,Tech,2020-Q2,11,54,0.16666666666666666
AMZN,2020-Q2,"Jul 30, 2020, 5:30 p.m. ET",0.09640108048915863,0.015877222642302513,0.8877217173576355,0.08052385784685612,Tech,2020-Q2,11,54,0.16666666666666666
AMZN,2020-Q2,"Jul 30, 2020, 5:30 p.m. ET",0.09640108048915863,0.015877222642302513,0.8877217173576355,0.08052385784685612,Tech,2020-Q2,11,54,0.16666666666666666
AMZN,2020-Q2,"Jul 30, 2020, 5:30 p.m. ET",0.09640108048915863,0.015877222642302513,0.8877217173576355,0.08052385784685612,Tech,2020-Q2,11,54,0.16666666666666666
AMZN,2020-Q2,"Jul 30, 2020, 5:30 p.m. ET",0.09640108048915863,0.015877222642302513,0.8877217173576355,0.08052385784685612,Tech,2020-Q2,11,54,0.16666666666666666
AMZN,2020-Q2,"Jul 30, 2020, 5:30 p.m. ET",0.09640108048915863,0.015877222642302513,0.8877217173576355,0.08052385784685612,Tech,2020-Q2,11,54,0.16666666666666666
AMZN,2020-Q2,"Jul 30, 2020, 5:30 p.m. ET",0.09640108048915863,0.015877222642302513,0.8877217173576355,0.08052385784685612,Tech,2020-Q2,11,54,0.16666666666666666
AMZN,2020-Q2,"Jul 30, 2020, 5:30 p.m. ET",0.09640108048915863,0.015877222642302513,0.8877217173576355,0.08052385784685612,Tech,2020-Q2,11,54,0.16666666666666666
AMZN,2020-Q2,"Jul 30, 2020, 5:30 p.m. ET",0.09640108048915863,0.015877222642302513,0.8877217173576355,0.08052385784685612,Tech,2020-Q2,11,54,0.16666666666666666
AMZN,2020-Q2,"Jul 30, 2020, 5:30 p.m. ET",0.09640108048915863,0.015877222642302513,0.8877217173576355,0.08052385784685612,Tech,2020-Q2,11,54,0.16666666666666666
AMZN,2020-Q2,"Jul 30, 2020, 5:30 p.m. ET",0.09640108048915863,0.015877222642302513,0.8877217173576355,0.08052385784685612,Tech,2020-Q2,11,54,0.16666666666666666
AMZN,2020-Q2,"Jul 30, 2020, 5:30 p.m. ET",0.09640108048915863,0.015877222642302513,0.8877217173576355,0.08052385784685612,Tech,2020-Q2,11,54,0.16666666666666666
AMZN,2020-Q2,"Jul 30, 2020, 5:30 p.m. ET",0.09640108048915863,0.015877222642302513,0.8877217173576355,0.08052385784685612,Tech,2020-Q2,11,54,0.16666666666666666
AMZN,2020-Q2,"Jul 30, 2020, 5:30 p.m. ET",0.09640108048915863,0.015877222642302513,0.8877217173576355,0.08052385784685612,Tech,2020-Q2,11,54,0.16666666666666666
AMZN,2020-Q2,"Jul 30, 2020, 5:30 p.m. ET",0.09640108048915863,0.015877222642302513,0.8877217173576355,0.08052385784685612,Tech,2020-Q2,11,54,0.16666666666666666
AMZN,2020-Q2,"Jul 30, 2020, 5:30 p.m. ET",0.09640108048915863,0.015877222642302513,0.8877217173576355,0.08052385784685612,Tech,2020-Q2,11,54,0.16666666666666666
AMZN,2020-Q2,"Jul 30, 2020, 5:30 p.m. ET",0.09640108048915863,0.015877222642302513,0.8877217173576355,0.08052385784685612,Tech,2020-Q2,11,54,0.16666666666666666
AMZN,2020-Q2,"Jul 30, 2020, 5:30 p.m. ET",0.09640108048915863,0.015877222642302513,0.8877217173576355,0.08052385784685612,Tech,2020-Q2,11,54,0.16666666666666666
AMZN,2020-Q2,"Jul 30, 2020, 5:30 p.m. ET",0.09640108048915863,0.015877222642302513,0.8877217173576355,0.08052385784685612,Tech,2020-Q2,11,54,0.16666666666666666
AMZN,2020-Q2,"Jul 30, 2020, 5:30 p.m. ET",0.09640108048915863,0.015877222642302513,0.8877217173576355,0.08052385784685612,Tech,2020-Q2,11,54,0.16666666666666666
MRNA,2020-Q2,"Aug 05, 2020, 8:00 a.m. ET",0.11924165487289429,0.01616738736629486,0.8645909428596497,0.10307426750659943,Healthcare,2020-Q2,26,20,0.5531914893617021
MRNA,2020-Q2,"Aug 05, 2020, 8:00 a.m. ET",0.11924165487289429,0.01616738736629486,0.8645909428596497,0.10307426750659943,Healthcare,2020-Q2,26,20,0.5531914893617021
MRNA,2020-Q2,"Aug 05, 2020, 8:00 a.m. ET",0.11924165487289429,0.01616738736629486,0.8645909428596497,0.10307426750659943,Healthcare,2020-Q2,26,20,0.5531914893617021
MRNA,2020-Q2,"Aug 05, 2020, 8:00 a.m. ET",0.11924165487289429,0.01616738736629486,0.8645909428596497,0.10307426750659943,Healthcare,2020-Q2,26,20,0.5531914893617021
MCD,2021-Q1,"Apr 29, 2021, 8:30 a.m. ET",0.09901955723762512,0.018579406663775444,0.8824010491371155,0.08044015057384968,Consumer,2021-Q1,21,75,0.21649484536082475
NFLX,2021-Q1,"Apr 20, 2021, 6:00 p.m. ET",0.046006444841623306,0.02170305885374546,0.9322904944419861,0.024303385987877846,Media,2021-Q1,4,29,0.11764705882352941
GOOGL,2021-Q1,"Apr 27, 2021, 5:00 p.m. ET",0.13700048625469208,0.01218396332114935,0.8508155345916748,0.12481652293354273,Tech,2021-Q1,13,66,0.1625
GOOGL,2021-Q1,"Apr 27, 2021, 5:00 p.m. ET",0.13700048625469208,0.01218396332114935,0.8508155345916748,0.12481652293354273,Tech,2021-Q1,13,66,0.1625
GOOGL,2021-Q1,"Apr 27, 2021, 5:00 p.m. ET",0.13700048625469208,0.01218396332114935,0.8508155345916748,0.12481652293354273,Tech,2021-Q1,13,66,0.1625
GOOGL,2021-Q1,"Apr 27, 2021, 5:00 p.m. ET",0.13700048625469208,0.01218396332114935,0.8508155345916748,0.12481652293354273,Tech,2021-Q1,13,66,0.1625
GOOGL,2020-Q1,"April 28, 2020, 4:30 p.m. ET",0.08496109396219254,0.014933321624994278,0.9001055955886841,0.07002777233719826,Tech,2020-Q1,38,80,0.31932773109243695
GOOGL,2020-Q1,"April 28, 2020, 4:30 p.m. ET",0.08496109396219254,0.014933321624994278,0.9001055955886841,0.07002777233719826,Tech,2020-Q1,38,80,0.31932773109243695
GOOGL,2020-Q1,"April 28, 2020, 4:30 p.m. ET",0.08496109396219254,0.014933321624994278,0.9001055955886841,0.07002777233719826,Tech,2020-Q1,38,80,0.31932773109243695
GOOGL,2020-Q1,"April 28, 2020, 4:30 p.m. ET",0.08496109396219254,0.014933321624994278,0.9001055955886841,0.07002777233719826,Tech,2020-Q1,38,80,0.31932773109243695
GOOGL,2020-Q1,"April 28, 2020, 4:30 p.m. ET",0.08496109396219254,0.014933321624994278,0.9001055955886841,0.07002777233719826,Tech,2020-Q1,38,80,0.31932773109243695
GOOGL,2020-Q1,"April 28, 2020, 4:30 p.m. ET",0.08496109396219254,0.014933321624994278,0.9001055955886841,0.07002777233719826,Tech,2020-Q1,38,80,0.31932773109243695
GOOGL,2020-Q1,"April 28, 2020, 4:30 p.m. ET",0.08496109396219254,0.014933321624994278,0.9001055955886841,0.07002777233719826,Tech,2020-Q1,38,80,0.31932773109243695
GOOGL,2020-Q1,"April 28, 2020, 4:30 p.m. ET",0.08496109396219254,0.014933321624994278,0.9001055955886841,0.07002777233719826,Tech,2020-Q1,38,80,0.31932773109243695
GOOGL,2020-Q1,"April 28, 2020, 4:30 p.m. ET",0.08496109396219254,0.014933321624994278,0.9001055955886841,0.07002777233719826,Tech,2020-Q1,38,80,0.31932773109243695
GOOGL,2020-Q1,"April 28, 2020, 4:30 p.m. ET",0.08496109396219254,0.014933321624994278,0.9001055955886841,0.07002777233719826,Tech,2020-Q1,38,80,0.31932773109243695
GOOGL,2020-Q1,"April 28, 2020, 4:30 p.m. ET",0.08496109396219254,0.014933321624994278,0.9001055955886841,0.07002777233719826,Tech,2020-Q1,38,80,0.31932773109243695
GOOGL,2020-Q1,"April 28, 2020, 4:30 p.m. ET",0.08496109396219254,0.014933321624994278,0.9001055955886841,0.07002777233719826,Tech,2020-Q1,38,80,0.31932773109243695
GOOGL,2020-Q1,"April 28, 2020, 4:30 p.m. ET",0.08496109396219254,0.014933321624994278,0.9001055955886841,0.07002777233719826,Tech,2020-Q1,38,80,0.31932773109243695
GOOGL,2020-Q1,"April 28, 2020, 4:30 p.m. ET",0.08496109396219254,0.014933321624994278,0.9001055955886841,0.07002777233719826,Tech,2020-Q1,38,80,0.31932773109243695
GOOGL,2020-Q1,"April 28, 2020, 4:30 p.m. ET",0.08496109396219254,0.014933321624994278,0.9001055955886841,0.07002777233719826,Tech,2020-Q1,38,80,0.31932773109243695
AMZN,2020-Q2,"Jul 30, 2020, 5:30 p.m. ET",0.09640108048915863,0.015877222642302513,0.8877217173576355,0.08052385784685612,Tech,2020-Q2,11,54,0.16666666666666666
AMZN,2020-Q2,"Jul 30, 2020, 5:30 p.m. ET",0.09640108048915863,0.015877222642302513,0.8877217173576355,0.08052385784685612,Tech,2020-Q2,11,54,0.16666666666666666
AMZN,2020-Q2,"Jul 30, 2020, 5:30 p.m. ET",0.09640108048915863,0.015877222642302513,0.8877217173576355,0.08052385784685612,Tech,2020-Q2,11,54,0.16666666666666666
AMZN,2020-Q2,"Jul 30, 2020, 5:30 p.m. ET",0.09640108048915863,0.015877222642302513,0.8877217173576355,0.08052385784685612,Tech,2020-Q2,11,54,0.16666666666666666
AMZN,2020-Q2,"Jul 30, 2020, 5:30 p.m. ET",0.09640108048915863,0.015877222642302513,0.8877217173576355,0.08052385784685612,Tech,2020-Q2,11,54,0.16666666666666666
AMZN,2020-Q2,"Jul 30, 2020, 5:30 p.m. ET",0.09640108048915863,0.015877222642302513,0.8877217173576355,0.08052385784685612,Tech,2020-Q2,11,54,0.16666666666666666
AMZN,2020-Q2,"Jul 30, 2020, 5:30 p.m. ET",0.09640108048915863,0.015877222642302513,0.8877217173576355,0.08052385784685612,Tech,2020-Q2,11,54,0.16666666666666666
AMZN,2020-Q2,"Jul 30, 2020, 5:30 p.m. ET",0.09640108048915863,0.015877222642302513,0.8877217173576355,0.08052385784685612,Tech,2020-Q2,11,54,0.16666666666666666
AMZN,2020-Q2,"Jul 30, 2020, 5:30 p.m. ET",0.09640108048915863,0.015877222642302513,0.8877217173576355,0.08052385784685612,Tech,2020-Q2,11,54,0.16666666666666666
AMZN,2020-Q2,"Jul 30, 2020, 5:30 p.m. ET",0.09640108048915863,0.015877222642302513,0.8877217173576355,0.08052385784685612,Tech,2020-Q2,11,54,0.16666666666666666
AMZN,2020-Q2,"Jul 30, 2020, 5:30 p.m. ET",0.09640108048915863,0.015877222642302513,0.8877217173576355,0.08052385784685612,Tech,2020-Q2,11,54,0.16666666666666666
AMZN,2020-Q2,"Jul 30, 2020, 5:30 p.m. ET",0.09640108048915863,0.015877222642302513,0.8877217173576355,0.08052385784685612,Tech,2020-Q2,11,54,0.16666666666666666
AMZN,2020-Q2,"Jul 30, 2020, 5:30 p.m. ET",0.09640108048915863,0.015877222642302513,0.8877217173576355,0.08052385784685612,Tech,2020-Q2,11,54,0.16666666666666666
AMZN,2020-Q2,"Jul 30, 2020, 5:30 p.m. ET",0.09640108048915863,0.015877222642302513,0.8877217173576355,0.08052385784685612,Tech,2020-Q2,11,54,0.16666666666666666
AMZN,2020-Q2,"Jul 30, 2020, 5:30 p.m. ET",0.09640108048915863,0.015877222642302513,0.8877217173576355,0.08052385784685612,Tech,2020-Q2,11,54,0.16666666666666666
AMZN,2020-Q2,"Jul 30, 2020, 5:30 p.m. ET",0.09640108048915863,0.015877222642302513,0.8877217173576355,0.08052385784685612,Tech,2020-Q2,11,54,0.16666666666666666
AMZN,2020-Q2,"Jul 30, 2020, 5:30 p.m. ET",0.09640108048915863,0.015877222642302513,0.8877217173576355,0.08052385784685612,Tech,2020-Q2,11,54,0.16666666666666666
AMZN,2020-Q2,"Jul 30, 2020, 5:30 p.m. ET",0.09640108048915863,0.015877222642302513,0.8877217173576355,0.08052385784685612,Tech,2020-Q2,11,54,0.16666666666666666
AMZN,2020-Q2,"Jul 30, 2020, 5:30 p.m. ET",0.09640108048915863,0.015877222642302513,0.8877217173576355,0.08052385784685612,Tech,2020-Q2,11,54,0.16666666666666666
AMZN,2020-Q2,"Jul 30, 2020, 5:30 p.m. ET",0.09640108048915863,0.015877222642302513,0.8877217173576355,0.08052385784685612,Tech,2020-Q2,11,54,0.16666666666666666
AMZN,2020-Q2,"Jul 30, 2020, 5:30 p.m. ET",0.09640108048915863,0.015877222642302513,0.8877217173576355,0.08052385784685612,Tech,2020-Q2,11,54,0.16666666666666666
AMZN,2020-Q2,"Jul 30, 2020, 5:30 p.m. ET",0.09640108048915863,0.015877222642302513,0.8877217173576355,0.08052385784685612,Tech,2020-Q2,11,54,0.16666666666666666
AMZN,2020-Q2,"Jul 30, 2020, 5:30 p.m. ET",0.09640108048915863,0.015877222642302513,0.8877217173576355,0.08052385784685612,Tech,2020-Q2,11,54,0.16666666666666666
AMZN,2020-Q2,"Jul 30, 2020, 5:30 p.m. ET",0.09640108048915863,0.015877222642302513,0.8877217173576355,0.08052385784685612,Tech,2020-Q2,11,54,0.16666666666666666
AMZN,2020-Q2,"Jul 30, 2020, 5:30 p.m. ET",0.09640108048915863,0.015877222642302513,0.8877217173576355,0.08052385784685612,Tech,2020-Q2,11,54,0.16666666666666666
KO,2021-Q3,"Oct 27, 2021, 8:30 a.m. ET",0.0663120448589325,0.018883194774389267,0.9148047566413879,0.04742885008454323,Consumer,2021-Q3,50,98,0.33557046979865773
KO,2021-Q3,"Oct 27, 2021, 8:30 a.m. ET",0.0663120448589325,0.018883194774389267,0.9148047566413879,0.04742885008454323,Consumer,2021-Q3,50,98,0.33557046979865773
KO,2021-Q3,"Oct 27, 2021, 8:30 a.m. ET",0.0663120448589325,0.018883194774389267,0.9148047566413879,0.04742885008454323,Consumer,2021-Q3,50,98,0.33557046979865773
AMZN,2020-Q2,"Jul 30, 2020, 5:30 p.m. ET",0.09640108048915863,0.015877222642302513,0.8877217173576355,0.08052385784685612,Tech,2020-Q2,11,54,0.16666666666666666
AMZN,2020-Q2,"Jul 30, 2020, 5:30 p.m. ET",0.09640108048915863,0.015877222642302513,0.8877217173576355,0.08052385784685612,Tech,2020-Q2,11,54,0.16666666666666666
AMZN,2020-Q2,"Jul 30, 2020, 5:30 p.m. ET",0.09640108048915863,0.015877222642302513,0.8877217173576355,0.08052385784685612,Tech,2020-Q2,11,54,0.16666666666666666
AMZN,2020-Q2,"Jul 30, 2020, 5:30 p.m. ET",0.09640108048915863,0.015877222642302513,0.8877217173576355,0.08052385784685612,Tech,2020-Q2,11,54,0.16666666666666666
AMZN,2020-Q2,"Jul 30, 2020, 5:30 p.m. ET",0.09640108048915863,0.015877222642302513,0.8877217173576355,0.08052385784685612,Tech,2020-Q2,11,54,0.16666666666666666
AMZN,2020-Q2,"Jul 30, 2020, 5:30 p.m. ET",0.09640108048915863,0.015877222642302513,0.8877217173576355,0.08052385784685612,Tech,2020-Q2,11,54,0.16666666666666666
AMZN,2020-Q2,"Jul 30, 2020, 5:30 p.m. ET",0.09640108048915863,0.015877222642302513,0.8877217173576355,0.08052385784685612,Tech,2020-Q2,11,54,0.16666666666666666
AMZN,2020-Q2,"Jul 30, 2020, 5:30 p.m. ET",0.09640108048915863,0.015877222642302513,0.8877217173576355,0.08052385784685612,Tech,2020-Q2,11,54,0.16666666666666666
AMZN,2020-Q2,"Jul 30, 2020, 5:30 p.m. ET",0.09640108048915863,0.015877222642302513,0.8877217173576355,0.08052385784685612,Tech,2020-Q2,11,54,0.16666666666666666
AMZN,2020-Q2,"Jul 30, 2020, 5:30 p.m. ET",0.09640108048915863,0.015877222642302513,0.8877217173576355,0.08052385784685612,Tech,2020-Q2,11,54,0.16666666666666666
AMZN,2020-Q2,"Jul 30, 2020, 5:30 p.m. ET",0.09640108048915863,0.015877222642302513,0.8877217173576355,0.08052385784685612,Tech,2020-Q2,11,54,0.16666666666666666
AMZN,2020-Q2,"Jul 30, 2020, 5:30 p.m. ET",0.09640108048915863,0.015877222642302513,0.8877217173576355,0.08052385784685612,Tech,2020-Q2,11,54,0.16666666666666666
AMZN,2020-Q2,"Jul 30, 2020, 5:30 p.m. ET",0.09640108048915863,0.015877222642302513,0.8877217173576355,0.08052385784685612,Tech,2020-Q2,11,54,0.16666666666666666
AMZN,2020-Q2,"Jul 30, 2020, 5:30 p.m. ET",0.09640108048915863,0.015877222642302513,0.8877217173576355,0.08052385784685612,Tech,2020-Q2,11,54,0.16666666666666666
AMZN,2020-Q2,"Jul 30, 2020, 5:30 p.m. ET",0.09640108048915863,0.015877222642302513,0.8877217173576355,0.08052385784685612,Tech,2020-Q2,11,54,0.16666666666666666
AMZN,2020-Q2,"Jul 30, 2020, 5:30 p.m. ET",0.09640108048915863,0.015877222642302513,0.8877217173576355,0.08052385784685612,Tech,2020-Q2,11,54,0.16666666666666666
AMZN,2020-Q2,"Jul 30, 2020, 5:30 p.m. ET",0.09640108048915863,0.015877222642302513,0.8877217173576355,0.08052385784685612,Tech,2020-Q2,11,54,0.16666666666666666
AMZN,2020-Q2,"Jul 30, 2020, 5:30 p.m. ET",0.09640108048915863,0.015877222642302513,0.8877217173576355,0.08052385784685612,Tech,2020-Q2,11,54,0.16666666666666666
AMZN,2020-Q2,"Jul 30, 2020, 5:30 p.m. ET",0.09640108048915863,0.015877222642302513,0.8877217173576355,0.08052385784685612,Tech,2020-Q2,11,54,0.16666666666666666
AMZN,2020-Q2,"Jul 30, 2020, 5:30 p.m. ET",0.09640108048915863,0.015877222642302513,0.8877217173576355,0.08052385784685612,Tech,2020-Q2,11,54,0.16666666666666666
AMZN,2020-Q2,"Jul 30, 2020, 5:30 p.m. ET",0.09640108048915863,0.015877222642302513,0.8877217173576355,0.08052385784685612,Tech,2020-Q2,11,54,0.16666666666666666
AMZN,2020-Q2,"Jul 30, 2020, 5:30 p.m. ET",0.09640108048915863,0.015877222642302513,0.8877217173576355,0.08052385784685612,Tech,2020-Q2,11,54,0.16666666666666666
AMZN,2020-Q2,"Jul 30, 2020, 5:30 p.m. ET",0.09640108048915863,0.015877222642302513,0.8877217173576355,0.08052385784685612,Tech,2020-Q2,11,54,0.16666666666666666
AMZN,2020-Q2,"Jul 30, 2020, 5:30 p.m. ET",0.09640108048915863,0.015877222642302513,0.8877217173576355,0.08052385784685612,Tech,2020-Q2,11,54,0.16666666666666666
AMZN,2020-Q2,"Jul 30, 2020, 5:30 p.m. ET",0.09640108048915863,0.015877222642302513,0.8877217173576355,0.08052385784685612,Tech,2020-Q2,11,54,0.16666666666666666
MRNA,2020-Q2,"Aug 05, 2020, 8:00 a.m. ET",0.11924165487289429,0.01616738736629486,0.8645909428596497,0.10307426750659943,Healthcare,2020-Q2,26,20,0.5531914893617021
MRNA,2020-Q2,"Aug 05, 2020, 8:00 a.m. ET",0.11924165487289429,0.01616738736629486,0.8645909428596497,0.10307426750659943,Healthcare,2020-Q2,26,20,0.5531914893617021
MRNA,2020-Q2,"Aug 05, 2020, 8:00 a.m. ET",0.11924165487289429,0.01616738736629486,0.8645909428596497,0.10307426750659943,Healthcare,2020-Q2,26,20,0.5531914893617021
MRNA,2020-Q2,"Aug 05, 2020, 8:00 a.m. ET",0.11924165487289429,0.01616738736629486,0.8645909428596497,0.10307426750659943,Healthcare,2020-Q2,26,20,0.5531914893617021
AAPL,2020-Q1,"Jan 28, 2020, 5:00 p.m. ET",0.44424036145210266,0.011321954429149628,0.5444376468658447,0.43291840702295303,Tech,2020-Q1,18,103,0.14754098360655737
AAPL,2020-Q1,"Jan 28, 2020, 5:00 p.m. ET",0.44424036145210266,0.011321954429149628,0.5444376468658447,0.43291840702295303,Tech,2020-Q1,18,103,0.14754098360655737
AAPL,2020-Q1,"Jan 28, 2020, 5:00 p.m. ET",0.44424036145210266,0.011321954429149628,0.5444376468658447,0.43291840702295303,Tech,2020-Q1,18,103,0.14754098360655737
AAPL,2020-Q1,"Jan 28, 2020, 5:00 p.m. ET",0.44424036145210266,0.011321954429149628,0.5444376468658447,0.43291840702295303,Tech,2020-Q1,18,103,0.14754098360655737
AAPL,2020-Q1,"Jan 28, 2020, 5:00 p.m. ET",0.44424036145210266,0.011321954429149628,0.5444376468658447,0.43291840702295303,Tech,2020-Q1,18,103,0.14754098360655737
AAPL,2020-Q1,"Jan 28, 2020, 5:00 p.m. ET",0.44424036145210266,0.011321954429149628,0.5444376468658447,0.43291840702295303,Tech,2020-Q1,18,103,0.14754098360655737
AAPL,2020-Q1,"Jan 28, 2020, 5:00 p.m. ET",0.44424036145210266,0.011321954429149628,0.5444376468658447,0.43291840702295303,Tech,2020-Q1,18,103,0.14754098360655737
AAPL,2020-Q1,"Jan 28, 2020, 5:00 p.m. ET",0.44424036145210266,0.011321954429149628,0.5444376468658447,0.43291840702295303,Tech,2020-Q1,18,103,0.14754098360655737
AAPL,2020-Q1,"Jan 28, 2020, 5:00 p.m. ET",0.44424036145210266,0.011321954429149628,0.5444376468658447,0.43291840702295303,Tech,2020-Q1,18,103,0.14754098360655737
AAPL,2020-Q1,"Jan 28, 2020, 5:00 p.m. ET",0.44424036145210266,0.011321954429149628,0.5444376468658447,0.43291840702295303,Tech,2020-Q1,18,103,0.14754098360655737
AAPL,2020-Q1,"Jan 28, 2020, 5:00 p.m. ET",0.44424036145210266,0.011321954429149628,0.5444376468658447,0.43291840702295303,Tech,2020-Q1,18,103,0.14754098360655737
AAPL,2020-Q1,"Jan 28, 2020, 5:00 p.m. ET",0.44424036145210266,0.011321954429149628,0.5444376468658447,0.43291840702295303,Tech,2020-Q1,18,103,0.14754098360655737
AAPL,2020-Q1,"Jan 28, 2020, 5:00 p.m. ET",0.44424036145210266,0.011321954429149628,0.5444376468658447,0.43291840702295303,Tech,2020-Q1,18,103,0.14754098360655737
AAPL,2020-Q1,"Jan 28, 2020, 5:00 p.m. ET",0.44424036145210266,0.011321954429149628,0.5444376468658447,0.43291840702295303,Tech,2020-Q1,18,103,0.14754098360655737
AAPL,2020-Q1,"Jan 28, 2020, 5:00 p.m. ET",0.44424036145210266,0.011321954429149628,0.5444376468658447,0.43291840702295303,Tech,2020-Q1,18,103,0.14754098360655737
AAPL,2020-Q1,"Jan 28, 2020, 5:00 p.m. ET",0.44424036145210266,0.011321954429149628,0.5444376468658447,0.43291840702295303,Tech,2020-Q1,18,103,0.14754098360655737
AAPL,2020-Q1,"Jan 28, 2020, 5:00 p.m. ET",0.44424036145210266,0.011321954429149628,0.5444376468658447,0.43291840702295303,Tech,2020-Q1,18,103,0.14754098360655737
AAPL,2020-Q1,"Jan 28, 2020, 5:00 p.m. ET",0.44424036145210266,0.011321954429149628,0.5444376468658447,0.43291840702295303,Tech,2020-Q1,18,103,0.14754098360655737
AAPL,2020-Q1,"Jan 28, 2020, 5:00 p.m. ET",0.44424036145210266,0.011321954429149628,0.5444376468658447,0.43291840702295303,Tech,2020-Q1,18,103,0.14754098360655737
AAPL,2020-Q1,"Jan 28, 2020, 5:00 p.m. ET",0.44424036145210266,0.011321954429149628,0.5444376468658447,0.43291840702295303,Tech,2020-Q1,18,103,0.14754098360655737
AAPL,2020-Q1,"Jan 28, 2020, 5:00 p.m. ET",0.44424036145210266,0.011321954429149628,0.5444376468658447,0.43291840702295303,Tech,2020-Q1,18,103,0.14754098360655737
GOOGL,2020-Q4,"Feb 2, 2021, 5:00 p.m. ET",0.16166003048419952,0.011462821625173092,0.8268771767616272,0.15019720885902643,Tech,2020-Q4,19,75,0.2
GOOGL,2020-Q4,"Feb 2, 2021, 5:00 p.m. ET",0.16166003048419952,0.011462821625173092,0.8268771767616272,0.15019720885902643,Tech,2020-Q4,19,75,0.2
GOOGL,2020-Q4,"Feb 2, 2021, 5:00 p.m. ET",0.16166003048419952,0.011462821625173092,0.8268771767616272,0.15019720885902643,Tech,2020-Q4,19,75,0.2
GOOGL,2020-Q4,"Feb 2, 2021, 5:00 p.m. ET",0.16166003048419952,0.011462821625173092,0.8268771767616272,0.15019720885902643,Tech,2020-Q4,19,75,0.2
GOOGL,2020-Q4,"Feb 2, 2021, 5:00 p.m. ET",0.16166003048419952,0.011462821625173092,0.8268771767616272,0.15019720885902643,Tech,2020-Q4,19,75,0.2
GOOGL,2020-Q4,"Feb 2, 2021, 5:00 p.m. ET",0.16166003048419952,0.011462821625173092,0.8268771767616272,0.15019720885902643,Tech,2020-Q4,19,75,0.2
GOOGL,2020-Q4,"Feb 2, 2021, 5:00 p.m. ET",0.16166003048419952,0.011462821625173092,0.8268771767616272,0.15019720885902643,Tech,2020-Q4,19,75,0.2
GOOGL,2020-Q4,"Feb 2, 2021, 5:00 p.m. ET",0.16166003048419952,0.011462821625173092,0.8268771767616272,0.15019720885902643,Tech,2020-Q4,19,75,0.2
GOOGL,2020-Q4,"Feb 2, 2021, 5:00 p.m. ET",0.16166003048419952,0.011462821625173092,0.8268771767616272,0.15019720885902643,Tech,2020-Q4,19,75,0.2
GOOGL,2020-Q4,"Feb 2, 2021, 5:00 p.m. ET",0.16166003048419952,0.011462821625173092,0.8268771767616272,0.15019720885902643,Tech,2020-Q4,19,75,0.2
TSLA,2020-Q2,"Jul 22, 2020, 6:00 p.m. ET",0.085098035633564,0.018818067386746407,0.8960838913917542,0.06627996824681759,Auto,2020-Q2,14,32,0.2978723404255319
TSLA,2020-Q2,"Jul 22, 2020, 6:00 p.m. ET",0.085098035633564,0.018818067386746407,0.8960838913917542,0.06627996824681759,Auto,2020-Q2,14,32,0.2978723404255319
TSLA,2020-Q2,"Jul 22, 2020, 6:00 p.m. ET",0.085098035633564,0.018818067386746407,0.8960838913917542,0.06627996824681759,Auto,2020-Q2,14,32,0.2978723404255319
TSLA,2020-Q2,"Jul 22, 2020, 6:00 p.m. ET",0.085098035633564,0.018818067386746407,0.8960838913917542,0.06627996824681759,Auto,2020-Q2,14,32,0.2978723404255319
TSLA,2020-Q2,"Jul 22, 2020, 6:00 p.m. ET",0.085098035633564,0.018818067386746407,0.8960838913917542,0.06627996824681759,Auto,2020-Q2,14,32,0.2978723404255319
TSLA,2020-Q2,"Jul 22, 2020, 6:00 p.m. ET",0.085098035633564,0.018818067386746407,0.8960838913917542,0.06627996824681759,Auto,2020-Q2,14,32,0.2978723404255319
TSLA,2020-Q2,"Jul 22, 2020, 6:00 p.m. ET",0.085098035633564,0.018818067386746407,0.8960838913917542,0.06627996824681759,Auto,2020-Q2,14,32,0.2978723404255319
TSLA,2020-Q2,"Jul 22, 2020, 6:00 p.m. ET",0.085098035633564,0.018818067386746407,0.8960838913917542,0.06627996824681759,Auto,2020-Q2,14,32,0.2978723404255319
TSLA,2020-Q2,"Jul 22, 2020, 6:00 p.m. ET",0.085098035633564,0.018818067386746407,0.8960838913917542,0.06627996824681759,Auto,2020-Q2,14,32,0.2978723404255319
TSLA,2020-Q2,"Jul 22, 2020, 6:00 p.m. ET",0.085098035633564,0.018818067386746407,0.8960838913917542,0.06627996824681759,Auto,2020-Q2,14,32,0.2978723404255319
TSLA,2020-Q2,"Jul 22, 2020, 6:00 p.m. ET",0.085098035633564,0.018818067386746407,0.8960838913917542,0.06627996824681759,Auto,2020-Q2,14,32,0.2978723404255319
TSLA,2020-Q2,"Jul 22, 2020, 6:00 p.m. ET",0.085098035633564,0.018818067386746407,0.8960838913917542,0.06627996824681759,Auto,2020-Q2,14,32,0.2978723404255319
TSLA,2020-Q2,"Jul 22, 2020, 6:00 p.m. ET",0.085098035633564,0.018818067386746407,0.8960838913917542,0.06627996824681759,Auto,2020-Q2,14,32,0.2978723404255319
TSLA,2020-Q2,"Jul 22, 2020, 6:00 p.m. ET",0.085098035633564,0.018818067386746407,0.8960838913917542,0.06627996824681759,Auto,2020-Q2,14,32,0.2978723404255319
TSLA,2020-Q2,"Jul 22, 2020, 6:00 p.m. ET",0.085098035633564,0.018818067386746407,0.8960838913917542,0.06627996824681759,Auto,2020-Q2,14,32,0.2978723404255319
TSLA,2020-Q2,"Jul 22, 2020, 6:00 p.m. ET",0.085098035633564,0.018818067386746407,0.8960838913917542,0.06627996824681759,Auto,2020-Q2,14,32,0.2978723404255319
TSLA,2020-Q2,"Jul 22, 2020, 6:00 p.m. ET",0.085098035633564,0.018818067386746407,0.8960838913917542,0.06627996824681759,Auto,2020-Q2,14,32,0.2978723404255319
TSLA,2020-Q2,"Jul 22, 2020, 6:00 p.m. ET",0.085098035633564,0.018818067386746407,0.8960838913917542,0.06627996824681759,Auto,2020-Q2,14,32,0.2978723404255319
TSLA,2020-Q2,"Jul 22, 2020, 6:00 p.m. ET",0.085098035633564,0.018818067386746407,0.8960838913917542,0.06627996824681759,Auto,2020-Q2,14,32,0.2978723404255319
TSLA,2020-Q2,"Jul 22, 2020, 6:00 p.m. ET",0.085098035633564,0.018818067386746407,0.8960838913917542,0.06627996824681759,Auto,2020-Q2,14,32,0.2978723404255319
TSLA,2020-Q2,"Jul 22, 2020, 6:00 p.m. ET",0.085098035633564,0.018818067386746407,0.8960838913917542,0.06627996824681759,Auto,2020-Q2,14,32,0.2978723404255319
TSLA,2020-Q2,"Jul 22, 2020, 6:00 p.m. ET",0.085098035633564,0.018818067386746407,0.8960838913917542,0.06627996824681759,Auto,2020-Q2,14,32,0.2978723404255319
TSLA,2020-Q2,"Jul 22, 2020, 6:00 p.m. ET",0.085098035633564,0.018818067386746407,0.8960838913917542,0.06627996824681759,Auto,2020-Q2,14,32,0.2978723404255319
TSLA,2020-Q2,"Jul 22, 2020, 6:00 p.m. ET",0.085098035633564,0.018818067386746407,0.8960838913917542,0.06627996824681759,Auto,2020-Q2,14,32,0.2978723404255319
TSLA,2020-Q2,"Jul 22, 2020, 6:00 p.m. ET",0.085098035633564,0.018818067386746407,0.8960838913917542,0.06627996824681759,Auto,2020-Q2,14,32,0.2978723404255319
TSLA,2020-Q2,"Jul 22, 2020, 6:00 p.m. ET",0.085098035633564,0.018818067386746407,0.8960838913917542,0.06627996824681759,Auto,2020-Q2,14,32,0.2978723404255319
TSLA,2020-Q2,"Jul 22, 2020, 6:00 p.m. ET",0.085098035633564,0.018818067386746407,0.8960838913917542,0.06627996824681759,Auto,2020-Q2,14,32,0.2978723404255319
TSLA,2020-Q2,"Jul 22, 2020, 6:00 p.m. ET",0.085098035633564,0.018818067386746407,0.8960838913917542,0.06627996824681759,Auto,2020-Q2,14,32,0.2978723404255319
TSLA,2020-Q2,"Jul 22, 2020, 6:00 p.m. ET",0.085098035633564,0.018818067386746407,0.8960838913917542,0.06627996824681759,Auto,2020-Q2,14,32,0.2978723404255319
TSLA,2020-Q2,"Jul 22, 2020, 6:00 p.m. ET",0.085098035633564,0.018818067386746407,0.8960838913917542,0.06627996824681759,Auto,2020-Q2,14,32,0.2978723404255319
TSLA,2020-Q2,"Jul 22, 2020, 6:00 p.m. ET",0.085098035633564,0.018818067386746407,0.8960838913917542,0.06627996824681759,Auto,2020-Q2,14,32,0.2978723404255319
TSLA,2020-Q2,"Jul 22, 2020, 6:00 p.m. ET",0.085098035633564,0.018818067386746407,0.8960838913917542,0.06627996824681759,Auto,2020-Q2,14,32,0.2978723404255319
GOOGL,2020-Q1,"April 28, 2020, 4:30 p.m. ET",0.08496109396219254,0.014933321624994278,0.9001055955886841,0.07002777233719826,Tech,2020-Q1,38,80,0.31932773109243695
GOOGL,2020-Q1,"April 28, 2020, 4:30 p.m. ET",0.08496109396219254,0.014933321624994278,0.9001055955886841,0.07002777233719826,Tech,2020-Q1,38,80,0.31932773109243695
GOOGL,2020-Q1,"April 28, 2020, 4:30 p.m. ET",0.08496109396219254,0.014933321624994278,0.9001055955886841,0.07002777233719826,Tech,2020-Q1,38,80,0.31932773109243695
GOOGL,2020-Q1,"April 28, 2020, 4:30 p.m. ET",0.08496109396219254,0.014933321624994278,0.9001055955886841,0.07002777233719826,Tech,2020-Q1,38,80,0.31932773109243695
GOOGL,2020-Q1,"April 28, 2020, 4:30 p.m. ET",0.08496109396219254,0.014933321624994278,0.9001055955886841,0.07002777233719826,Tech,2020-Q1,38,80,0.31932773109243695
GOOGL,2020-Q1,"April 28, 2020, 4:30 p.m. ET",0.08496109396219254,0.014933321624994278,0.9001055955886841,0.07002777233719826,Tech,2020-Q1,38,80,0.31932773109243695
GOOGL,2020-Q1,"April 28, 2020, 4:30 p.m. ET",0.08496109396219254,0.014933321624994278,0.9001055955886841,0.07002777233719826,Tech,2020-Q1,38,80,0.31932773109243695
GOOGL,2020-Q1,"April 28, 2020, 4:30 p.m. ET",0.08496109396219254,0.014933321624994278,0.9001055955886841,0.07002777233719826,Tech,2020-Q1,38,80,0.31932773109243695
GOOGL,2020-Q1,"April 28, 2020, 4:30 p.m. ET",0.08496109396219254,0.014933321624994278,0.9001055955886841,0.07002777233719826,Tech,2020-Q1,38,80,0.31932773109243695
GOOGL,2020-Q1,"April 28, 2020, 4:30 p.m. ET",0.08496109396219254,0.014933321624994278,0.9001055955886841,0.07002777233719826,Tech,2020-Q1,38,80,0.31932773109243695
GOOGL,2020-Q1,"April 28, 2020, 4:30 p.m. ET",0.08496109396219254,0.014933321624994278,0.9001055955886841,0.07002777233719826,Tech,2020-Q1,38,80,0.31932773109243695
GOOGL,2020-Q1,"April 28, 2020, 4:30 p.m. ET",0.08496109396219254,0.014933321624994278,0.9001055955886841,0.07002777233719826,Tech,2020-Q1,38,80,0.31932773109243695
GOOGL,2020-Q1,"April 28, 2020, 4:30 p.m. ET",0.08496109396219254,0.014933321624994278,0.9001055955886841,0.07002777233719826,Tech,2020-Q1,38,80,0.31932773109243695
GOOGL,2020-Q1,"April 28, 2020, 4:30 p.m. ET",0.08496109396219254,0.014933321624994278,0.9001055955886841,0.07002777233719826,Tech,2020-Q1,38,80,0.31932773109243695
GOOGL,2020-Q1,"April 28, 2020, 4:30 p.m. ET",0.08496109396219254,0.014933321624994278,0.9001055955886841,0.07002777233719826,Tech,2020-Q1,38,80,0.31932773109243695
COST,2021-Q3,"May 27, 2021, 5:00 p.m. ET",0.04080669581890106,0.10201890021562576,0.8571743965148926,-0.0612122043967247,Retail,2021-Q3,53,34,0.6022727272727273
JNJ,2022-Q1,"Apr 19, 2022, 8:30 a.m. ET",0.13678228855133057,0.0114649198949337,0.851752758026123,0.12531736865639687,Healthcare,2022-Q1,41,120,0.25308641975308643
MRNA,2020-Q2,"Aug 05, 2020, 8:00 a.m. ET",0.11924165487289429,0.01616738736629486,0.8645909428596497,0.10307426750659943,Healthcare,2020-Q2,26,20,0.5531914893617021
MRNA,2020-Q2,"Aug 05, 2020, 8:00 a.m. ET",0.11924165487289429,0.01616738736629486,0.8645909428596497,0.10307426750659943,Healthcare,2020-Q2,26,20,0.5531914893617021
MRNA,2020-Q2,"Aug 05, 2020, 8:00 a.m. ET",0.11924165487289429,0.01616738736629486,0.8645909428596497,0.10307426750659943,Healthcare,2020-Q2,26,20,0.5531914893617021
MRNA,2020-Q2,"Aug 05, 2020, 8:00 a.m. ET",0.11924165487289429,0.01616738736629486,0.8645909428596497,0.10307426750659943,Healthcare,2020-Q2,26,20,0.5531914893617021
TSLA,2020-Q1,"Apr 29, 2020, 6:30 p.m. ET",0.941430389881134,0.023905618116259575,0.03466400131583214,0.9175247717648745,Auto,2020-Q1,17,32,0.34
TSLA,2020-Q1,"Apr 29, 2020, 6:30 p.m. ET",0.941430389881134,0.023905618116259575,0.03466400131583214,0.9175247717648745,Auto,2020-Q1,17,32,0.34
TSLA,2020-Q1,"Apr 29, 2020, 6:30 p.m. ET",0.941430389881134,0.023905618116259575,0.03466400131583214,0.9175247717648745,Auto,2020-Q1,17,32,0.34
TSLA,2020-Q1,"Apr 29, 2020, 6:30 p.m. ET",0.941430389881134,0.023905618116259575,0.03466400131583214,0.9175247717648745,Auto,2020-Q1,17,32,0.34
TSLA,2020-Q1,"Apr 29, 2020, 6:30 p.m. ET",0.941430389881134,0.023905618116259575,0.03466400131583214,0.9175247717648745,Auto,2020-Q1,17,32,0.34
F,2018-Q4,"['Ford Motor Company (F 2.27%)Q4 2018 ', 'Jan. 23, 2019, 5:30 p.m. ET']",0.20572131872177124,0.01632462814450264,0.7779539823532104,0.1893966905772686,Auto,2018-Q4,47,43,0.5164835164835165
GOOGL,2020-Q1,"April 28, 2020, 4:30 p.m. ET",0.08496109396219254,0.014933321624994278,0.9001055955886841,0.07002777233719826,Tech,2020-Q1,38,80,0.31932773109243695
GOOGL,2020-Q1,"April 28, 2020, 4:30 p.m. ET",0.08496109396219254,0.014933321624994278,0.9001055955886841,0.07002777233719826,Tech,2020-Q1,38,80,0.31932773109243695
GOOGL,2020-Q1,"April 28, 2020, 4:30 p.m. ET",0.08496109396219254,0.014933321624994278,0.9001055955886841,0.07002777233719826,Tech,2020-Q1,38,80,0.31932773109243695
GOOGL,2020-Q1,"April 28, 2020, 4:30 p.m. ET",0.08496109396219254,0.014933321624994278,0.9001055955886841,0.07002777233719826,Tech,2020-Q1,38,80,0.31932773109243695
GOOGL,2020-Q1,"April 28, 2020, 4:30 p.m. ET",0.08496109396219254,0.014933321624994278,0.9001055955886841,0.07002777233719826,Tech,2020-Q1,38,80,0.31932773109243695
GOOGL,2020-Q1,"April 28, 2020, 4:30 p.m. ET",0.08496109396219254,0.014933321624994278,0.9001055955886841,0.07002777233719826,Tech,2020-Q1,38,80,0.31932773109243695
GOOGL,2020-Q1,"April 28, 2020, 4:30 p.m. ET",0.08496109396219254,0.014933321624994278,0.9001055955886841,0.07002777233719826,Tech,2020-Q1,38,80,0.31932773109243695
GOOGL,2020-Q1,"April 28, 2020, 4:30 p.m. ET",0.08496109396219254,0.014933321624994278,0.9001055955886841,0.07002777233719826,Tech,2020-Q1,38,80,0.31932773109243695
GOOGL,2020-Q1,"April 28, 2020, 4:30 p.m. ET",0.08496109396219254,0.014933321624994278,0.9001055955886841,0.07002777233719826,Tech,2020-Q1,38,80,0.31932773109243695
GOOGL,2020-Q1,"April 28, 2020, 4:30 p.m. ET",0.08496109396219254,0.014933321624994278,0.9001055955886841,0.07002777233719826,Tech,2020-Q1,38,80,0.31932773109243695
GOOGL,2020-Q1,"April 28, 2020, 4:30 p.m. ET",0.08496109396219254,0.014933321624994278,0.9001055955886841,0.07002777233719826,Tech,2020-Q1,38,80,0.31932773109243695
GOOGL,2020-Q1,"April 28, 2020, 4:30 p.m. ET",0.08496109396219254,0.014933321624994278,0.9001055955886841,0.07002777233719826,Tech,2020-Q1,38,80,0.31932773109243695
GOOGL,2020-Q1,"April 28, 2020, 4:30 p.m. ET",0.08496109396219254,0.014933321624994278,0.9001055955886841,0.07002777233719826,Tech,2020-Q1,38,80,0.31932773109243695
GOOGL,2020-Q1,"April 28, 2020, 4:30 p.m. ET",0.08496109396219254,0.014933321624994278,0.9001055955886841,0.07002777233719826,Tech,2020-Q1,38,80,0.31932773109243695
GOOGL,2020-Q1,"April 28, 2020, 4:30 p.m. ET",0.08496109396219254,0.014933321624994278,0.9001055955886841,0.07002777233719826,Tech,2020-Q1,38,80,0.31932773109243695
AAPL,2020-Q1,"Jan 28, 2020, 5:00 p.m. ET",0.44424036145210266,0.011321954429149628,0.5444376468658447,0.43291840702295303,Tech,2020-Q1,18,103,0.14754098360655737
AAPL,2020-Q1,"Jan 28, 2020, 5:00 p.m. ET",0.44424036145210266,0.011321954429149628,0.5444376468658447,0.43291840702295303,Tech,2020-Q1,18,103,0.14754098360655737
AAPL,2020-Q1,"Jan 28, 2020, 5:00 p.m. ET",0.44424036145210266,0.011321954429149628,0.5444376468658447,0.43291840702295303,Tech,2020-Q1,18,103,0.14754098360655737
AAPL,2020-Q1,"Jan 28, 2020, 5:00 p.m. ET",0.44424036145210266,0.011321954429149628,0.5444376468658447,0.43291840702295303,Tech,2020-Q1,18,103,0.14754098360655737
AAPL,2020-Q1,"Jan 28, 2020, 5:00 p.m. ET",0.44424036145210266,0.011321954429149628,0.5444376468658447,0.43291840702295303,Tech,2020-Q1,18,103,0.14754098360655737
AAPL,2020-Q1,"Jan 28, 2020, 5:00 p.m. ET",0.44424036145210266,0.011321954429149628,0.5444376468658447,0.43291840702295303,Tech,2020-Q1,18,103,0.14754098360655737
AAPL,2020-Q1,"Jan 28, 2020, 5:00 p.m. ET",0.44424036145210266,0.011321954429149628,0.5444376468658447,0.43291840702295303,Tech,2020-Q1,18,103,0.14754098360655737
AAPL,2020-Q1,"Jan 28, 2020, 5:00 p.m. ET",0.44424036145210266,0.011321954429149628,0.5444376468658447,0.43291840702295303,Tech,2020-Q1,18,103,0.14754098360655737
AAPL,2020-Q1,"Jan 28, 2020, 5:00 p.m. ET",0.44424036145210266,0.011321954429149628,0.5444376468658447,0.43291840702295303,Tech,2020-Q1,18,103,0.14754098360655737
AAPL,2020-Q1,"Jan 28, 2020, 5:00 p.m. ET",0.44424036145210266,0.011321954429149628,0.5444376468658447,0.43291840702295303,Tech,2020-Q1,18,103,0.14754098360655737
AAPL,2020-Q1,"Jan 28, 2020, 5:00 p.m. ET",0.44424036145210266,0.011321954429149628,0.5444376468658447,0.43291840702295303,Tech,2020-Q1,18,103,0.14754098360655737
AAPL,2020-Q1,"Jan 28, 2020, 5:00 p.m. ET",0.44424036145210266,0.011321954429149628,0.5444376468658447,0.43291840702295303,Tech,2020-Q1,18,103,0.14754098360655737
AAPL,2020-Q1,"Jan 28, 2020, 5:00 p.m. ET",0.44424036145210266,0.011321954429149628,0.5444376468658447,0.43291840702295303,Tech,2020-Q1,18,103,0.14754098360655737
AAPL,2020-Q1,"Jan 28, 2020, 5:00 p.m. ET",0.44424036145210266,0.011321954429149628,0.5444376468658447,0.43291840702295303,Tech,2020-Q1,18,103,0.14754098360655737
AAPL,2020-Q1,"Jan 28, 2020, 5:00 p.m. ET",0.44424036145210266,0.011321954429149628,0.5444376468658447,0.43291840702295303,Tech,2020-Q1,18,103,0.14754098360655737
AAPL,2020-Q1,"Jan 28, 2020, 5:00 p.m. ET",0.44424036145210266,0.011321954429149628,0.5444376468658447,0.43291840702295303,Tech,2020-Q1,18,103,0.14754098360655737
AAPL,2020-Q1,"Jan 28, 2020, 5:00 p.m. ET",0.44424036145210266,0.011321954429149628,0.5444376468658447,0.43291840702295303,Tech,2020-Q1,18,103,0.14754098360655737
AAPL,2020-Q1,"Jan 28, 2020, 5:00 p.m. ET",0.44424036145210266,0.011321954429149628,0.5444376468658447,0.43291840702295303,Tech,2020-Q1,18,103,0.14754098360655737
AAPL,2020-Q1,"Jan 28, 2020, 5:00 p.m. ET",0.44424036145210266,0.011321954429149628,0.5444376468658447,0.43291840702295303,Tech,2020-Q1,18,103,0.14754098360655737
AAPL,2020-Q1,"Jan 28, 2020, 5:00 p.m. ET",0.44424036145210266,0.011321954429149628,0.5444376468658447,0.43291840702295303,Tech,2020-Q1,18,103,0.14754098360655737
AAPL,2020-Q1,"Jan 28, 2020, 5:00 p.m. ET",0.44424036145210266,0.011321954429149628,0.5444376468658447,0.43291840702295303,Tech,2020-Q1,18,103,0.14754098360655737
TSLA,2020-Q2,"Jul 22, 2020, 6:00 p.m. ET",0.085098035633564,0.018818067386746407,0.8960838913917542,0.06627996824681759,Auto,2020-Q2,14,32,0.2978723404255319
TSLA,2020-Q2,"Jul 22, 2020, 6:00 p.m. ET",0.085098035633564,0.018818067386746407,0.8960838913917542,0.06627996824681759,Auto,2020-Q2,14,32,0.2978723404255319
TSLA,2020-Q2,"Jul 22, 2020, 6:00 p.m. ET",0.085098035633564,0.018818067386746407,0.8960838913917542,0.06627996824681759,Auto,2020-Q2,14,32,0.2978723404255319
TSLA,2020-Q2,"Jul 22, 2020, 6:00 p.m. ET",0.085098035633564,0.018818067386746407,0.8960838913917542,0.06627996824681759,Auto,2020-Q2,14,32,0.2978723404255319
TSLA,2020-Q2,"Jul 22, 2020, 6:00 p.m. ET",0.085098035633564,0.018818067386746407,0.8960838913917542,0.06627996824681759,Auto,2020-Q2,14,32,0.2978723404255319
TSLA,2020-Q2,"Jul 22, 2020, 6:00 p.m. ET",0.085098035633564,0.018818067386746407,0.8960838913917542,0.06627996824681759,Auto,2020-Q2,14,32,0.2978723404255319
TSLA,2020-Q2,"Jul 22, 2020, 6:00 p.m. ET",0.085098035633564,0.018818067386746407,0.8960838913917542,0.06627996824681759,Auto,2020-Q2,14,32,0.2978723404255319
TSLA,2020-Q2,"Jul 22, 2020, 6:00 p.m. ET",0.085098035633564,0.018818067386746407,0.8960838913917542,0.06627996824681759,Auto,2020-Q2,14,32,0.2978723404255319
TSLA,2020-Q2,"Jul 22, 2020, 6:00 p.m. ET",0.085098035633564,0.018818067386746407,0.8960838913917542,0.06627996824681759,Auto,2020-Q2,14,32,0.2978723404255319
TSLA,2020-Q2,"Jul 22, 2020, 6:00 p.m. ET",0.085098035633564,0.018818067386746407,0.8960838913917542,0.06627996824681759,Auto,2020-Q2,14,32,0.2978723404255319
TSLA,2020-Q2,"Jul 22, 2020, 6:00 p.m. ET",0.085098035633564,0.018818067386746407,0.8960838913917542,0.06627996824681759,Auto,2020-Q2,14,32,0.2978723404255319
TSLA,2020-Q2,"Jul 22, 2020, 6:00 p.m. ET",0.085098035633564,0.018818067386746407,0.8960838913917542,0.06627996824681759,Auto,2020-Q2,14,32,0.2978723404255319
TSLA,2020-Q2,"Jul 22, 2020, 6:00 p.m. ET",0.085098035633564,0.018818067386746407,0.8960838913917542,0.06627996824681759,Auto,2020-Q2,14,32,0.2978723404255319
TSLA,2020-Q2,"Jul 22, 2020, 6:00 p.m. ET",0.085098035633564,0.018818067386746407,0.8960838913917542,0.06627996824681759,Auto,2020-Q2,14,32,0.2978723404255319
TSLA,2020-Q2,"Jul 22, 2020, 6:00 p.m. ET",0.085098035633564,0.018818067386746407,0.8960838913917542,0.06627996824681759,Auto,2020-Q2,14,32,0.2978723404255319
TSLA,2020-Q2,"Jul 22, 2020, 6:00 p.m. ET",0.085098035633564,0.018818067386746407,0.8960838913917542,0.06627996824681759,Auto,2020-Q2,14,32,0.2978723404255319
TSLA,2020-Q2,"Jul 22, 2020, 6:00 p.m. ET",0.085098035633564,0.018818067386746407,0.8960838913917542,0.06627996824681759,Auto,2020-Q2,14,32,0.2978723404255319
TSLA,2020-Q2,"Jul 22, 2020, 6:00 p.m. ET",0.085098035633564,0.018818067386746407,0.8960838913917542,0.06627996824681759,Auto,2020-Q2,14,32,0.2978723404255319
TSLA,2020-Q2,"Jul 22, 2020, 6:00 p.m. ET",0.085098035633564,0.018818067386746407,0.8960838913917542,0.06627996824681759,Auto,2020-Q2,14,32,0.2978723404255319
TSLA,2020-Q2,"Jul 22, 2020, 6:00 p.m. ET",0.085098035633564,0.018818067386746407,0.8960838913917542,0.06627996824681759,Auto,2020-Q2,14,32,0.2978723404255319
TSLA,2020-Q2,"Jul 22, 2020, 6:00 p.m. ET",0.085098035633564,0.018818067386746407,0.8960838913917542,0.06627996824681759,Auto,2020-Q2,14,32,0.2978723404255319
TSLA,2020-Q2,"Jul 22, 2020, 6:00 p.m. ET",0.085098035633564,0.018818067386746407,0.8960838913917542,0.06627996824681759,Auto,2020-Q2,14,32,0.2978723404255319
TSLA,2020-Q2,"Jul 22, 2020, 6:00 p.m. ET",0.085098035633564,0.018818067386746407,0.8960838913917542,0.06627996824681759,Auto,2020-Q2,14,32,0.2978723404255319
TSLA,2020-Q2,"Jul 22, 2020, 6:00 p.m. ET",0.085098035633564,0.018818067386746407,0.8960838913917542,0.06627996824681759,Auto,2020-Q2,14,32,0.2978723404255319
TSLA,2020-Q2,"Jul 22, 2020, 6:00 p.m. ET",0.085098035633564,0.018818067386746407,0.8960838913917542,0.06627996824681759,Auto,2020-Q2,14,32,0.2978723404255319
TSLA,2020-Q2,"Jul 22, 2020, 6:00 p.m. ET",0.085098035633564,0.018818067386746407,0.8960838913917542,0.06627996824681759,Auto,2020-Q2,14,32,0.2978723404255319
TSLA,2020-Q2,"Jul 22, 2020, 6:00 p.m. ET",0.085098035633564,0.018818067386746407,0.8960838913917542,0.06627996824681759,Auto,2020-Q2,14,32,0.2978723404255319
TSLA,2020-Q2,"Jul 22, 2020, 6:00 p.m. ET",0.085098035633564,0.018818067386746407,0.8960838913917542,0.06627996824681759,Auto,2020-Q2,14,32,0.2978723404255319
TSLA,2020-Q2,"Jul 22, 2020, 6:00 p.m. ET",0.085098035633564,0.018818067386746407,0.8960838913917542,0.06627996824681759,Auto,2020-Q2,14,32,0.2978723404255319
TSLA,2020-Q2,"Jul 22, 2020, 6:00 p.m. ET",0.085098035633564,0.018818067386746407,0.8960838913917542,0.06627996824681759,Auto,2020-Q2,14,32,0.2978723404255319
TSLA,2020-Q2,"Jul 22, 2020, 6:00 p.m. ET",0.085098035633564,0.018818067386746407,0.8960838913917542,0.06627996824681759,Auto,2020-Q2,14,32,0.2978723404255319
TSLA,2020-Q2,"Jul 22, 2020, 6:00 p.m. ET",0.085098035633564,0.018818067386746407,0.8960838913917542,0.06627996824681759,Auto,2020-Q2,14,32,0.2978723404255319
AMD,2021-Q2,"Jul 27, 2021, 5:00 p.m. ET",0.08202047646045685,0.02547135204076767,0.8925082087516785,0.05654912441968918,Tech,2021-Q2,7,115,0.056910569105691054
JNJ,2020-Q4,"Jan 26, 2021, 8:30 a.m. ET",0.13853777945041656,0.015639495104551315,0.8458227515220642,0.12289828434586525,Healthcare,2020-Q4,53,140,0.27319587628865977
F,2021-Q3,"Oct 27, 2021, 5:00 p.m. ET",0.10703681409358978,0.014946193434298038,0.878017008304596,0.09209062065929174,Auto,2021-Q3,33,38,0.4583333333333333
TSLA,2020-Q2,"Jul 22, 2020, 6:00 p.m. ET",0.085098035633564,0.018818067386746407,0.8960838913917542,0.06627996824681759,Auto,2020-Q2,14,32,0.2978723404255319
TSLA,2020-Q2,"Jul 22, 2020, 6:00 p.m. ET",0.085098035633564,0.018818067386746407,0.8960838913917542,0.06627996824681759,Auto,2020-Q2,14,32,0.2978723404255319
TSLA,2020-Q2,"Jul 22, 2020, 6:00 p.m. ET",0.085098035633564,0.018818067386746407,0.8960838913917542,0.06627996824681759,Auto,2020-Q2,14,32,0.2978723404255319
TSLA,2020-Q2,"Jul 22, 2020, 6:00 p.m. ET",0.085098035633564,0.018818067386746407,0.8960838913917542,0.06627996824681759,Auto,2020-Q2,14,32,0.2978723404255319
TSLA,2020-Q2,"Jul 22, 2020, 6:00 p.m. ET",0.085098035633564,0.018818067386746407,0.8960838913917542,0.06627996824681759,Auto,2020-Q2,14,32,0.2978723404255319
TSLA,2020-Q2,"Jul 22, 2020, 6:00 p.m. ET",0.085098035633564,0.018818067386746407,0.8960838913917542,0.06627996824681759,Auto,2020-Q2,14,32,0.2978723404255319
TSLA,2020-Q2,"Jul 22, 2020, 6:00 p.m. ET",0.085098035633564,0.018818067386746407,0.8960838913917542,0.06627996824681759,Auto,2020-Q2,14,32,0.2978723404255319
TSLA,2020-Q2,"Jul 22, 2020, 6:00 p.m. ET",0.085098035633564,0.018818067386746407,0.8960838913917542,0.06627996824681759,Auto,2020-Q2,14,32,0.2978723404255319
TSLA,2020-Q2,"Jul 22, 2020, 6:00 p.m. ET",0.085098035633564,0.018818067386746407,0.8960838913917542,0.06627996824681759,Auto,2020-Q2,14,32,0.2978723404255319
TSLA,2020-Q2,"Jul 22, 2020, 6:00 p.m. ET",0.085098035633564,0.018818067386746407,0.8960838913917542,0.06627996824681759,Auto,2020-Q2,14,32,0.2978723404255319
TSLA,2020-Q2,"Jul 22, 2020, 6:00 p.m. ET",0.085098035633564,0.018818067386746407,0.8960838913917542,0.06627996824681759,Auto,2020-Q2,14,32,0.2978723404255319
TSLA,2020-Q2,"Jul 22, 2020, 6:00 p.m. ET",0.085098035633564,0.018818067386746407,0.8960838913917542,0.06627996824681759,Auto,2020-Q2,14,32,0.2978723404255319
TSLA,2020-Q2,"Jul 22, 2020, 6:00 p.m. ET",0.085098035633564,0.018818067386746407,0.8960838913917542,0.06627996824681759,Auto,2020-Q2,14,32,0.2978723404255319
TSLA,2020-Q2,"Jul 22, 2020, 6:00 p.m. ET",0.085098035633564,0.018818067386746407,0.8960838913917542,0.06627996824681759,Auto,2020-Q2,14,32,0.2978723404255319
TSLA,2020-Q2,"Jul 22, 2020, 6:00 p.m. ET",0.085098035633564,0.018818067386746407,0.8960838913917542,0.06627996824681759,Auto,2020-Q2,14,32,0.2978723404255319
TSLA,2020-Q2,"Jul 22, 2020, 6:00 p.m. ET",0.085098035633564,0.018818067386746407,0.8960838913917542,0.06627996824681759,Auto,2020-Q2,14,32,0.2978723404255319
TSLA,2020-Q2,"Jul 22, 2020, 6:00 p.m. ET",0.085098035633564,0.018818067386746407,0.8960838913917542,0.06627996824681759,Auto,2020-Q2,14,32,0.2978723404255319
TSLA,2020-Q2,"Jul 22, 2020, 6:00 p.m. ET",0.085098035633564,0.018818067386746407,0.8960838913917542,0.06627996824681759,Auto,2020-Q2,14,32,0.2978723404255319
TSLA,2020-Q2,"Jul 22, 2020, 6:00 p.m. ET",0.085098035633564,0.018818067386746407,0.8960838913917542,0.06627996824681759,Auto,2020-Q2,14,32,0.2978723404255319
TSLA,2020-Q2,"Jul 22, 2020, 6:00 p.m. ET",0.085098035633564,0.018818067386746407,0.8960838913917542,0.06627996824681759,Auto,2020-Q2,14,32,0.2978723404255319
TSLA,2020-Q2,"Jul 22, 2020, 6:00 p.m. ET",0.085098035633564,0.018818067386746407,0.8960838913917542,0.06627996824681759,Auto,2020-Q2,14,32,0.2978723404255319
TSLA,2020-Q2,"Jul 22, 2020, 6:00 p.m. ET",0.085098035633564,0.018818067386746407,0.8960838913917542,0.06627996824681759,Auto,2020-Q2,14,32,0.2978723404255319
TSLA,2020-Q2,"Jul 22, 2020, 6:00 p.m. ET",0.085098035633564,0.018818067386746407,0.8960838913917542,0.06627996824681759,Auto,2020-Q2,14,32,0.2978723404255319
TSLA,2020-Q2,"Jul 22, 2020, 6:00 p.m. ET",0.085098035633564,0.018818067386746407,0.8960838913917542,0.06627996824681759,Auto,2020-Q2,14,32,0.2978723404255319
TSLA,2020-Q2,"Jul 22, 2020, 6:00 p.m. ET",0.085098035633564,0.018818067386746407,0.8960838913917542,0.06627996824681759,Auto,2020-Q2,14,32,0.2978723404255319
TSLA,2020-Q2,"Jul 22, 2020, 6:00 p.m. ET",0.085098035633564,0.018818067386746407,0.8960838913917542,0.06627996824681759,Auto,2020-Q2,14,32,0.2978723404255319
TSLA,2020-Q2,"Jul 22, 2020, 6:00 p.m. ET",0.085098035633564,0.018818067386746407,0.8960838913917542,0.06627996824681759,Auto,2020-Q2,14,32,0.2978723404255319
TSLA,2020-Q2,"Jul 22, 2020, 6:00 p.m. ET",0.085098035633564,0.018818067386746407,0.8960838913917542,0.06627996824681759,Auto,2020-Q2,14,32,0.2978723404255319
TSLA,2020-Q2,"Jul 22, 2020, 6:00 p.m. ET",0.085098035633564,0.018818067386746407,0.8960838913917542,0.06627996824681759,Auto,2020-Q2,14,32,0.2978723404255319
TSLA,2020-Q2,"Jul 22, 2020, 6:00 p.m. ET",0.085098035633564,0.018818067386746407,0.8960838913917542,0.06627996824681759,Auto,2020-Q2,14,32,0.2978723404255319
TSLA,2020-Q2,"Jul 22, 2020, 6:00 p.m. ET",0.085098035633564,0.018818067386746407,0.8960838913917542,0.06627996824681759,Auto,2020-Q2,14,32,0.2978723404255319
TSLA,2020-Q2,"Jul 22, 2020, 6:00 p.m. ET",0.085098035633564,0.018818067386746407,0.8960838913917542,0.06627996824681759,Auto,2020-Q2,14,32,0.2978723404255319
MSFT,2021-Q3,"Apr 27, 2021, 5:30 p.m. ET",0.7262172102928162,0.011354823596775532,0.26242795586586,0.7148623866960406,Tech,2021-Q3,22,130,0.1437908496732026
KO,2020-Q3,"Oct 22, 2020, 8:30 a.m. ET",0.10902691632509232,0.01369567308574915,0.8772773742675781,0.09533124323934317,Consumer,2020-Q3,44,98,0.3076923076923077
KO,2020-Q3,"Oct 22, 2020, 8:30 a.m. ET",0.10902691632509232,0.01369567308574915,0.8772773742675781,0.09533124323934317,Consumer,2020-Q3,44,98,0.3076923076923077
GOOGL,2021-Q2,"Jul 27, 2021, 4:30 p.m. ET",0.24937154352664948,0.00945959985256195,0.7411688566207886,0.23991194367408752,Tech,2021-Q2,12,78,0.13186813186813187
GOOGL,2021-Q2,"Jul 27, 2021, 4:30 p.m. ET",0.24937154352664948,0.00945959985256195,0.7411688566207886,0.23991194367408752,Tech,2021-Q2,12,78,0.13186813186813187
GOOGL,2021-Q2,"Jul 27, 2021, 4:30 p.m. ET",0.24937154352664948,0.00945959985256195,0.7411688566207886,0.23991194367408752,Tech,2021-Q2,12,78,0.13186813186813187
GOOGL,2021-Q2,"Jul 27, 2021, 4:30 p.m. ET",0.24937154352664948,0.00945959985256195,0.7411688566207886,0.23991194367408752,Tech,2021-Q2,12,78,0.13186813186813187
GOOGL,2021-Q2,"Jul 27, 2021, 4:30 p.m. ET",0.24937154352664948,0.00945959985256195,0.7411688566207886,0.23991194367408752,Tech,2021-Q2,12,78,0.13186813186813187
GOOGL,2021-Q2,"Jul 27, 2021, 4:30 p.m. ET",0.24937154352664948,0.00945959985256195,0.7411688566207886,0.23991194367408752,Tech,2021-Q2,12,78,0.13186813186813187
GOOGL,2021-Q2,"Jul 27, 2021, 4:30 p.m. ET",0.24937154352664948,0.00945959985256195,0.7411688566207886,0.23991194367408752,Tech,2021-Q2,12,78,0.13186813186813187
GOOGL,2021-Q2,"Jul 27, 2021, 4:30 p.m. ET",0.24937154352664948,0.00945959985256195,0.7411688566207886,0.23991194367408752,Tech,2021-Q2,12,78,0.13186813186813187
GOOGL,2021-Q2,"Jul 27, 2021, 4:30 p.m. ET",0.24937154352664948,0.00945959985256195,0.7411688566207886,0.23991194367408752,Tech,2021-Q2,12,78,0.13186813186813187
GOOGL,2021-Q2,"Jul 27, 2021, 4:30 p.m. ET",0.24937154352664948,0.00945959985256195,0.7411688566207886,0.23991194367408752,Tech,2021-Q2,12,78,0.13186813186813187
GOOGL,2021-Q2,"Jul 27, 2021, 4:30 p.m. ET",0.24937154352664948,0.00945959985256195,0.7411688566207886,0.23991194367408752,Tech,2021-Q2,12,78,0.13186813186813187
GOOGL,2021-Q2,"Jul 27, 2021, 4:30 p.m. ET",0.24937154352664948,0.00945959985256195,0.7411688566207886,0.23991194367408752,Tech,2021-Q2,12,78,0.13186813186813187
GOOGL,2021-Q2,"Jul 27, 2021, 4:30 p.m. ET",0.24937154352664948,0.00945959985256195,0.7411688566207886,0.23991194367408752,Tech,2021-Q2,12,78,0.13186813186813187
GOOGL,2021-Q2,"Jul 27, 2021, 4:30 p.m. ET",0.24937154352664948,0.00945959985256195,0.7411688566207886,0.23991194367408752,Tech,2021-Q2,12,78,0.13186813186813187
INTC,2020-Q2,"Jul 23, 2020, 5:00 p.m. ET",0.06772421300411224,0.014910752885043621,0.9173650741577148,0.05281346011906862,Tech,2020-Q2,23,66,0.25555555555555554
INTC,2020-Q2,"Jul 23, 2020, 5:00 p.m. ET",0.06772421300411224,0.014910752885043621,0.9173650741577148,0.05281346011906862,Tech,2020-Q2,23,66,0.25555555555555554
INTC,2020-Q2,"Jul 23, 2020, 5:00 p.m. ET",0.06772421300411224,0.014910752885043621,0.9173650741577148,0.05281346011906862,Tech,2020-Q2,23,66,0.25555555555555554
INTC,2020-Q2,"Jul 23, 2020, 5:00 p.m. ET",0.06772421300411224,0.014910752885043621,0.9173650741577148,0.05281346011906862,Tech,2020-Q2,23,66,0.25555555555555554
INTC,2020-Q2,"Jul 23, 2020, 5:00 p.m. ET",0.06772421300411224,0.014910752885043621,0.9173650741577148,0.05281346011906862,Tech,2020-Q2,23,66,0.25555555555555554
GM,2021-Q1,"May 05, 2021, 10:00 a.m. ET",0.09408683329820633,0.016766704618930817,0.8891465067863464,0.07732012867927551,Auto,2021-Q1,42,112,0.2709677419354839
GM,2021-Q1,"May 05, 2021, 10:00 a.m. ET",0.09408683329820633,0.016766704618930817,0.8891465067863464,0.07732012867927551,Auto,2021-Q1,42,112,0.2709677419354839
META,2021-Q1,"Apr 28, 2021, 5:00 p.m. ET",0.1014879047870636,0.014646201394498348,0.8838659524917603,0.08684170339256525,Tech,2021-Q1,17,81,0.1717171717171717
GOOGL,2021-Q2,"Jul 27, 2021, 4:30 p.m. ET",0.24937154352664948,0.00945959985256195,0.7411688566207886,0.23991194367408752,Tech,2021-Q2,12,78,0.13186813186813187
GOOGL,2021-Q2,"Jul 27, 2021, 4:30 p.m. ET",0.24937154352664948,0.00945959985256195,0.7411688566207886,0.23991194367408752,Tech,2021-Q2,12,78,0.13186813186813187
GOOGL,2021-Q2,"Jul 27, 2021, 4:30 p.m. ET",0.24937154352664948,0.00945959985256195,0.7411688566207886,0.23991194367408752,Tech,2021-Q2,12,78,0.13186813186813187
GOOGL,2021-Q2,"Jul 27, 2021, 4:30 p.m. ET",0.24937154352664948,0.00945959985256195,0.7411688566207886,0.23991194367408752,Tech,2021-Q2,12,78,0.13186813186813187
GOOGL,2021-Q2,"Jul 27, 2021, 4:30 p.m. ET",0.24937154352664948,0.00945959985256195,0.7411688566207886,0.23991194367408752,Tech,2021-Q2,12,78,0.13186813186813187
GOOGL,2021-Q2,"Jul 27, 2021, 4:30 p.m. ET",0.24937154352664948,0.00945959985256195,0.7411688566207886,0.23991194367408752,Tech,2021-Q2,12,78,0.13186813186813187
GOOGL,2021-Q2,"Jul 27, 2021, 4:30 p.m. ET",0.24937154352664948,0.00945959985256195,0.7411688566207886,0.23991194367408752,Tech,2021-Q2,12,78,0.13186813186813187
GOOGL,2021-Q2,"Jul 27, 2021, 4:30 p.m. ET",0.24937154352664948,0.00945959985256195,0.7411688566207886,0.23991194367408752,Tech,2021-Q2,12,78,0.13186813186813187
GOOGL,2021-Q2,"Jul 27, 2021, 4:30 p.m. ET",0.24937154352664948,0.00945959985256195,0.7411688566207886,0.23991194367408752,Tech,2021-Q2,12,78,0.13186813186813187
GOOGL,2021-Q2,"Jul 27, 2021, 4:30 p.m. ET",0.24937154352664948,0.00945959985256195,0.7411688566207886,0.23991194367408752,Tech,2021-Q2,12,78,0.13186813186813187
GOOGL,2021-Q2,"Jul 27, 2021, 4:30 p.m. ET",0.24937154352664948,0.00945959985256195,0.7411688566207886,0.23991194367408752,Tech,2021-Q2,12,78,0.13186813186813187
GOOGL,2021-Q2,"Jul 27, 2021, 4:30 p.m. ET",0.24937154352664948,0.00945959985256195,0.7411688566207886,0.23991194367408752,Tech,2021-Q2,12,78,0.13186813186813187
GOOGL,2021-Q2,"Jul 27, 2021, 4:30 p.m. ET",0.24937154352664948,0.00945959985256195,0.7411688566207886,0.23991194367408752,Tech,2021-Q2,12,78,0.13186813186813187
GOOGL,2021-Q2,"Jul 27, 2021, 4:30 p.m. ET",0.24937154352664948,0.00945959985256195,0.7411688566207886,0.23991194367408752,Tech,2021-Q2,12,78,0.13186813186813187
AMZN,2020-Q2,"Jul 30, 2020, 5:30 p.m. ET",0.09640108048915863,0.015877222642302513,0.8877217173576355,0.08052385784685612,Tech,2020-Q2,11,54,0.16666666666666666
AMZN,2020-Q2,"Jul 30, 2020, 5:30 p.m. ET",0.09640108048915863,0.015877222642302513,0.8877217173576355,0.08052385784685612,Tech,2020-Q2,11,54,0.16666666666666666
AMZN,2020-Q2,"Jul 30, 2020, 5:30 p.m. ET",0.09640108048915863,0.015877222642302513,0.8877217173576355,0.08052385784685612,Tech,2020-Q2,11,54,0.16666666666666666
AMZN,2020-Q2,"Jul 30, 2020, 5:30 p.m. ET",0.09640108048915863,0.015877222642302513,0.8877217173576355,0.08052385784685612,Tech,2020-Q2,11,54,0.16666666666666666
AMZN,2020-Q2,"Jul 30, 2020, 5:30 p.m. ET",0.09640108048915863,0.015877222642302513,0.8877217173576355,0.08052385784685612,Tech,2020-Q2,11,54,0.16666666666666666
AMZN,2020-Q2,"Jul 30, 2020, 5:30 p.m. ET",0.09640108048915863,0.015877222642302513,0.8877217173576355,0.08052385784685612,Tech,2020-Q2,11,54,0.16666666666666666
AMZN,2020-Q2,"Jul 30, 2020, 5:30 p.m. ET",0.09640108048915863,0.015877222642302513,0.8877217173576355,0.08052385784685612,Tech,2020-Q2,11,54,0.16666666666666666
AMZN,2020-Q2,"Jul 30, 2020, 5:30 p.m. ET",0.09640108048915863,0.015877222642302513,0.8877217173576355,0.08052385784685612,Tech,2020-Q2,11,54,0.16666666666666666
AMZN,2020-Q2,"Jul 30, 2020, 5:30 p.m. ET",0.09640108048915863,0.015877222642302513,0.8877217173576355,0.08052385784685612,Tech,2020-Q2,11,54,0.16666666666666666
AMZN,2020-Q2,"Jul 30, 2020, 5:30 p.m. ET",0.09640108048915863,0.015877222642302513,0.8877217173576355,0.08052385784685612,Tech,2020-Q2,11,54,0.16666666666666666
AMZN,2020-Q2,"Jul 30, 2020, 5:30 p.m. ET",0.09640108048915863,0.015877222642302513,0.8877217173576355,0.08052385784685612,Tech,2020-Q2,11,54,0.16666666666666666
AMZN,2020-Q2,"Jul 30, 2020, 5:30 p.m. ET",0.09640108048915863,0.015877222642302513,0.8877217173576355,0.08052385784685612,Tech,2020-Q2,11,54,0.16666666666666666
AMZN,2020-Q2,"Jul 30, 2020, 5:30 p.m. ET",0.09640108048915863,0.015877222642302513,0.8877217173576355,0.08052385784685612,Tech,2020-Q2,11,54,0.16666666666666666
AMZN,2020-Q2,"Jul 30, 2020, 5:30 p.m. ET",0.09640108048915863,0.015877222642302513,0.8877217173576355,0.08052385784685612,Tech,2020-Q2,11,54,0.16666666666666666
AMZN,2020-Q2,"Jul 30, 2020, 5:30 p.m. ET",0.09640108048915863,0.015877222642302513,0.8877217173576355,0.08052385784685612,Tech,2020-Q2,11,54,0.16666666666666666
AMZN,2020-Q2,"Jul 30, 2020, 5:30 p.m. ET",0.09640108048915863,0.015877222642302513,0.8877217173576355,0.08052385784685612,Tech,2020-Q2,11,54,0.16666666666666666
AMZN,2020-Q2,"Jul 30, 2020, 5:30 p.m. ET",0.09640108048915863,0.015877222642302513,0.8877217173576355,0.08052385784685612,Tech,2020-Q2,11,54,0.16666666666666666
AMZN,2020-Q2,"Jul 30, 2020, 5:30 p.m. ET",0.09640108048915863,0.015877222642302513,0.8877217173576355,0.08052385784685612,Tech,2020-Q2,11,54,0.16666666666666666
AMZN,2020-Q2,"Jul 30, 2020, 5:30 p.m. ET",0.09640108048915863,0.015877222642302513,0.8877217173576355,0.08052385784685612,Tech,2020-Q2,11,54,0.16666666666666666
AMZN,2020-Q2,"Jul 30, 2020, 5:30 p.m. ET",0.09640108048915863,0.015877222642302513,0.8877217173576355,0.08052385784685612,Tech,2020-Q2,11,54,0.16666666666666666
AMZN,2020-Q2,"Jul 30, 2020, 5:30 p.m. ET",0.09640108048915863,0.015877222642302513,0.8877217173576355,0.08052385784685612,Tech,2020-Q2,11,54,0.16666666666666666
AMZN,2020-Q2,"Jul 30, 2020, 5:30 p.m. ET",0.09640108048915863,0.015877222642302513,0.8877217173576355,0.08052385784685612,Tech,2020-Q2,11,54,0.16666666666666666
AMZN,2020-Q2,"Jul 30, 2020, 5:30 p.m. ET",0.09640108048915863,0.015877222642302513,0.8877217173576355,0.08052385784685612,Tech,2020-Q2,11,54,0.16666666666666666
AMZN,2020-Q2,"Jul 30, 2020, 5:30 p.m. ET",0.09640108048915863,0.015877222642302513,0.8877217173576355,0.08052385784685612,Tech,2020-Q2,11,54,0.16666666666666666
AMZN,2020-Q2,"Jul 30, 2020, 5:30 p.m. ET",0.09640108048915863,0.015877222642302513,0.8877217173576355,0.08052385784685612,Tech,2020-Q2,11,54,0.16666666666666666
TSLA,2020-Q2,"Jul 22, 2020, 6:00 p.m. ET",0.085098035633564,0.018818067386746407,0.8960838913917542,0.06627996824681759,Auto,2020-Q2,14,32,0.2978723404255319
TSLA,2020-Q2,"Jul 22, 2020, 6:00 p.m. ET",0.085098035633564,0.018818067386746407,0.8960838913917542,0.06627996824681759,Auto,2020-Q2,14,32,0.2978723404255319
TSLA,2020-Q2,"Jul 22, 2020, 6:00 p.m. ET",0.085098035633564,0.018818067386746407,0.8960838913917542,0.06627996824681759,Auto,2020-Q2,14,32,0.2978723404255319
TSLA,2020-Q2,"Jul 22, 2020, 6:00 p.m. ET",0.085098035633564,0.018818067386746407,0.8960838913917542,0.06627996824681759,Auto,2020-Q2,14,32,0.2978723404255319
TSLA,2020-Q2,"Jul 22, 2020, 6:00 p.m. ET",0.085098035633564,0.018818067386746407,0.8960838913917542,0.06627996824681759,Auto,2020-Q2,14,32,0.2978723404255319
TSLA,2020-Q2,"Jul 22, 2020, 6:00 p.m. ET",0.085098035633564,0.018818067386746407,0.8960838913917542,0.06627996824681759,Auto,2020-Q2,14,32,0.2978723404255319
TSLA,2020-Q2,"Jul 22, 2020, 6:00 p.m. ET",0.085098035633564,0.018818067386746407,0.8960838913917542,0.06627996824681759,Auto,2020-Q2,14,32,0.2978723404255319
TSLA,2020-Q2,"Jul 22, 2020, 6:00 p.m. ET",0.085098035633564,0.018818067386746407,0.8960838913917542,0.06627996824681759,Auto,2020-Q2,14,32,0.2978723404255319
TSLA,2020-Q2,"Jul 22, 2020, 6:00 p.m. ET",0.085098035633564,0.018818067386746407,0.8960838913917542,0.06627996824681759,Auto,2020-Q2,14,32,0.2978723404255319
TSLA,2020-Q2,"Jul 22, 2020, 6:00 p.m. ET",0.085098035633564,0.018818067386746407,0.8960838913917542,0.06627996824681759,Auto,2020-Q2,14,32,0.2978723404255319
TSLA,2020-Q2,"Jul 22, 2020, 6:00 p.m. ET",0.085098035633564,0.018818067386746407,0.8960838913917542,0.06627996824681759,Auto,2020-Q2,14,32,0.2978723404255319
TSLA,2020-Q2,"Jul 22, 2020, 6:00 p.m. ET",0.085098035633564,0.018818067386746407,0.8960838913917542,0.06627996824681759,Auto,2020-Q2,14,32,0.2978723404255319
TSLA,2020-Q2,"Jul 22, 2020, 6:00 p.m. ET",0.085098035633564,0.018818067386746407,0.8960838913917542,0.06627996824681759,Auto,2020-Q2,14,32,0.2978723404255319
TSLA,2020-Q2,"Jul 22, 2020, 6:00 p.m. ET",0.085098035633564,0.018818067386746407,0.8960838913917542,0.06627996824681759,Auto,2020-Q2,14,32,0.2978723404255319
TSLA,2020-Q2,"Jul 22, 2020, 6:00 p.m. ET",0.085098035633564,0.018818067386746407,0.8960838913917542,0.06627996824681759,Auto,2020-Q2,14,32,0.2978723404255319
TSLA,2020-Q2,"Jul 22, 2020, 6:00 p.m. ET",0.085098035633564,0.018818067386746407,0.8960838913917542,0.06627996824681759,Auto,2020-Q2,14,32,0.2978723404255319
TSLA,2020-Q2,"Jul 22, 2020, 6:00 p.m. ET",0.085098035633564,0.018818067386746407,0.8960838913917542,0.06627996824681759,Auto,2020-Q2,14,32,0.2978723404255319
TSLA,2020-Q2,"Jul 22, 2020, 6:00 p.m. ET",0.085098035633564,0.018818067386746407,0.8960838913917542,0.06627996824681759,Auto,2020-Q2,14,32,0.2978723404255319
TSLA,2020-Q2,"Jul 22, 2020, 6:00 p.m. ET",0.085098035633564,0.018818067386746407,0.8960838913917542,0.06627996824681759,Auto,2020-Q2,14,32,0.2978723404255319
TSLA,2020-Q2,"Jul 22, 2020, 6:00 p.m. ET",0.085098035633564,0.018818067386746407,0.8960838913917542,0.06627996824681759,Auto,2020-Q2,14,32,0.2978723404255319
TSLA,2020-Q2,"Jul 22, 2020, 6:00 p.m. ET",0.085098035633564,0.018818067386746407,0.8960838913917542,0.06627996824681759,Auto,2020-Q2,14,32,0.2978723404255319
TSLA,2020-Q2,"Jul 22, 2020, 6:00 p.m. ET",0.085098035633564,0.018818067386746407,0.8960838913917542,0.06627996824681759,Auto,2020-Q2,14,32,0.2978723404255319
TSLA,2020-Q2,"Jul 22, 2020, 6:00 p.m. ET",0.085098035633564,0.018818067386746407,0.8960838913917542,0.06627996824681759,Auto,2020-Q2,14,32,0.2978723404255319
TSLA,2020-Q2,"Jul 22, 2020, 6:00 p.m. ET",0.085098035633564,0.018818067386746407,0.8960838913917542,0.06627996824681759,Auto,2020-Q2,14,32,0.2978723404255319
TSLA,2020-Q2,"Jul 22, 2020, 6:00 p.m. ET",0.085098035633564,0.018818067386746407,0.8960838913917542,0.06627996824681759,Auto,2020-Q2,14,32,0.2978723404255319
TSLA,2020-Q2,"Jul 22, 2020, 6:00 p.m. ET",0.085098035633564,0.018818067386746407,0.8960838913917542,0.06627996824681759,Auto,2020-Q2,14,32,0.2978723404255319
TSLA,2020-Q2,"Jul 22, 2020, 6:00 p.m. ET",0.085098035633564,0.018818067386746407,0.8960838913917542,0.06627996824681759,Auto,2020-Q2,14,32,0.2978723404255319
TSLA,2020-Q2,"Jul 22, 2020, 6:00 p.m. ET",0.085098035633564,0.018818067386746407,0.8960838913917542,0.06627996824681759,Auto,2020-Q2,14,32,0.2978723404255319
TSLA,2020-Q2,"Jul 22, 2020, 6:00 p.m. ET",0.085098035633564,0.018818067386746407,0.8960838913917542,0.06627996824681759,Auto,2020-Q2,14,32,0.2978723404255319
TSLA,2020-Q2,"Jul 22, 2020, 6:00 p.m. ET",0.085098035633564,0.018818067386746407,0.8960838913917542,0.06627996824681759,Auto,2020-Q2,14,32,0.2978723404255319
TSLA,2020-Q2,"Jul 22, 2020, 6:00 p.m. ET",0.085098035633564,0.018818067386746407,0.8960838913917542,0.06627996824681759,Auto,2020-Q2,14,32,0.2978723404255319
TSLA,2020-Q2,"Jul 22, 2020, 6:00 p.m. ET",0.085098035633564,0.018818067386746407,0.8960838913917542,0.06627996824681759,Auto,2020-Q2,14,32,0.2978723404255319
INTC,2020-Q2,"Jul 23, 2020, 5:00 p.m. ET",0.06772421300411224,0.014910752885043621,0.9173650741577148,0.05281346011906862,Tech,2020-Q2,23,66,0.25555555555555554
INTC,2020-Q2,"Jul 23, 2020, 5:00 p.m. ET",0.06772421300411224,0.014910752885043621,0.9173650741577148,0.05281346011906862,Tech,2020-Q2,23,66,0.25555555555555554
INTC,2020-Q2,"Jul 23, 2020, 5:00 p.m. ET",0.06772421300411224,0.014910752885043621,0.9173650741577148,0.05281346011906862,Tech,2020-Q2,23,66,0.25555555555555554
INTC,2020-Q2,"Jul 23, 2020, 5:00 p.m. ET",0.06772421300411224,0.014910752885043621,0.9173650741577148,0.05281346011906862,Tech,2020-Q2,23,66,0.25555555555555554
INTC,2020-Q2,"Jul 23, 2020, 5:00 p.m. ET",0.06772421300411224,0.014910752885043621,0.9173650741577148,0.05281346011906862,Tech,2020-Q2,23,66,0.25555555555555554
AAPL,2020-Q2,"Apr 30, 2020, 5:00 p.m. ET",0.2375384420156479,0.012087523937225342,0.7503740191459656,0.22545091807842255,Tech,2020-Q2,33,61,0.3473684210526316
AAPL,2020-Q2,"Apr 30, 2020, 5:00 p.m. ET",0.2375384420156479,0.012087523937225342,0.7503740191459656,0.22545091807842255,Tech,2020-Q2,33,61,0.3473684210526316
AAPL,2020-Q2,"Apr 30, 2020, 5:00 p.m. ET",0.2375384420156479,0.012087523937225342,0.7503740191459656,0.22545091807842255,Tech,2020-Q2,33,61,0.3473684210526316
AAPL,2020-Q2,"Apr 30, 2020, 5:00 p.m. ET",0.2375384420156479,0.012087523937225342,0.7503740191459656,0.22545091807842255,Tech,2020-Q2,33,61,0.3473684210526316
AAPL,2020-Q2,"Apr 30, 2020, 5:00 p.m. ET",0.2375384420156479,0.012087523937225342,0.7503740191459656,0.22545091807842255,Tech,2020-Q2,33,61,0.3473684210526316
AAPL,2020-Q2,"Apr 30, 2020, 5:00 p.m. ET",0.2375384420156479,0.012087523937225342,0.7503740191459656,0.22545091807842255,Tech,2020-Q2,33,61,0.3473684210526316
AAPL,2020-Q2,"Apr 30, 2020, 5:00 p.m. ET",0.2375384420156479,0.012087523937225342,0.7503740191459656,0.22545091807842255,Tech,2020-Q2,33,61,0.3473684210526316
AAPL,2020-Q2,"Apr 30, 2020, 5:00 p.m. ET",0.2375384420156479,0.012087523937225342,0.7503740191459656,0.22545091807842255,Tech,2020-Q2,33,61,0.3473684210526316
AAPL,2020-Q2,"Apr 30, 2020, 5:00 p.m. ET",0.2375384420156479,0.012087523937225342,0.7503740191459656,0.22545091807842255,Tech,2020-Q2,33,61,0.3473684210526316
AAPL,2020-Q2,"Apr 30, 2020, 5:00 p.m. ET",0.2375384420156479,0.012087523937225342,0.7503740191459656,0.22545091807842255,Tech,2020-Q2,33,61,0.3473684210526316
AAPL,2020-Q2,"Apr 30, 2020, 5:00 p.m. ET",0.2375384420156479,0.012087523937225342,0.7503740191459656,0.22545091807842255,Tech,2020-Q2,33,61,0.3473684210526316
AAPL,2020-Q2,"Apr 30, 2020, 5:00 p.m. ET",0.2375384420156479,0.012087523937225342,0.7503740191459656,0.22545091807842255,Tech,2020-Q2,33,61,0.3473684210526316
AAPL,2020-Q2,"Apr 30, 2020, 5:00 p.m. ET",0.2375384420156479,0.012087523937225342,0.7503740191459656,0.22545091807842255,Tech,2020-Q2,33,61,0.3473684210526316
AAPL,2020-Q2,"Apr 30, 2020, 5:00 p.m. ET",0.2375384420156479,0.012087523937225342,0.7503740191459656,0.22545091807842255,Tech,2020-Q2,33,61,0.3473684210526316
AAPL,2020-Q2,"Apr 30, 2020, 5:00 p.m. ET",0.2375384420156479,0.012087523937225342,0.7503740191459656,0.22545091807842255,Tech,2020-Q2,33,61,0.3473684210526316
AAPL,2020-Q2,"Apr 30, 2020, 5:00 p.m. ET",0.2375384420156479,0.012087523937225342,0.7503740191459656,0.22545091807842255,Tech,2020-Q2,33,61,0.3473684210526316
AAPL,2020-Q2,"Apr 30, 2020, 5:00 p.m. ET",0.2375384420156479,0.012087523937225342,0.7503740191459656,0.22545091807842255,Tech,2020-Q2,33,61,0.3473684210526316
AAPL,2020-Q2,"Apr 30, 2020, 5:00 p.m. ET",0.2375384420156479,0.012087523937225342,0.7503740191459656,0.22545091807842255,Tech,2020-Q2,33,61,0.3473684210526316
AAPL,2020-Q2,"Apr 30, 2020, 5:00 p.m. ET",0.2375384420156479,0.012087523937225342,0.7503740191459656,0.22545091807842255,Tech,2020-Q2,33,61,0.3473684210526316
AAPL,2020-Q2,"Apr 30, 2020, 5:00 p.m. ET",0.2375384420156479,0.012087523937225342,0.7503740191459656,0.22545091807842255,Tech,2020-Q2,33,61,0.3473684210526316
AAPL,2020-Q2,"Apr 30, 2020, 5:00 p.m. ET",0.2375384420156479,0.012087523937225342,0.7503740191459656,0.22545091807842255,Tech,2020-Q2,33,61,0.3473684210526316
AAPL,2020-Q2,"Apr 30, 2020, 5:00 p.m. ET",0.2375384420156479,0.012087523937225342,0.7503740191459656,0.22545091807842255,Tech,2020-Q2,33,61,0.3473684210526316
AAPL,2020-Q2,"Apr 30, 2020, 5:00 p.m. ET",0.2375384420156479,0.012087523937225342,0.7503740191459656,0.22545091807842255,Tech,2020-Q2,33,61,0.3473684210526316
AAPL,2020-Q2,"Apr 30, 2020, 5:00 p.m. ET",0.2375384420156479,0.012087523937225342,0.7503740191459656,0.22545091807842255,Tech,2020-Q2,33,61,0.3473684210526316
AAPL,2020-Q2,"Apr 30, 2020, 5:00 p.m. ET",0.2375384420156479,0.012087523937225342,0.7503740191459656,0.22545091807842255,Tech,2020-Q2,33,61,0.3473684210526316
NFLX,2021-Q2,"Jul 20, 2021, 5:00 p.m. ET",0.04934323951601982,0.02073129266500473,0.9299254417419434,0.02861194685101509,Media,2021-Q2,4,42,0.0851063829787234
AAPL,2020-Q2,"Apr 30, 2020, 5:00 p.m. ET",0.2375384420156479,0.012087523937225342,0.7503740191459656,0.22545091807842255,Tech,2020-Q2,33,61,0.3473684210526316
AAPL,2020-Q2,"Apr 30, 2020, 5:00 p.m. ET",0.2375384420156479,0.012087523937225342,0.7503740191459656,0.22545091807842255,Tech,2020-Q2,33,61,0.3473684210526316
AAPL,2020-Q2,"Apr 30, 2020, 5:00 p.m. ET",0.2375384420156479,0.012087523937225342,0.7503740191459656,0.22545091807842255,Tech,2020-Q2,33,61,0.3473684210526316
AAPL,2020-Q2,"Apr 30, 2020, 5:00 p.m. ET",0.2375384420156479,0.012087523937225342,0.7503740191459656,0.22545091807842255,Tech,2020-Q2,33,61,0.3473684210526316
AAPL,2020-Q2,"Apr 30, 2020, 5:00 p.m. ET",0.2375384420156479,0.012087523937225342,0.7503740191459656,0.22545091807842255,Tech,2020-Q2,33,61,0.3473684210526316
AAPL,2020-Q2,"Apr 30, 2020, 5:00 p.m. ET",0.2375384420156479,0.012087523937225342,0.7503740191459656,0.22545091807842255,Tech,2020-Q2,33,61,0.3473684210526316
AAPL,2020-Q2,"Apr 30, 2020, 5:00 p.m. ET",0.2375384420156479,0.012087523937225342,0.7503740191459656,0.22545091807842255,Tech,2020-Q2,33,61,0.3473684210526316
AAPL,2020-Q2,"Apr 30, 2020, 5:00 p.m. ET",0.2375384420156479,0.012087523937225342,0.7503740191459656,0.22545091807842255,Tech,2020-Q2,33,61,0.3473684210526316
AAPL,2020-Q2,"Apr 30, 2020, 5:00 p.m. ET",0.2375384420156479,0.012087523937225342,0.7503740191459656,0.22545091807842255,Tech,2020-Q2,33,61,0.3473684210526316
AAPL,2020-Q2,"Apr 30, 2020, 5:00 p.m. ET",0.2375384420156479,0.012087523937225342,0.7503740191459656,0.22545091807842255,Tech,2020-Q2,33,61,0.3473684210526316
AAPL,2020-Q2,"Apr 30, 2020, 5:00 p.m. ET",0.2375384420156479,0.012087523937225342,0.7503740191459656,0.22545091807842255,Tech,2020-Q2,33,61,0.3473684210526316
AAPL,2020-Q2,"Apr 30, 2020, 5:00 p.m. ET",0.2375384420156479,0.012087523937225342,0.7503740191459656,0.22545091807842255,Tech,2020-Q2,33,61,0.3473684210526316
AAPL,2020-Q2,"Apr 30, 2020, 5:00 p.m. ET",0.2375384420156479,0.012087523937225342,0.7503740191459656,0.22545091807842255,Tech,2020-Q2,33,61,0.3473684210526316
AAPL,2020-Q2,"Apr 30, 2020, 5:00 p.m. ET",0.2375384420156479,0.012087523937225342,0.7503740191459656,0.22545091807842255,Tech,2020-Q2,33,61,0.3473684210526316
AAPL,2020-Q2,"Apr 30, 2020, 5:00 p.m. ET",0.2375384420156479,0.012087523937225342,0.7503740191459656,0.22545091807842255,Tech,2020-Q2,33,61,0.3473684210526316
AAPL,2020-Q2,"Apr 30, 2020, 5:00 p.m. ET",0.2375384420156479,0.012087523937225342,0.7503740191459656,0.22545091807842255,Tech,2020-Q2,33,61,0.3473684210526316
AAPL,2020-Q2,"Apr 30, 2020, 5:00 p.m. ET",0.2375384420156479,0.012087523937225342,0.7503740191459656,0.22545091807842255,Tech,2020-Q2,33,61,0.3473684210526316
AAPL,2020-Q2,"Apr 30, 2020, 5:00 p.m. ET",0.2375384420156479,0.012087523937225342,0.7503740191459656,0.22545091807842255,Tech,2020-Q2,33,61,0.3473684210526316
AAPL,2020-Q2,"Apr 30, 2020, 5:00 p.m. ET",0.2375384420156479,0.012087523937225342,0.7503740191459656,0.22545091807842255,Tech,2020-Q2,33,61,0.3473684210526316
AAPL,2020-Q2,"Apr 30, 2020, 5:00 p.m. ET",0.2375384420156479,0.012087523937225342,0.7503740191459656,0.22545091807842255,Tech,2020-Q2,33,61,0.3473684210526316
AAPL,2020-Q2,"Apr 30, 2020, 5:00 p.m. ET",0.2375384420156479,0.012087523937225342,0.7503740191459656,0.22545091807842255,Tech,2020-Q2,33,61,0.3473684210526316
AAPL,2020-Q2,"Apr 30, 2020, 5:00 p.m. ET",0.2375384420156479,0.012087523937225342,0.7503740191459656,0.22545091807842255,Tech,2020-Q2,33,61,0.3473684210526316
AAPL,2020-Q2,"Apr 30, 2020, 5:00 p.m. ET",0.2375384420156479,0.012087523937225342,0.7503740191459656,0.22545091807842255,Tech,2020-Q2,33,61,0.3473684210526316
AAPL,2020-Q2,"Apr 30, 2020, 5:00 p.m. ET",0.2375384420156479,0.012087523937225342,0.7503740191459656,0.22545091807842255,Tech,2020-Q2,33,61,0.3473684210526316
AAPL,2020-Q2,"Apr 30, 2020, 5:00 p.m. ET",0.2375384420156479,0.012087523937225342,0.7503740191459656,0.22545091807842255,Tech,2020-Q2,33,61,0.3473684210526316
KO,2020-Q3,"Oct 22, 2020, 8:30 a.m. ET",0.10902691632509232,0.01369567308574915,0.8772773742675781,0.09533124323934317,Consumer,2020-Q3,44,98,0.3076923076923077
KO,2020-Q3,"Oct 22, 2020, 8:30 a.m. ET",0.10902691632509232,0.01369567308574915,0.8772773742675781,0.09533124323934317,Consumer,2020-Q3,44,98,0.3076923076923077
NVDA,2021-Q4,"Feb 24, 2021, 5:00 p.m. ET",0.8281925916671753,0.010751226916909218,0.16105622053146362,0.8174413647502661,Tech,2021-Q4,9,99,0.08256880733944955
GOOGL,2020-Q4,"Feb 2, 2021, 5:00 p.m. ET",0.16166003048419952,0.011462821625173092,0.8268771767616272,0.15019720885902643,Tech,2020-Q4,19,75,0.2
GOOGL,2020-Q4,"Feb 2, 2021, 5:00 p.m. ET",0.16166003048419952,0.011462821625173092,0.8268771767616272,0.15019720885902643,Tech,2020-Q4,19,75,0.2
GOOGL,2020-Q4,"Feb 2, 2021, 5:00 p.m. ET",0.16166003048419952,0.011462821625173092,0.8268771767616272,0.15019720885902643,Tech,2020-Q4,19,75,0.2
GOOGL,2020-Q4,"Feb 2, 2021, 5:00 p.m. ET",0.16166003048419952,0.011462821625173092,0.8268771767616272,0.15019720885902643,Tech,2020-Q4,19,75,0.2
GOOGL,2020-Q4,"Feb 2, 2021, 5:00 p.m. ET",0.16166003048419952,0.011462821625173092,0.8268771767616272,0.15019720885902643,Tech,2020-Q4,19,75,0.2
GOOGL,2020-Q4,"Feb 2, 2021, 5:00 p.m. ET",0.16166003048419952,0.011462821625173092,0.8268771767616272,0.15019720885902643,Tech,2020-Q4,19,75,0.2
GOOGL,2020-Q4,"Feb 2, 2021, 5:00 p.m. ET",0.16166003048419952,0.011462821625173092,0.8268771767616272,0.15019720885902643,Tech,2020-Q4,19,75,0.2
GOOGL,2020-Q4,"Feb 2, 2021, 5:00 p.m. ET",0.16166003048419952,0.011462821625173092,0.8268771767616272,0.15019720885902643,Tech,2020-Q4,19,75,0.2
GOOGL,2020-Q4,"Feb 2, 2021, 5:00 p.m. ET",0.16166003048419952,0.011462821625173092,0.8268771767616272,0.15019720885902643,Tech,2020-Q4,19,75,0.2
GOOGL,2020-Q4,"Feb 2, 2021, 5:00 p.m. ET",0.16166003048419952,0.011462821625173092,0.8268771767616272,0.15019720885902643,Tech,2020-Q4,19,75,0.2
TSLA,2020-Q2,"Jul 22, 2020, 6:00 p.m. ET",0.085098035633564,0.018818067386746407,0.8960838913917542,0.06627996824681759,Auto,2020-Q2,14,32,0.2978723404255319
TSLA,2020-Q2,"Jul 22, 2020, 6:00 p.m. ET",0.085098035633564,0.018818067386746407,0.8960838913917542,0.06627996824681759,Auto,2020-Q2,14,32,0.2978723404255319
TSLA,2020-Q2,"Jul 22, 2020, 6:00 p.m. ET",0.085098035633564,0.018818067386746407,0.8960838913917542,0.06627996824681759,Auto,2020-Q2,14,32,0.2978723404255319
TSLA,2020-Q2,"Jul 22, 2020, 6:00 p.m. ET",0.085098035633564,0.018818067386746407,0.8960838913917542,0.06627996824681759,Auto,2020-Q2,14,32,0.2978723404255319
TSLA,2020-Q2,"Jul 22, 2020, 6:00 p.m. ET",0.085098035633564,0.018818067386746407,0.8960838913917542,0.06627996824681759,Auto,2020-Q2,14,32,0.2978723404255319
TSLA,2020-Q2,"Jul 22, 2020, 6:00 p.m. ET",0.085098035633564,0.018818067386746407,0.8960838913917542,0.06627996824681759,Auto,2020-Q2,14,32,0.2978723404255319
TSLA,2020-Q2,"Jul 22, 2020, 6:00 p.m. ET",0.085098035633564,0.018818067386746407,0.8960838913917542,0.06627996824681759,Auto,2020-Q2,14,32,0.2978723404255319
TSLA,2020-Q2,"Jul 22, 2020, 6:00 p.m. ET",0.085098035633564,0.018818067386746407,0.8960838913917542,0.06627996824681759,Auto,2020-Q2,14,32,0.2978723404255319
TSLA,2020-Q2,"Jul 22, 2020, 6:00 p.m. ET",0.085098035633564,0.018818067386746407,0.8960838913917542,0.06627996824681759,Auto,2020-Q2,14,32,0.2978723404255319
TSLA,2020-Q2,"Jul 22, 2020, 6:00 p.m. ET",0.085098035633564,0.018818067386746407,0.8960838913917542,0.06627996824681759,Auto,2020-Q2,14,32,0.2978723404255319
TSLA,2020-Q2,"Jul 22, 2020, 6:00 p.m. ET",0.085098035633564,0.018818067386746407,0.8960838913917542,0.06627996824681759,Auto,2020-Q2,14,32,0.2978723404255319
TSLA,2020-Q2,"Jul 22, 2020, 6:00 p.m. ET",0.085098035633564,0.018818067386746407,0.8960838913917542,0.06627996824681759,Auto,2020-Q2,14,32,0.2978723404255319
TSLA,2020-Q2,"Jul 22, 2020, 6:00 p.m. ET",0.085098035633564,0.018818067386746407,0.8960838913917542,0.06627996824681759,Auto,2020-Q2,14,32,0.2978723404255319
TSLA,2020-Q2,"Jul 22, 2020, 6:00 p.m. ET",0.085098035633564,0.018818067386746407,0.8960838913917542,0.06627996824681759,Auto,2020-Q2,14,32,0.2978723404255319
TSLA,2020-Q2,"Jul 22, 2020, 6:00 p.m. ET",0.085098035633564,0.018818067386746407,0.8960838913917542,0.06627996824681759,Auto,2020-Q2,14,32,0.2978723404255319
TSLA,2020-Q2,"Jul 22, 2020, 6:00 p.m. ET",0.085098035633564,0.018818067386746407,0.8960838913917542,0.06627996824681759,Auto,2020-Q2,14,32,0.2978723404255319
TSLA,2020-Q2,"Jul 22, 2020, 6:00 p.m. ET",0.085098035633564,0.018818067386746407,0.8960838913917542,0.06627996824681759,Auto,2020-Q2,14,32,0.2978723404255319
TSLA,2020-Q2,"Jul 22, 2020, 6:00 p.m. ET",0.085098035633564,0.018818067386746407,0.8960838913917542,0.06627996824681759,Auto,2020-Q2,14,32,0.2978723404255319
TSLA,2020-Q2,"Jul 22, 2020, 6:00 p.m. ET",0.085098035633564,0.018818067386746407,0.8960838913917542,0.06627996824681759,Auto,2020-Q2,14,32,0.2978723404255319
TSLA,2020-Q2,"Jul 22, 2020, 6:00 p.m. ET",0.085098035633564,0.018818067386746407,0.8960838913917542,0.06627996824681759,Auto,2020-Q2,14,32,0.2978723404255319
TSLA,2020-Q2,"Jul 22, 2020, 6:00 p.m. ET",0.085098035633564,0.018818067386746407,0.8960838913917542,0.06627996824681759,Auto,2020-Q2,14,32,0.2978723404255319
TSLA,2020-Q2,"Jul 22, 2020, 6:00 p.m. ET",0.085098035633564,0.018818067386746407,0.8960838913917542,0.06627996824681759,Auto,2020-Q2,14,32,0.2978723404255319
TSLA,2020-Q2,"Jul 22, 2020, 6:00 p.m. ET",0.085098035633564,0.018818067386746407,0.8960838913917542,0.06627996824681759,Auto,2020-Q2,14,32,0.2978723404255319
TSLA,2020-Q2,"Jul 22, 2020, 6:00 p.m. ET",0.085098035633564,0.018818067386746407,0.8960838913917542,0.06627996824681759,Auto,2020-Q2,14,32,0.2978723404255319
TSLA,2020-Q2,"Jul 22, 2020, 6:00 p.m. ET",0.085098035633564,0.018818067386746407,0.8960838913917542,0.06627996824681759,Auto,2020-Q2,14,32,0.2978723404255319
TSLA,2020-Q2,"Jul 22, 2020, 6:00 p.m. ET",0.085098035633564,0.018818067386746407,0.8960838913917542,0.06627996824681759,Auto,2020-Q2,14,32,0.2978723404255319
TSLA,2020-Q2,"Jul 22, 2020, 6:00 p.m. ET",0.085098035633564,0.018818067386746407,0.8960838913917542,0.06627996824681759,Auto,2020-Q2,14,32,0.2978723404255319
TSLA,2020-Q2,"Jul 22, 2020, 6:00 p.m. ET",0.085098035633564,0.018818067386746407,0.8960838913917542,0.06627996824681759,Auto,2020-Q2,14,32,0.2978723404255319
TSLA,2020-Q2,"Jul 22, 2020, 6:00 p.m. ET",0.085098035633564,0.018818067386746407,0.8960838913917542,0.06627996824681759,Auto,2020-Q2,14,32,0.2978723404255319
TSLA,2020-Q2,"Jul 22, 2020, 6:00 p.m. ET",0.085098035633564,0.018818067386746407,0.8960838913917542,0.06627996824681759,Auto,2020-Q2,14,32,0.2978723404255319
TSLA,2020-Q2,"Jul 22, 2020, 6:00 p.m. ET",0.085098035633564,0.018818067386746407,0.8960838913917542,0.06627996824681759,Auto,2020-Q2,14,32,0.2978723404255319
TSLA,2020-Q2,"Jul 22, 2020, 6:00 p.m. ET",0.085098035633564,0.018818067386746407,0.8960838913917542,0.06627996824681759,Auto,2020-Q2,14,32,0.2978723404255319
GOOGL,2020-Q1,"April 28, 2020, 4:30 p.m. ET",0.08496109396219254,0.014933321624994278,0.9001055955886841,0.07002777233719826,Tech,2020-Q1,38,80,0.31932773109243695
GOOGL,2020-Q1,"April 28, 2020, 4:30 p.m. ET",0.08496109396219254,0.014933321624994278,0.9001055955886841,0.07002777233719826,Tech,2020-Q1,38,80,0.31932773109243695
GOOGL,2020-Q1,"April 28, 2020, 4:30 p.m. ET",0.08496109396219254,0.014933321624994278,0.9001055955886841,0.07002777233719826,Tech,2020-Q1,38,80,0.31932773109243695
GOOGL,2020-Q1,"April 28, 2020, 4:30 p.m. ET",0.08496109396219254,0.014933321624994278,0.9001055955886841,0.07002777233719826,Tech,2020-Q1,38,80,0.31932773109243695
GOOGL,2020-Q1,"April 28, 2020, 4:30 p.m. ET",0.08496109396219254,0.014933321624994278,0.9001055955886841,0.07002777233719826,Tech,2020-Q1,38,80,0.31932773109243695
GOOGL,2020-Q1,"April 28, 2020, 4:30 p.m. ET",0.08496109396219254,0.014933321624994278,0.9001055955886841,0.07002777233719826,Tech,2020-Q1,38,80,0.31932773109243695
GOOGL,2020-Q1,"April 28, 2020, 4:30 p.m. ET",0.08496109396219254,0.014933321624994278,0.9001055955886841,0.07002777233719826,Tech,2020-Q1,38,80,0.31932773109243695
GOOGL,2020-Q1,"April 28, 2020, 4:30 p.m. ET",0.08496109396219254,0.014933321624994278,0.9001055955886841,0.07002777233719826,Tech,2020-Q1,38,80,0.31932773109243695
GOOGL,2020-Q1,"April 28, 2020, 4:30 p.m. ET",0.08496109396219254,0.014933321624994278,0.9001055955886841,0.07002777233719826,Tech,2020-Q1,38,80,0.31932773109243695
GOOGL,2020-Q1,"April 28, 2020, 4:30 p.m. ET",0.08496109396219254,0.014933321624994278,0.9001055955886841,0.07002777233719826,Tech,2020-Q1,38,80,0.31932773109243695
GOOGL,2020-Q1,"April 28, 2020, 4:30 p.m. ET",0.08496109396219254,0.014933321624994278,0.9001055955886841,0.07002777233719826,Tech,2020-Q1,38,80,0.31932773109243695
GOOGL,2020-Q1,"April 28, 2020, 4:30 p.m. ET",0.08496109396219254,0.014933321624994278,0.9001055955886841,0.07002777233719826,Tech,2020-Q1,38,80,0.31932773109243695
GOOGL,2020-Q1,"April 28, 2020, 4:30 p.m. ET",0.08496109396219254,0.014933321624994278,0.9001055955886841,0.07002777233719826,Tech,2020-Q1,38,80,0.31932773109243695
GOOGL,2020-Q1,"April 28, 2020, 4:30 p.m. ET",0.08496109396219254,0.014933321624994278,0.9001055955886841,0.07002777233719826,Tech,2020-Q1,38,80,0.31932773109243695
GOOGL,2020-Q1,"April 28, 2020, 4:30 p.m. ET",0.08496109396219254,0.014933321624994278,0.9001055955886841,0.07002777233719826,Tech,2020-Q1,38,80,0.31932773109243695
GOOGL,2018-Q4,"['Alphabet Inc Class C (GOOGL 0.73%) (GOOG 0.82%) Q4 2018 ', ' February 4, 2019, 4:30 p.m. ET']",0.022734766826033592,0.04183025285601616,0.9354349970817566,-0.019095486029982567,Tech,2018-Q4,18,108,0.14173228346456693
GOOGL,2018-Q4,"['Alphabet Inc Class C (GOOGL 0.73%) (GOOG 0.82%) Q4 2018 ', ' February 4, 2019, 4:30 p.m. ET']",0.022734766826033592,0.04183025285601616,0.9354349970817566,-0.019095486029982567,Tech,2018-Q4,18,108,0.14173228346456693
GOOGL,2020-Q4,"Feb 2, 2021, 5:00 p.m. ET",0.16166003048419952,0.011462821625173092,0.8268771767616272,0.15019720885902643,Tech,2020-Q4,19,75,0.2
GOOGL,2020-Q4,"Feb 2, 2021, 5:00 p.m. ET",0.16166003048419952,0.011462821625173092,0.8268771767616272,0.15019720885902643,Tech,2020-Q4,19,75,0.2
GOOGL,2020-Q4,"Feb 2, 2021, 5:00 p.m. ET",0.16166003048419952,0.011462821625173092,0.8268771767616272,0.15019720885902643,Tech,2020-Q4,19,75,0.2
GOOGL,2020-Q4,"Feb 2, 2021, 5:00 p.m. ET",0.16166003048419952,0.011462821625173092,0.8268771767616272,0.15019720885902643,Tech,2020-Q4,19,75,0.2
GOOGL,2020-Q4,"Feb 2, 2021, 5:00 p.m. ET",0.16166003048419952,0.011462821625173092,0.8268771767616272,0.15019720885902643,Tech,2020-Q4,19,75,0.2
GOOGL,2020-Q4,"Feb 2, 2021, 5:00 p.m. ET",0.16166003048419952,0.011462821625173092,0.8268771767616272,0.15019720885902643,Tech,2020-Q4,19,75,0.2
GOOGL,2020-Q4,"Feb 2, 2021, 5:00 p.m. ET",0.16166003048419952,0.011462821625173092,0.8268771767616272,0.15019720885902643,Tech,2020-Q4,19,75,0.2
GOOGL,2020-Q4,"Feb 2, 2021, 5:00 p.m. ET",0.16166003048419952,0.011462821625173092,0.8268771767616272,0.15019720885902643,Tech,2020-Q4,19,75,0.2
GOOGL,2020-Q4,"Feb 2, 2021, 5:00 p.m. ET",0.16166003048419952,0.011462821625173092,0.8268771767616272,0.15019720885902643,Tech,2020-Q4,19,75,0.2
GOOGL,2020-Q4,"Feb 2, 2021, 5:00 p.m. ET",0.16166003048419952,0.011462821625173092,0.8268771767616272,0.15019720885902643,Tech,2020-Q4,19,75,0.2
DIS,2020-Q3,"Aug 04, 2020, 4:30 p.m. ET",0.028005406260490417,0.08130818605422974,0.8906863927841187,-0.05330277979373932,Media,2020-Q3,32,44,0.4155844155844156
DIS,2020-Q3,"Aug 04, 2020, 4:30 p.m. ET",0.028005406260490417,0.08130818605422974,0.8906863927841187,-0.05330277979373932,Media,2020-Q3,32,44,0.4155844155844156
DIS,2020-Q3,"Aug 04, 2020, 4:30 p.m. ET",0.028005406260490417,0.08130818605422974,0.8906863927841187,-0.05330277979373932,Media,2020-Q3,32,44,0.4155844155844156
DIS,2020-Q3,"Aug 04, 2020, 4:30 p.m. ET",0.028005406260490417,0.08130818605422974,0.8906863927841187,-0.05330277979373932,Media,2020-Q3,32,44,0.4155844155844156
DIS,2020-Q3,"Aug 04, 2020, 4:30 p.m. ET",0.028005406260490417,0.08130818605422974,0.8906863927841187,-0.05330277979373932,Media,2020-Q3,32,44,0.4155844155844156
DIS,2020-Q3,"Aug 04, 2020, 4:30 p.m. ET",0.028005406260490417,0.08130818605422974,0.8906863927841187,-0.05330277979373932,Media,2020-Q3,32,44,0.4155844155844156
DIS,2020-Q3,"Aug 04, 2020, 4:30 p.m. ET",0.028005406260490417,0.08130818605422974,0.8906863927841187,-0.05330277979373932,Media,2020-Q3,32,44,0.4155844155844156
DIS,2020-Q3,"Aug 04, 2020, 4:30 p.m. ET",0.028005406260490417,0.08130818605422974,0.8906863927841187,-0.05330277979373932,Media,2020-Q3,32,44,0.4155844155844156
DIS,2020-Q3,"Aug 04, 2020, 4:30 p.m. ET",0.028005406260490417,0.08130818605422974,0.8906863927841187,-0.05330277979373932,Media,2020-Q3,32,44,0.4155844155844156
DIS,2020-Q3,"Aug 04, 2020, 4:30 p.m. ET",0.028005406260490417,0.08130818605422974,0.8906863927841187,-0.05330277979373932,Media,2020-Q3,32,44,0.4155844155844156
DIS,2020-Q3,"Aug 04, 2020, 4:30 p.m. ET",0.028005406260490417,0.08130818605422974,0.8906863927841187,-0.05330277979373932,Media,2020-Q3,32,44,0.4155844155844156
DIS,2020-Q3,"Aug 04, 2020, 4:30 p.m. ET",0.028005406260490417,0.08130818605422974,0.8906863927841187,-0.05330277979373932,Media,2020-Q3,32,44,0.4155844155844156
DIS,2020-Q3,"Aug 04, 2020, 4:30 p.m. ET",0.028005406260490417,0.08130818605422974,0.8906863927841187,-0.05330277979373932,Media,2020-Q3,32,44,0.4155844155844156
DIS,2020-Q3,"Aug 04, 2020, 4:30 p.m. ET",0.028005406260490417,0.08130818605422974,0.8906863927841187,-0.05330277979373932,Media,2020-Q3,32,44,0.4155844155844156
DIS,2020-Q3,"Aug 04, 2020, 4:30 p.m. ET",0.028005406260490417,0.08130818605422974,0.8906863927841187,-0.05330277979373932,Media,2020-Q3,32,44,0.4155844155844156
DIS,2020-Q3,"Aug 04, 2020, 4:30 p.m. ET",0.028005406260490417,0.08130818605422974,0.8906863927841187,-0.05330277979373932,Media,2020-Q3,32,44,0.4155844155844156
DIS,2020-Q3,"Aug 04, 2020, 4:30 p.m. ET",0.028005406260490417,0.08130818605422974,0.8906863927841187,-0.05330277979373932,Media,2020-Q3,32,44,0.4155844155844156
DIS,2020-Q3,"Aug 04, 2020, 4:30 p.m. ET",0.028005406260490417,0.08130818605422974,0.8906863927841187,-0.05330277979373932,Media,2020-Q3,32,44,0.4155844155844156
DIS,2020-Q3,"Aug 04, 2020, 4:30 p.m. ET",0.028005406260490417,0.08130818605422974,0.8906863927841187,-0.05330277979373932,Media,2020-Q3,32,44,0.4155844155844156
DIS,2020-Q3,"Aug 04, 2020, 4:30 p.m. ET",0.028005406260490417,0.08130818605422974,0.8906863927841187,-0.05330277979373932,Media,2020-Q3,32,44,0.4155844155844156
DIS,2020-Q3,"Aug 04, 2020, 4:30 p.m. ET",0.028005406260490417,0.08130818605422974,0.8906863927841187,-0.05330277979373932,Media,2020-Q3,32,44,0.4155844155844156
DIS,2020-Q3,"Aug 04, 2020, 4:30 p.m. ET",0.028005406260490417,0.08130818605422974,0.8906863927841187,-0.05330277979373932,Media,2020-Q3,32,44,0.4155844155844156
DIS,2020-Q3,"Aug 04, 2020, 4:30 p.m. ET",0.028005406260490417,0.08130818605422974,0.8906863927841187,-0.05330277979373932,Media,2020-Q3,32,44,0.4155844155844156
DIS,2020-Q3,"Aug 04, 2020, 4:30 p.m. ET",0.028005406260490417,0.08130818605422974,0.8906863927841187,-0.05330277979373932,Media,2020-Q3,32,44,0.4155844155844156
DIS,2020-Q3,"Aug 04, 2020, 4:30 p.m. ET",0.028005406260490417,0.08130818605422974,0.8906863927841187,-0.05330277979373932,Media,2020-Q3,32,44,0.4155844155844156
JNJ,2019-Q2,"Jul 16, 2019, 8:30 a.m. ET",0.06202002614736557,0.016287170350551605,0.9216927886009216,0.045732855796813965,Healthcare,2019-Q2,41,213,0.1607843137254902
MRNA,2021-Q1,"May 06, 2021, 8:00 a.m. ET",0.14075466990470886,0.011109570972621441,0.848135769367218,0.12964509893208742,Healthcare,2021-Q1,35,25,0.5737704918032787
MRNA,2021-Q1,"May 06, 2021, 8:00 a.m. ET",0.14075466990470886,0.011109570972621441,0.848135769367218,0.12964509893208742,Healthcare,2021-Q1,35,25,0.5737704918032787
MRNA,2021-Q1,"May 06, 2021, 8:00 a.m. ET",0.14075466990470886,0.011109570972621441,0.848135769367218,0.12964509893208742,Healthcare,2021-Q1,35,25,0.5737704918032787
MRNA,2021-Q1,"May 06, 2021, 8:00 a.m. ET",0.14075466990470886,0.011109570972621441,0.848135769367218,0.12964509893208742,Healthcare,2021-Q1,35,25,0.5737704918032787
MRNA,2021-Q1,"May 06, 2021, 8:00 a.m. ET",0.14075466990470886,0.011109570972621441,0.848135769367218,0.12964509893208742,Healthcare,2021-Q1,35,25,0.5737704918032787
MRNA,2021-Q1,"May 06, 2021, 8:00 a.m. ET",0.14075466990470886,0.011109570972621441,0.848135769367218,0.12964509893208742,Healthcare,2021-Q1,35,25,0.5737704918032787
MRNA,2021-Q1,"May 06, 2021, 8:00 a.m. ET",0.14075466990470886,0.011109570972621441,0.848135769367218,0.12964509893208742,Healthcare,2021-Q1,35,25,0.5737704918032787
MRNA,2021-Q1,"May 06, 2021, 8:00 a.m. ET",0.14075466990470886,0.011109570972621441,0.848135769367218,0.12964509893208742,Healthcare,2021-Q1,35,25,0.5737704918032787
DIS,2020-Q3,"Aug 04, 2020, 4:30 p.m. ET",0.028005406260490417,0.08130818605422974,0.8906863927841187,-0.05330277979373932,Media,2020-Q3,32,44,0.4155844155844156
DIS,2020-Q3,"Aug 04, 2020, 4:30 p.m. ET",0.028005406260490417,0.08130818605422974,0.8906863927841187,-0.05330277979373932,Media,2020-Q3,32,44,0.4155844155844156
DIS,2020-Q3,"Aug 04, 2020, 4:30 p.m. ET",0.028005406260490417,0.08130818605422974,0.8906863927841187,-0.05330277979373932,Media,2020-Q3,32,44,0.4155844155844156
DIS,2020-Q3,"Aug 04, 2020, 4:30 p.m. ET",0.028005406260490417,0.08130818605422974,0.8906863927841187,-0.05330277979373932,Media,2020-Q3,32,44,0.4155844155844156
DIS,2020-Q3,"Aug 04, 2020, 4:30 p.m. ET",0.028005406260490417,0.08130818605422974,0.8906863927841187,-0.05330277979373932,Media,2020-Q3,32,44,0.4155844155844156
DIS,2020-Q3,"Aug 04, 2020, 4:30 p.m. ET",0.028005406260490417,0.08130818605422974,0.8906863927841187,-0.05330277979373932,Media,2020-Q3,32,44,0.4155844155844156
DIS,2020-Q3,"Aug 04, 2020, 4:30 p.m. ET",0.028005406260490417,0.08130818605422974,0.8906863927841187,-0.05330277979373932,Media,2020-Q3,32,44,0.4155844155844156
DIS,2020-Q3,"Aug 04, 2020, 4:30 p.m. ET",0.028005406260490417,0.08130818605422974,0.8906863927841187,-0.05330277979373932,Media,2020-Q3,32,44,0.4155844155844156
DIS,2020-Q3,"Aug 04, 2020, 4:30 p.m. ET",0.028005406260490417,0.08130818605422974,0.8906863927841187,-0.05330277979373932,Media,2020-Q3,32,44,0.4155844155844156
DIS,2020-Q3,"Aug 04, 2020, 4:30 p.m. ET",0.028005406260490417,0.08130818605422974,0.8906863927841187,-0.05330277979373932,Media,2020-Q3,32,44,0.4155844155844156
DIS,2020-Q3,"Aug 04, 2020, 4:30 p.m. ET",0.028005406260490417,0.08130818605422974,0.8906863927841187,-0.05330277979373932,Media,2020-Q3,32,44,0.4155844155844156
DIS,2020-Q3,"Aug 04, 2020, 4:30 p.m. ET",0.028005406260490417,0.08130818605422974,0.8906863927841187,-0.05330277979373932,Media,2020-Q3,32,44,0.4155844155844156
DIS,2020-Q3,"Aug 04, 2020, 4:30 p.m. ET",0.028005406260490417,0.08130818605422974,0.8906863927841187,-0.05330277979373932,Media,2020-Q3,32,44,0.4155844155844156
DIS,2020-Q3,"Aug 04, 2020, 4:30 p.m. ET",0.028005406260490417,0.08130818605422974,0.8906863927841187,-0.05330277979373932,Media,2020-Q3,32,44,0.4155844155844156
DIS,2020-Q3,"Aug 04, 2020, 4:30 p.m. ET",0.028005406260490417,0.08130818605422974,0.8906863927841187,-0.05330277979373932,Media,2020-Q3,32,44,0.4155844155844156
DIS,2020-Q3,"Aug 04, 2020, 4:30 p.m. ET",0.028005406260490417,0.08130818605422974,0.8906863927841187,-0.05330277979373932,Media,2020-Q3,32,44,0.4155844155844156
DIS,2020-Q3,"Aug 04, 2020, 4:30 p.m. ET",0.028005406260490417,0.08130818605422974,0.8906863927841187,-0.05330277979373932,Media,2020-Q3,32,44,0.4155844155844156
DIS,2020-Q3,"Aug 04, 2020, 4:30 p.m. ET",0.028005406260490417,0.08130818605422974,0.8906863927841187,-0.05330277979373932,Media,2020-Q3,32,44,0.4155844155844156
DIS,2020-Q3,"Aug 04, 2020, 4:30 p.m. ET",0.028005406260490417,0.08130818605422974,0.8906863927841187,-0.05330277979373932,Media,2020-Q3,32,44,0.4155844155844156
DIS,2020-Q3,"Aug 04, 2020, 4:30 p.m. ET",0.028005406260490417,0.08130818605422974,0.8906863927841187,-0.05330277979373932,Media,2020-Q3,32,44,0.4155844155844156
DIS,2020-Q3,"Aug 04, 2020, 4:30 p.m. ET",0.028005406260490417,0.08130818605422974,0.8906863927841187,-0.05330277979373932,Media,2020-Q3,32,44,0.4155844155844156
DIS,2020-Q3,"Aug 04, 2020, 4:30 p.m. ET",0.028005406260490417,0.08130818605422974,0.8906863927841187,-0.05330277979373932,Media,2020-Q3,32,44,0.4155844155844156
DIS,2020-Q3,"Aug 04, 2020, 4:30 p.m. ET",0.028005406260490417,0.08130818605422974,0.8906863927841187,-0.05330277979373932,Media,2020-Q3,32,44,0.4155844155844156
DIS,2020-Q3,"Aug 04, 2020, 4:30 p.m. ET",0.028005406260490417,0.08130818605422974,0.8906863927841187,-0.05330277979373932,Media,2020-Q3,32,44,0.4155844155844156
DIS,2020-Q3,"Aug 04, 2020, 4:30 p.m. ET",0.028005406260490417,0.08130818605422974,0.8906863927841187,-0.05330277979373932,Media,2020-Q3,32,44,0.4155844155844156
DIS,2020-Q3,"Aug 04, 2020, 4:30 p.m. ET",0.028005406260490417,0.08130818605422974,0.8906863927841187,-0.05330277979373932,Media,2020-Q3,32,44,0.4155844155844156
DIS,2020-Q3,"Aug 04, 2020, 4:30 p.m. ET",0.028005406260490417,0.08130818605422974,0.8906863927841187,-0.05330277979373932,Media,2020-Q3,32,44,0.4155844155844156
DIS,2020-Q3,"Aug 04, 2020, 4:30 p.m. ET",0.028005406260490417,0.08130818605422974,0.8906863927841187,-0.05330277979373932,Media,2020-Q3,32,44,0.4155844155844156
DIS,2020-Q3,"Aug 04, 2020, 4:30 p.m. ET",0.028005406260490417,0.08130818605422974,0.8906863927841187,-0.05330277979373932,Media,2020-Q3,32,44,0.4155844155844156
DIS,2020-Q3,"Aug 04, 2020, 4:30 p.m. ET",0.028005406260490417,0.08130818605422974,0.8906863927841187,-0.05330277979373932,Media,2020-Q3,32,44,0.4155844155844156
DIS,2020-Q3,"Aug 04, 2020, 4:30 p.m. ET",0.028005406260490417,0.08130818605422974,0.8906863927841187,-0.05330277979373932,Media,2020-Q3,32,44,0.4155844155844156
DIS,2020-Q3,"Aug 04, 2020, 4:30 p.m. ET",0.028005406260490417,0.08130818605422974,0.8906863927841187,-0.05330277979373932,Media,2020-Q3,32,44,0.4155844155844156
DIS,2020-Q3,"Aug 04, 2020, 4:30 p.m. ET",0.028005406260490417,0.08130818605422974,0.8906863927841187,-0.05330277979373932,Media,2020-Q3,32,44,0.4155844155844156
DIS,2020-Q3,"Aug 04, 2020, 4:30 p.m. ET",0.028005406260490417,0.08130818605422974,0.8906863927841187,-0.05330277979373932,Media,2020-Q3,32,44,0.4155844155844156
DIS,2020-Q3,"Aug 04, 2020, 4:30 p.m. ET",0.028005406260490417,0.08130818605422974,0.8906863927841187,-0.05330277979373932,Media,2020-Q3,32,44,0.4155844155844156
DIS,2020-Q3,"Aug 04, 2020, 4:30 p.m. ET",0.028005406260490417,0.08130818605422974,0.8906863927841187,-0.05330277979373932,Media,2020-Q3,32,44,0.4155844155844156
DIS,2020-Q3,"Aug 04, 2020, 4:30 p.m. ET",0.028005406260490417,0.08130818605422974,0.8906863927841187,-0.05330277979373932,Media,2020-Q3,32,44,0.4155844155844156
DIS,2020-Q3,"Aug 04, 2020, 4:30 p.m. ET",0.028005406260490417,0.08130818605422974,0.8906863927841187,-0.05330277979373932,Media,2020-Q3,32,44,0.4155844155844156
DIS,2020-Q3,"Aug 04, 2020, 4:30 p.m. ET",0.028005406260490417,0.08130818605422974,0.8906863927841187,-0.05330277979373932,Media,2020-Q3,32,44,0.4155844155844156
DIS,2020-Q3,"Aug 04, 2020, 4:30 p.m. ET",0.028005406260490417,0.08130818605422974,0.8906863927841187,-0.05330277979373932,Media,2020-Q3,32,44,0.4155844155844156
DIS,2020-Q3,"Aug 04, 2020, 4:30 p.m. ET",0.028005406260490417,0.08130818605422974,0.8906863927841187,-0.05330277979373932,Media,2020-Q3,32,44,0.4155844155844156
DIS,2020-Q3,"Aug 04, 2020, 4:30 p.m. ET",0.028005406260490417,0.08130818605422974,0.8906863927841187,-0.05330277979373932,Media,2020-Q3,32,44,0.4155844155844156
DIS,2020-Q3,"Aug 04, 2020, 4:30 p.m. ET",0.028005406260490417,0.08130818605422974,0.8906863927841187,-0.05330277979373932,Media,2020-Q3,32,44,0.4155844155844156
DIS,2020-Q3,"Aug 04, 2020, 4:30 p.m. ET",0.028005406260490417,0.08130818605422974,0.8906863927841187,-0.05330277979373932,Media,2020-Q3,32,44,0.4155844155844156
DIS,2020-Q3,"Aug 04, 2020, 4:30 p.m. ET",0.028005406260490417,0.08130818605422974,0.8906863927841187,-0.05330277979373932,Media,2020-Q3,32,44,0.4155844155844156
DIS,2020-Q3,"Aug 04, 2020, 4:30 p.m. ET",0.028005406260490417,0.08130818605422974,0.8906863927841187,-0.05330277979373932,Media,2020-Q3,32,44,0.4155844155844156
DIS,2020-Q3,"Aug 04, 2020, 4:30 p.m. ET",0.028005406260490417,0.08130818605422974,0.8906863927841187,-0.05330277979373932,Media,2020-Q3,32,44,0.4155844155844156
DIS,2020-Q3,"Aug 04, 2020, 4:30 p.m. ET",0.028005406260490417,0.08130818605422974,0.8906863927841187,-0.05330277979373932,Media,2020-Q3,32,44,0.4155844155844156
DIS,2020-Q3,"Aug 04, 2020, 4:30 p.m. ET",0.028005406260490417,0.08130818605422974,0.8906863927841187,-0.05330277979373932,Media,2020-Q3,32,44,0.4155844155844156
DIS,2020-Q3,"Aug 04, 2020, 4:30 p.m. ET",0.028005406260490417,0.08130818605422974,0.8906863927841187,-0.05330277979373932,Media,2020-Q3,32,44,0.4155844155844156
DIS,2020-Q2,"May 5, 2020, 4:30 p.m. ET",0.07813869416713715,0.014558280818164349,0.9073030352592468,0.0635804133489728,Media,2020-Q2,32,35,0.47058823529411764
AAPL,2020-Q1,"Jan 28, 2020, 5:00 p.m. ET",0.44424036145210266,0.011321954429149628,0.5444376468658447,0.43291840702295303,Tech,2020-Q1,18,103,0.14754098360655737
AAPL,2020-Q1,"Jan 28, 2020, 5:00 p.m. ET",0.44424036145210266,0.011321954429149628,0.5444376468658447,0.43291840702295303,Tech,2020-Q1,18,103,0.14754098360655737
AAPL,2020-Q1,"Jan 28, 2020, 5:00 p.m. ET",0.44424036145210266,0.011321954429149628,0.5444376468658447,0.43291840702295303,Tech,2020-Q1,18,103,0.14754098360655737
AAPL,2020-Q1,"Jan 28, 2020, 5:00 p.m. ET",0.44424036145210266,0.011321954429149628,0.5444376468658447,0.43291840702295303,Tech,2020-Q1,18,103,0.14754098360655737
AAPL,2020-Q1,"Jan 28, 2020, 5:00 p.m. ET",0.44424036145210266,0.011321954429149628,0.5444376468658447,0.43291840702295303,Tech,2020-Q1,18,103,0.14754098360655737
AAPL,2020-Q1,"Jan 28, 2020, 5:00 p.m. ET",0.44424036145210266,0.011321954429149628,0.5444376468658447,0.43291840702295303,Tech,2020-Q1,18,103,0.14754098360655737
AAPL,2020-Q1,"Jan 28, 2020, 5:00 p.m. ET",0.44424036145210266,0.011321954429149628,0.5444376468658447,0.43291840702295303,Tech,2020-Q1,18,103,0.14754098360655737
AAPL,2020-Q1,"Jan 28, 2020, 5:00 p.m. ET",0.44424036145210266,0.011321954429149628,0.5444376468658447,0.43291840702295303,Tech,2020-Q1,18,103,0.14754098360655737
AAPL,2020-Q1,"Jan 28, 2020, 5:00 p.m. ET",0.44424036145210266,0.011321954429149628,0.5444376468658447,0.43291840702295303,Tech,2020-Q1,18,103,0.14754098360655737
AAPL,2020-Q1,"Jan 28, 2020, 5:00 p.m. ET",0.44424036145210266,0.011321954429149628,0.5444376468658447,0.43291840702295303,Tech,2020-Q1,18,103,0.14754098360655737
AAPL,2020-Q1,"Jan 28, 2020, 5:00 p.m. ET",0.44424036145210266,0.011321954429149628,0.5444376468658447,0.43291840702295303,Tech,2020-Q1,18,103,0.14754098360655737
AAPL,2020-Q1,"Jan 28, 2020, 5:00 p.m. ET",0.44424036145210266,0.011321954429149628,0.5444376468658447,0.43291840702295303,Tech,2020-Q1,18,103,0.14754098360655737
AAPL,2020-Q1,"Jan 28, 2020, 5:00 p.m. ET",0.44424036145210266,0.011321954429149628,0.5444376468658447,0.43291840702295303,Tech,2020-Q1,18,103,0.14754098360655737
AAPL,2020-Q1,"Jan 28, 2020, 5:00 p.m. ET",0.44424036145210266,0.011321954429149628,0.5444376468658447,0.43291840702295303,Tech,2020-Q1,18,103,0.14754098360655737
AAPL,2020-Q1,"Jan 28, 2020, 5:00 p.m. ET",0.44424036145210266,0.011321954429149628,0.5444376468658447,0.43291840702295303,Tech,2020-Q1,18,103,0.14754098360655737
AAPL,2020-Q1,"Jan 28, 2020, 5:00 p.m. ET",0.44424036145210266,0.011321954429149628,0.5444376468658447,0.43291840702295303,Tech,2020-Q1,18,103,0.14754098360655737
AAPL,2020-Q1,"Jan 28, 2020, 5:00 p.m. ET",0.44424036145210266,0.011321954429149628,0.5444376468658447,0.43291840702295303,Tech,2020-Q1,18,103,0.14754098360655737
AAPL,2020-Q1,"Jan 28, 2020, 5:00 p.m. ET",0.44424036145210266,0.011321954429149628,0.5444376468658447,0.43291840702295303,Tech,2020-Q1,18,103,0.14754098360655737
AAPL,2020-Q1,"Jan 28, 2020, 5:00 p.m. ET",0.44424036145210266,0.011321954429149628,0.5444376468658447,0.43291840702295303,Tech,2020-Q1,18,103,0.14754098360655737
AAPL,2020-Q1,"Jan 28, 2020, 5:00 p.m. ET",0.44424036145210266,0.011321954429149628,0.5444376468658447,0.43291840702295303,Tech,2020-Q1,18,103,0.14754098360655737
AAPL,2020-Q1,"Jan 28, 2020, 5:00 p.m. ET",0.44424036145210266,0.011321954429149628,0.5444376468658447,0.43291840702295303,Tech,2020-Q1,18,103,0.14754098360655737
AMZN,2020-Q2,"Jul 30, 2020, 5:30 p.m. ET",0.09640108048915863,0.015877222642302513,0.8877217173576355,0.08052385784685612,Tech,2020-Q2,11,54,0.16666666666666666
AMZN,2020-Q2,"Jul 30, 2020, 5:30 p.m. ET",0.09640108048915863,0.015877222642302513,0.8877217173576355,0.08052385784685612,Tech,2020-Q2,11,54,0.16666666666666666
AMZN,2020-Q2,"Jul 30, 2020, 5:30 p.m. ET",0.09640108048915863,0.015877222642302513,0.8877217173576355,0.08052385784685612,Tech,2020-Q2,11,54,0.16666666666666666
AMZN,2020-Q2,"Jul 30, 2020, 5:30 p.m. ET",0.09640108048915863,0.015877222642302513,0.8877217173576355,0.08052385784685612,Tech,2020-Q2,11,54,0.16666666666666666
AMZN,2020-Q2,"Jul 30, 2020, 5:30 p.m. ET",0.09640108048915863,0.015877222642302513,0.8877217173576355,0.08052385784685612,Tech,2020-Q2,11,54,0.16666666666666666
AMZN,2020-Q2,"Jul 30, 2020, 5:30 p.m. ET",0.09640108048915863,0.015877222642302513,0.8877217173576355,0.08052385784685612,Tech,2020-Q2,11,54,0.16666666666666666
AMZN,2020-Q2,"Jul 30, 2020, 5:30 p.m. ET",0.09640108048915863,0.015877222642302513,0.8877217173576355,0.08052385784685612,Tech,2020-Q2,11,54,0.16666666666666666
AMZN,2020-Q2,"Jul 30, 2020, 5:30 p.m. ET",0.09640108048915863,0.015877222642302513,0.8877217173576355,0.08052385784685612,Tech,2020-Q2,11,54,0.16666666666666666
AMZN,2020-Q2,"Jul 30, 2020, 5:30 p.m. ET",0.09640108048915863,0.015877222642302513,0.8877217173576355,0.08052385784685612,Tech,2020-Q2,11,54,0.16666666666666666
AMZN,2020-Q2,"Jul 30, 2020, 5:30 p.m. ET",0.09640108048915863,0.015877222642302513,0.8877217173576355,0.08052385784685612,Tech,2020-Q2,11,54,0.16666666666666666
AMZN,2020-Q2,"Jul 30, 2020, 5:30 p.m. ET",0.09640108048915863,0.015877222642302513,0.8877217173576355,0.08052385784685612,Tech,2020-Q2,11,54,0.16666666666666666
AMZN,2020-Q2,"Jul 30, 2020, 5:30 p.m. ET",0.09640108048915863,0.015877222642302513,0.8877217173576355,0.08052385784685612,Tech,2020-Q2,11,54,0.16666666666666666
AMZN,2020-Q2,"Jul 30, 2020, 5:30 p.m. ET",0.09640108048915863,0.015877222642302513,0.8877217173576355,0.08052385784685612,Tech,2020-Q2,11,54,0.16666666666666666
AMZN,2020-Q2,"Jul 30, 2020, 5:30 p.m. ET",0.09640108048915863,0.015877222642302513,0.8877217173576355,0.08052385784685612,Tech,2020-Q2,11,54,0.16666666666666666
AMZN,2020-Q2,"Jul 30, 2020, 5:30 p.m. ET",0.09640108048915863,0.015877222642302513,0.8877217173576355,0.08052385784685612,Tech,2020-Q2,11,54,0.16666666666666666
AMZN,2020-Q2,"Jul 30, 2020, 5:30 p.m. ET",0.09640108048915863,0.015877222642302513,0.8877217173576355,0.08052385784685612,Tech,2020-Q2,11,54,0.16666666666666666
AMZN,2020-Q2,"Jul 30, 2020, 5:30 p.m. ET",0.09640108048915863,0.015877222642302513,0.8877217173576355,0.08052385784685612,Tech,2020-Q2,11,54,0.16666666666666666
AMZN,2020-Q2,"Jul 30, 2020, 5:30 p.m. ET",0.09640108048915863,0.015877222642302513,0.8877217173576355,0.08052385784685612,Tech,2020-Q2,11,54,0.16666666666666666
AMZN,2020-Q2,"Jul 30, 2020, 5:30 p.m. ET",0.09640108048915863,0.015877222642302513,0.8877217173576355,0.08052385784685612,Tech,2020-Q2,11,54,0.16666666666666666
AMZN,2020-Q2,"Jul 30, 2020, 5:30 p.m. ET",0.09640108048915863,0.015877222642302513,0.8877217173576355,0.08052385784685612,Tech,2020-Q2,11,54,0.16666666666666666
AMZN,2020-Q2,"Jul 30, 2020, 5:30 p.m. ET",0.09640108048915863,0.015877222642302513,0.8877217173576355,0.08052385784685612,Tech,2020-Q2,11,54,0.16666666666666666
AMZN,2020-Q2,"Jul 30, 2020, 5:30 p.m. ET",0.09640108048915863,0.015877222642302513,0.8877217173576355,0.08052385784685612,Tech,2020-Q2,11,54,0.16666666666666666
AMZN,2020-Q2,"Jul 30, 2020, 5:30 p.m. ET",0.09640108048915863,0.015877222642302513,0.8877217173576355,0.08052385784685612,Tech,2020-Q2,11,54,0.16666666666666666
AMZN,2020-Q2,"Jul 30, 2020, 5:30 p.m. ET",0.09640108048915863,0.015877222642302513,0.8877217173576355,0.08052385784685612,Tech,2020-Q2,11,54,0.16666666666666666
AMZN,2020-Q2,"Jul 30, 2020, 5:30 p.m. ET",0.09640108048915863,0.015877222642302513,0.8877217173576355,0.08052385784685612,Tech,2020-Q2,11,54,0.16666666666666666
AMD,2021-Q1,"Apr 27, 2021, 5:00 p.m. ET",0.44374319911003113,0.016776055097579956,0.5394807457923889,0.42696714401245117,Tech,2021-Q1,7,120,0.0546875
AMD,2021-Q1,"Apr 27, 2021, 5:00 p.m. ET",0.44374319911003113,0.016776055097579956,0.5394807457923889,0.42696714401245117,Tech,2021-Q1,7,120,0.0546875
DIS,2020-Q3,"Aug 04, 2020, 4:30 p.m. ET",0.028005406260490417,0.08130818605422974,0.8906863927841187,-0.05330277979373932,Media,2020-Q3,32,44,0.4155844155844156
DIS,2020-Q3,"Aug 04, 2020, 4:30 p.m. ET",0.028005406260490417,0.08130818605422974,0.8906863927841187,-0.05330277979373932,Media,2020-Q3,32,44,0.4155844155844156
DIS,2020-Q3,"Aug 04, 2020, 4:30 p.m. ET",0.028005406260490417,0.08130818605422974,0.8906863927841187,-0.05330277979373932,Media,2020-Q3,32,44,0.4155844155844156
DIS,2020-Q3,"Aug 04, 2020, 4:30 p.m. ET",0.028005406260490417,0.08130818605422974,0.8906863927841187,-0.05330277979373932,Media,2020-Q3,32,44,0.4155844155844156
DIS,2020-Q3,"Aug 04, 2020, 4:30 p.m. ET",0.028005406260490417,0.08130818605422974,0.8906863927841187,-0.05330277979373932,Media,2020-Q3,32,44,0.4155844155844156
DIS,2020-Q3,"Aug 04, 2020, 4:30 p.m. ET",0.028005406260490417,0.08130818605422974,0.8906863927841187,-0.05330277979373932,Media,2020-Q3,32,44,0.4155844155844156
DIS,2020-Q3,"Aug 04, 2020, 4:30 p.m. ET",0.028005406260490417,0.08130818605422974,0.8906863927841187,-0.05330277979373932,Media,2020-Q3,32,44,0.4155844155844156
DIS,2020-Q3,"Aug 04, 2020, 4:30 p.m. ET",0.028005406260490417,0.08130818605422974,0.8906863927841187,-0.05330277979373932,Media,2020-Q3,32,44,0.4155844155844156
DIS,2020-Q3,"Aug 04, 2020, 4:30 p.m. ET",0.028005406260490417,0.08130818605422974,0.8906863927841187,-0.05330277979373932,Media,2020-Q3,32,44,0.4155844155844156
DIS,2020-Q3,"Aug 04, 2020, 4:30 p.m. ET",0.028005406260490417,0.08130818605422974,0.8906863927841187,-0.05330277979373932,Media,2020-Q3,32,44,0.4155844155844156
DIS,2020-Q3,"Aug 04, 2020, 4:30 p.m. ET",0.028005406260490417,0.08130818605422974,0.8906863927841187,-0.05330277979373932,Media,2020-Q3,32,44,0.4155844155844156
DIS,2020-Q3,"Aug 04, 2020, 4:30 p.m. ET",0.028005406260490417,0.08130818605422974,0.8906863927841187,-0.05330277979373932,Media,2020-Q3,32,44,0.4155844155844156
DIS,2020-Q3,"Aug 04, 2020, 4:30 p.m. ET",0.028005406260490417,0.08130818605422974,0.8906863927841187,-0.05330277979373932,Media,2020-Q3,32,44,0.4155844155844156
DIS,2020-Q3,"Aug 04, 2020, 4:30 p.m. ET",0.028005406260490417,0.08130818605422974,0.8906863927841187,-0.05330277979373932,Media,2020-Q3,32,44,0.4155844155844156
DIS,2020-Q3,"Aug 04, 2020, 4:30 p.m. ET",0.028005406260490417,0.08130818605422974,0.8906863927841187,-0.05330277979373932,Media,2020-Q3,32,44,0.4155844155844156
DIS,2020-Q3,"Aug 04, 2020, 4:30 p.m. ET",0.028005406260490417,0.08130818605422974,0.8906863927841187,-0.05330277979373932,Media,2020-Q3,32,44,0.4155844155844156
DIS,2020-Q3,"Aug 04, 2020, 4:30 p.m. ET",0.028005406260490417,0.08130818605422974,0.8906863927841187,-0.05330277979373932,Media,2020-Q3,32,44,0.4155844155844156
DIS,2020-Q3,"Aug 04, 2020, 4:30 p.m. ET",0.028005406260490417,0.08130818605422974,0.8906863927841187,-0.05330277979373932,Media,2020-Q3,32,44,0.4155844155844156
DIS,2020-Q3,"Aug 04, 2020, 4:30 p.m. ET",0.028005406260490417,0.08130818605422974,0.8906863927841187,-0.05330277979373932,Media,2020-Q3,32,44,0.4155844155844156
DIS,2020-Q3,"Aug 04, 2020, 4:30 p.m. ET",0.028005406260490417,0.08130818605422974,0.8906863927841187,-0.05330277979373932,Media,2020-Q3,32,44,0.4155844155844156
DIS,2020-Q3,"Aug 04, 2020, 4:30 p.m. ET",0.028005406260490417,0.08130818605422974,0.8906863927841187,-0.05330277979373932,Media,2020-Q3,32,44,0.4155844155844156
DIS,2020-Q3,"Aug 04, 2020, 4:30 p.m. ET",0.028005406260490417,0.08130818605422974,0.8906863927841187,-0.05330277979373932,Media,2020-Q3,32,44,0.4155844155844156
DIS,2020-Q3,"Aug 04, 2020, 4:30 p.m. ET",0.028005406260490417,0.08130818605422974,0.8906863927841187,-0.05330277979373932,Media,2020-Q3,32,44,0.4155844155844156
DIS,2020-Q3,"Aug 04, 2020, 4:30 p.m. ET",0.028005406260490417,0.08130818605422974,0.8906863927841187,-0.05330277979373932,Media,2020-Q3,32,44,0.4155844155844156
DIS,2020-Q3,"Aug 04, 2020, 4:30 p.m. ET",0.028005406260490417,0.08130818605422974,0.8906863927841187,-0.05330277979373932,Media,2020-Q3,32,44,0.4155844155844156
GOOGL,2022-Q2,"Jul 26, 2022, 5:00 p.m. ET",0.23018354177474976,0.010762072168290615,0.75905442237854,0.21942146960645914,Tech,2022-Q2,43,80,0.3467741935483871
MSFT,2021-Q2,"Jan 26, 2021, 5:30 p.m. ET",0.07782077044248581,0.021157080307602882,0.9010221362113953,0.05666369013488293,Tech,2021-Q2,7,133,0.04964539007092199
MSFT,2021-Q2,"Jan 26, 2021, 5:30 p.m. ET",0.07782077044248581,0.021157080307602882,0.9010221362113953,0.05666369013488293,Tech,2021-Q2,7,133,0.04964539007092199
BAC,2022-Q1,"Apr 18, 2022, 8:30 a.m. ET",0.13819827139377594,0.12328123301267624,0.7385205030441284,0.014917038381099701,Finance,2022-Q1,74,147,0.3333333333333333
INTC,2020-Q2,"Jul 23, 2020, 5:00 p.m. ET",0.06772421300411224,0.014910752885043621,0.9173650741577148,0.05281346011906862,Tech,2020-Q2,23,66,0.25555555555555554
INTC,2020-Q2,"Jul 23, 2020, 5:00 p.m. ET",0.06772421300411224,0.014910752885043621,0.9173650741577148,0.05281346011906862,Tech,2020-Q2,23,66,0.25555555555555554
INTC,2020-Q2,"Jul 23, 2020, 5:00 p.m. ET",0.06772421300411224,0.014910752885043621,0.9173650741577148,0.05281346011906862,Tech,2020-Q2,23,66,0.25555555555555554
INTC,2020-Q2,"Jul 23, 2020, 5:00 p.m. ET",0.06772421300411224,0.014910752885043621,0.9173650741577148,0.05281346011906862,Tech,2020-Q2,23,66,0.25555555555555554
INTC,2020-Q2,"Jul 23, 2020, 5:00 p.m. ET",0.06772421300411224,0.014910752885043621,0.9173650741577148,0.05281346011906862,Tech,2020-Q2,23,66,0.25555555555555554
INTC,2021-Q1,"Apr 22, 2021, 5:00 p.m. ET",0.5596358776092529,0.01037918496876955,0.429984986782074,0.5492566926404834,Tech,2021-Q1,22,76,0.2222222222222222
TSLA,2020-Q4,"Jan 27, 2021, 6:30 p.m. ET",0.07960684597492218,0.017979586496949196,0.902413547039032,0.061627259477972984,Auto,2020-Q4,14,42,0.24561403508771928
TSLA,2020-Q4,"Jan 27, 2021, 6:30 p.m. ET",0.07960684597492218,0.017979586496949196,0.902413547039032,0.061627259477972984,Auto,2020-Q4,14,42,0.24561403508771928
F,2018-Q3,"['Ford Motor Co\xa0 (F 2.27%)Q3\xa02018 ', 'Oct. 24, 2018, 5:30 p.m. ET']",0.043185241520404816,0.02629115805029869,0.9305236339569092,0.016894083470106125,Auto,2018-Q3,41,51,0.44086021505376344
GOOGL,2020-Q4,"Feb 2, 2021, 5:00 p.m. ET",0.16166003048419952,0.011462821625173092,0.8268771767616272,0.15019720885902643,Tech,2020-Q4,19,75,0.2
GOOGL,2020-Q4,"Feb 2, 2021, 5:00 p.m. ET",0.16166003048419952,0.011462821625173092,0.8268771767616272,0.15019720885902643,Tech,2020-Q4,19,75,0.2
GOOGL,2020-Q4,"Feb 2, 2021, 5:00 p.m. ET",0.16166003048419952,0.011462821625173092,0.8268771767616272,0.15019720885902643,Tech,2020-Q4,19,75,0.2
GOOGL,2020-Q4,"Feb 2, 2021, 5:00 p.m. ET",0.16166003048419952,0.011462821625173092,0.8268771767616272,0.15019720885902643,Tech,2020-Q4,19,75,0.2
GOOGL,2020-Q4,"Feb 2, 2021, 5:00 p.m. ET",0.16166003048419952,0.011462821625173092,0.8268771767616272,0.15019720885902643,Tech,2020-Q4,19,75,0.2
GOOGL,2020-Q4,"Feb 2, 2021, 5:00 p.m. ET",0.16166003048419952,0.011462821625173092,0.8268771767616272,0.15019720885902643,Tech,2020-Q4,19,75,0.2
GOOGL,2020-Q4,"Feb 2, 2021, 5:00 p.m. ET",0.16166003048419952,0.011462821625173092,0.8268771767616272,0.15019720885902643,Tech,2020-Q4,19,75,0.2
GOOGL,2020-Q4,"Feb 2, 2021, 5:00 p.m. ET",0.16166003048419952,0.011462821625173092,0.8268771767616272,0.15019720885902643,Tech,2020-Q4,19,75,0.2
GOOGL,2020-Q4,"Feb 2, 2021, 5:00 p.m. ET",0.16166003048419952,0.011462821625173092,0.8268771767616272,0.15019720885902643,Tech,2020-Q4,19,75,0.2
GOOGL,2020-Q4,"Feb 2, 2021, 5:00 p.m. ET",0.16166003048419952,0.011462821625173092,0.8268771767616272,0.15019720885902643,Tech,2020-Q4,19,75,0.2
TSLA,2022-Q2,"Jul 20, 2022, 5:30 p.m. ET",0.8838866949081421,0.028279583901166916,0.08783367276191711,0.8556071110069752,Auto,2022-Q2,59,38,0.6020408163265306
TSLA,2022-Q2,"Jul 20, 2022, 5:30 p.m. ET",0.8838866949081421,0.028279583901166916,0.08783367276191711,0.8556071110069752,Auto,2022-Q2,59,38,0.6020408163265306
TSLA,2019-Q4,"Jan 29, 2020, 6:30 p.m. ET",0.40281766653060913,0.008679074235260487,0.5885032415390015,0.39413859229534864,Auto,2019-Q4,11,48,0.18333333333333332
TSLA,2019-Q4,"Jan 29, 2020, 6:30 p.m. ET",0.40281766653060913,0.008679074235260487,0.5885032415390015,0.39413859229534864,Auto,2019-Q4,11,48,0.18333333333333332
GOOGL,2020-Q3,"Oct 29, 2020, 4:30 p.m. ET",0.13463278114795685,0.014538844116032124,0.8508284091949463,0.12009393703192472,Tech,2020-Q3,11,68,0.1375
BAC,2020-Q4,"Jan 19, 2021, 8:30 a.m. ET",0.0667143166065216,0.045751746743917465,0.887533962726593,0.02096256986260414,Finance,2020-Q4,86,93,0.4777777777777778
AAPL,2021-Q1,"Jan 27, 2021, 5:00 p.m. ET",0.24899128079414368,0.07114308327436447,0.6798656582832336,0.1778481975197792,Tech,2021-Q1,26,117,0.18055555555555555
AAPL,2020-Q2,"Apr 30, 2020, 5:00 p.m. ET",0.2375384420156479,0.012087523937225342,0.7503740191459656,0.22545091807842255,Tech,2020-Q2,33,61,0.3473684210526316
AAPL,2020-Q2,"Apr 30, 2020, 5:00 p.m. ET",0.2375384420156479,0.012087523937225342,0.7503740191459656,0.22545091807842255,Tech,2020-Q2,33,61,0.3473684210526316
AAPL,2020-Q2,"Apr 30, 2020, 5:00 p.m. ET",0.2375384420156479,0.012087523937225342,0.7503740191459656,0.22545091807842255,Tech,2020-Q2,33,61,0.3473684210526316
AAPL,2020-Q2,"Apr 30, 2020, 5:00 p.m. ET",0.2375384420156479,0.012087523937225342,0.7503740191459656,0.22545091807842255,Tech,2020-Q2,33,61,0.3473684210526316
AAPL,2020-Q2,"Apr 30, 2020, 5:00 p.m. ET",0.2375384420156479,0.012087523937225342,0.7503740191459656,0.22545091807842255,Tech,2020-Q2,33,61,0.3473684210526316
AAPL,2020-Q2,"Apr 30, 2020, 5:00 p.m. ET",0.2375384420156479,0.012087523937225342,0.7503740191459656,0.22545091807842255,Tech,2020-Q2,33,61,0.3473684210526316
AAPL,2020-Q2,"Apr 30, 2020, 5:00 p.m. ET",0.2375384420156479,0.012087523937225342,0.7503740191459656,0.22545091807842255,Tech,2020-Q2,33,61,0.3473684210526316
AAPL,2020-Q2,"Apr 30, 2020, 5:00 p.m. ET",0.2375384420156479,0.012087523937225342,0.7503740191459656,0.22545091807842255,Tech,2020-Q2,33,61,0.3473684210526316
AAPL,2020-Q2,"Apr 30, 2020, 5:00 p.m. ET",0.2375384420156479,0.012087523937225342,0.7503740191459656,0.22545091807842255,Tech,2020-Q2,33,61,0.3473684210526316
AAPL,2020-Q2,"Apr 30, 2020, 5:00 p.m. ET",0.2375384420156479,0.012087523937225342,0.7503740191459656,0.22545091807842255,Tech,2020-Q2,33,61,0.3473684210526316
AAPL,2020-Q2,"Apr 30, 2020, 5:00 p.m. ET",0.2375384420156479,0.012087523937225342,0.7503740191459656,0.22545091807842255,Tech,2020-Q2,33,61,0.3473684210526316
AAPL,2020-Q2,"Apr 30, 2020, 5:00 p.m. ET",0.2375384420156479,0.012087523937225342,0.7503740191459656,0.22545091807842255,Tech,2020-Q2,33,61,0.3473684210526316
AAPL,2020-Q2,"Apr 30, 2020, 5:00 p.m. ET",0.2375384420156479,0.012087523937225342,0.7503740191459656,0.22545091807842255,Tech,2020-Q2,33,61,0.3473684210526316
AAPL,2020-Q2,"Apr 30, 2020, 5:00 p.m. ET",0.2375384420156479,0.012087523937225342,0.7503740191459656,0.22545091807842255,Tech,2020-Q2,33,61,0.3473684210526316
AAPL,2020-Q2,"Apr 30, 2020, 5:00 p.m. ET",0.2375384420156479,0.012087523937225342,0.7503740191459656,0.22545091807842255,Tech,2020-Q2,33,61,0.3473684210526316
AAPL,2020-Q2,"Apr 30, 2020, 5:00 p.m. ET",0.2375384420156479,0.012087523937225342,0.7503740191459656,0.22545091807842255,Tech,2020-Q2,33,61,0.3473684210526316
AAPL,2020-Q2,"Apr 30, 2020, 5:00 p.m. ET",0.2375384420156479,0.012087523937225342,0.7503740191459656,0.22545091807842255,Tech,2020-Q2,33,61,0.3473684210526316
AAPL,2020-Q2,"Apr 30, 2020, 5:00 p.m. ET",0.2375384420156479,0.012087523937225342,0.7503740191459656,0.22545091807842255,Tech,2020-Q2,33,61,0.3473684210526316
AAPL,2020-Q2,"Apr 30, 2020, 5:00 p.m. ET",0.2375384420156479,0.012087523937225342,0.7503740191459656,0.22545091807842255,Tech,2020-Q2,33,61,0.3473684210526316
AAPL,2020-Q2,"Apr 30, 2020, 5:00 p.m. ET",0.2375384420156479,0.012087523937225342,0.7503740191459656,0.22545091807842255,Tech,2020-Q2,33,61,0.3473684210526316
AAPL,2020-Q2,"Apr 30, 2020, 5:00 p.m. ET",0.2375384420156479,0.012087523937225342,0.7503740191459656,0.22545091807842255,Tech,2020-Q2,33,61,0.3473684210526316
AAPL,2020-Q2,"Apr 30, 2020, 5:00 p.m. ET",0.2375384420156479,0.012087523937225342,0.7503740191459656,0.22545091807842255,Tech,2020-Q2,33,61,0.3473684210526316
AAPL,2020-Q2,"Apr 30, 2020, 5:00 p.m. ET",0.2375384420156479,0.012087523937225342,0.7503740191459656,0.22545091807842255,Tech,2020-Q2,33,61,0.3473684210526316
AAPL,2020-Q2,"Apr 30, 2020, 5:00 p.m. ET",0.2375384420156479,0.012087523937225342,0.7503740191459656,0.22545091807842255,Tech,2020-Q2,33,61,0.3473684210526316
AAPL,2020-Q2,"Apr 30, 2020, 5:00 p.m. ET",0.2375384420156479,0.012087523937225342,0.7503740191459656,0.22545091807842255,Tech,2020-Q2,33,61,0.3473684210526316
AAPL,2020-Q3,"Jul 30, 2020, 5:00 p.m. ET",0.23028139770030975,0.009190441109240055,0.7605281472206116,0.2210909565910697,Tech,2020-Q3,17,88,0.16037735849056603
AAPL,2020-Q3,"Jul 30, 2020, 5:00 p.m. ET",0.23028139770030975,0.009190441109240055,0.7605281472206116,0.2210909565910697,Tech,2020-Q3,17,88,0.16037735849056603
AAPL,2020-Q3,"Jul 30, 2020, 5:00 p.m. ET",0.23028139770030975,0.009190441109240055,0.7605281472206116,0.2210909565910697,Tech,2020-Q3,17,88,0.16037735849056603
AAPL,2020-Q3,"Jul 30, 2020, 5:00 p.m. ET",0.23028139770030975,0.009190441109240055,0.7605281472206116,0.2210909565910697,Tech,2020-Q3,17,88,0.16037735849056603
AAPL,2020-Q3,"Jul 30, 2020, 5:00 p.m. ET",0.23028139770030975,0.009190441109240055,0.7605281472206116,0.2210909565910697,Tech,2020-Q3,17,88,0.16037735849056603
MRNA,2021-Q1,"May 06, 2021, 8:00 a.m. ET",0.14075466990470886,0.011109570972621441,0.848135769367218,0.12964509893208742,Healthcare,2021-Q1,35,25,0.5737704918032787
MRNA,2021-Q1,"May 06, 2021, 8:00 a.m. ET",0.14075466990470886,0.011109570972621441,0.848135769367218,0.12964509893208742,Healthcare,2021-Q1,35,25,0.5737704918032787
MRNA,2021-Q1,"May 06, 2021, 8:00 a.m. ET",0.14075466990470886,0.011109570972621441,0.848135769367218,0.12964509893208742,Healthcare,2021-Q1,35,25,0.5737704918032787
MRNA,2021-Q1,"May 06, 2021, 8:00 a.m. ET",0.14075466990470886,0.011109570972621441,0.848135769367218,0.12964509893208742,Healthcare,2021-Q1,35,25,0.5737704918032787
MRNA,2021-Q1,"May 06, 2021, 8:00 a.m. ET",0.14075466990470886,0.011109570972621441,0.848135769367218,0.12964509893208742,Healthcare,2021-Q1,35,25,0.5737704918032787
MRNA,2021-Q1,"May 06, 2021, 8:00 a.m. ET",0.14075466990470886,0.011109570972621441,0.848135769367218,0.12964509893208742,Healthcare,2021-Q1,35,25,0.5737704918032787
MRNA,2021-Q1,"May 06, 2021, 8:00 a.m. ET",0.14075466990470886,0.011109570972621441,0.848135769367218,0.12964509893208742,Healthcare,2021-Q1,35,25,0.5737704918032787
MRNA,2021-Q1,"May 06, 2021, 8:00 a.m. ET",0.14075466990470886,0.011109570972621441,0.848135769367218,0.12964509893208742,Healthcare,2021-Q1,35,25,0.5737704918032787
GOOGL,2021-Q2,"Jul 27, 2021, 4:30 p.m. ET",0.24937154352664948,0.00945959985256195,0.7411688566207886,0.23991194367408752,Tech,2021-Q2,12,78,0.13186813186813187
GOOGL,2021-Q2,"Jul 27, 2021, 4:30 p.m. ET",0.24937154352664948,0.00945959985256195,0.7411688566207886,0.23991194367408752,Tech,2021-Q2,12,78,0.13186813186813187
GOOGL,2021-Q2,"Jul 27, 2021, 4:30 p.m. ET",0.24937154352664948,0.00945959985256195,0.7411688566207886,0.23991194367408752,Tech,2021-Q2,12,78,0.13186813186813187
GOOGL,2021-Q2,"Jul 27, 2021, 4:30 p.m. ET",0.24937154352664948,0.00945959985256195,0.7411688566207886,0.23991194367408752,Tech,2021-Q2,12,78,0.13186813186813187
GOOGL,2021-Q2,"Jul 27, 2021, 4:30 p.m. ET",0.24937154352664948,0.00945959985256195,0.7411688566207886,0.23991194367408752,Tech,2021-Q2,12,78,0.13186813186813187
GOOGL,2021-Q2,"Jul 27, 2021, 4:30 p.m. ET",0.24937154352664948,0.00945959985256195,0.7411688566207886,0.23991194367408752,Tech,2021-Q2,12,78,0.13186813186813187
GOOGL,2021-Q2,"Jul 27, 2021, 4:30 p.m. ET",0.24937154352664948,0.00945959985256195,0.7411688566207886,0.23991194367408752,Tech,2021-Q2,12,78,0.13186813186813187
GOOGL,2021-Q2,"Jul 27, 2021, 4:30 p.m. ET",0.24937154352664948,0.00945959985256195,0.7411688566207886,0.23991194367408752,Tech,2021-Q2,12,78,0.13186813186813187
GOOGL,2021-Q2,"Jul 27, 2021, 4:30 p.m. ET",0.24937154352664948,0.00945959985256195,0.7411688566207886,0.23991194367408752,Tech,2021-Q2,12,78,0.13186813186813187
GOOGL,2021-Q2,"Jul 27, 2021, 4:30 p.m. ET",0.24937154352664948,0.00945959985256195,0.7411688566207886,0.23991194367408752,Tech,2021-Q2,12,78,0.13186813186813187
GOOGL,2021-Q2,"Jul 27, 2021, 4:30 p.m. ET",0.24937154352664948,0.00945959985256195,0.7411688566207886,0.23991194367408752,Tech,2021-Q2,12,78,0.13186813186813187
GOOGL,2021-Q2,"Jul 27, 2021, 4:30 p.m. ET",0.24937154352664948,0.00945959985256195,0.7411688566207886,0.23991194367408752,Tech,2021-Q2,12,78,0.13186813186813187
GOOGL,2021-Q2,"Jul 27, 2021, 4:30 p.m. ET",0.24937154352664948,0.00945959985256195,0.7411688566207886,0.23991194367408752,Tech,2021-Q2,12,78,0.13186813186813187
GOOGL,2021-Q2,"Jul 27, 2021, 4:30 p.m. ET",0.24937154352664948,0.00945959985256195,0.7411688566207886,0.23991194367408752,Tech,2021-Q2,12,78,0.13186813186813187
KO,2021-Q3,"Oct 27, 2021, 8:30 a.m. ET",0.0663120448589325,0.018883194774389267,0.9148047566413879,0.04742885008454323,Consumer,2021-Q3,50,98,0.33557046979865773
KO,2021-Q3,"Oct 27, 2021, 8:30 a.m. ET",0.0663120448589325,0.018883194774389267,0.9148047566413879,0.04742885008454323,Consumer,2021-Q3,50,98,0.33557046979865773
KO,2021-Q3,"Oct 27, 2021, 8:30 a.m. ET",0.0663120448589325,0.018883194774389267,0.9148047566413879,0.04742885008454323,Consumer,2021-Q3,50,98,0.33557046979865773
TSLA,2020-Q2,"Jul 22, 2020, 6:00 p.m. ET",0.085098035633564,0.018818067386746407,0.8960838913917542,0.06627996824681759,Auto,2020-Q2,14,32,0.2978723404255319
TSLA,2020-Q2,"Jul 22, 2020, 6:00 p.m. ET",0.085098035633564,0.018818067386746407,0.8960838913917542,0.06627996824681759,Auto,2020-Q2,14,32,0.2978723404255319
TSLA,2020-Q2,"Jul 22, 2020, 6:00 p.m. ET",0.085098035633564,0.018818067386746407,0.8960838913917542,0.06627996824681759,Auto,2020-Q2,14,32,0.2978723404255319
TSLA,2020-Q2,"Jul 22, 2020, 6:00 p.m. ET",0.085098035633564,0.018818067386746407,0.8960838913917542,0.06627996824681759,Auto,2020-Q2,14,32,0.2978723404255319
TSLA,2020-Q2,"Jul 22, 2020, 6:00 p.m. ET",0.085098035633564,0.018818067386746407,0.8960838913917542,0.06627996824681759,Auto,2020-Q2,14,32,0.2978723404255319
TSLA,2020-Q2,"Jul 22, 2020, 6:00 p.m. ET",0.085098035633564,0.018818067386746407,0.8960838913917542,0.06627996824681759,Auto,2020-Q2,14,32,0.2978723404255319
TSLA,2020-Q2,"Jul 22, 2020, 6:00 p.m. ET",0.085098035633564,0.018818067386746407,0.8960838913917542,0.06627996824681759,Auto,2020-Q2,14,32,0.2978723404255319
TSLA,2020-Q2,"Jul 22, 2020, 6:00 p.m. ET",0.085098035633564,0.018818067386746407,0.8960838913917542,0.06627996824681759,Auto,2020-Q2,14,32,0.2978723404255319
TSLA,2020-Q2,"Jul 22, 2020, 6:00 p.m. ET",0.085098035633564,0.018818067386746407,0.8960838913917542,0.06627996824681759,Auto,2020-Q2,14,32,0.2978723404255319
TSLA,2020-Q2,"Jul 22, 2020, 6:00 p.m. ET",0.085098035633564,0.018818067386746407,0.8960838913917542,0.06627996824681759,Auto,2020-Q2,14,32,0.2978723404255319
TSLA,2020-Q2,"Jul 22, 2020, 6:00 p.m. ET",0.085098035633564,0.018818067386746407,0.8960838913917542,0.06627996824681759,Auto,2020-Q2,14,32,0.2978723404255319
TSLA,2020-Q2,"Jul 22, 2020, 6:00 p.m. ET",0.085098035633564,0.018818067386746407,0.8960838913917542,0.06627996824681759,Auto,2020-Q2,14,32,0.2978723404255319
TSLA,2020-Q2,"Jul 22, 2020, 6:00 p.m. ET",0.085098035633564,0.018818067386746407,0.8960838913917542,0.06627996824681759,Auto,2020-Q2,14,32,0.2978723404255319
TSLA,2020-Q2,"Jul 22, 2020, 6:00 p.m. ET",0.085098035633564,0.018818067386746407,0.8960838913917542,0.06627996824681759,Auto,2020-Q2,14,32,0.2978723404255319
TSLA,2020-Q2,"Jul 22, 2020, 6:00 p.m. ET",0.085098035633564,0.018818067386746407,0.8960838913917542,0.06627996824681759,Auto,2020-Q2,14,32,0.2978723404255319
TSLA,2020-Q2,"Jul 22, 2020, 6:00 p.m. ET",0.085098035633564,0.018818067386746407,0.8960838913917542,0.06627996824681759,Auto,2020-Q2,14,32,0.2978723404255319
TSLA,2020-Q2,"Jul 22, 2020, 6:00 p.m. ET",0.085098035633564,0.018818067386746407,0.8960838913917542,0.06627996824681759,Auto,2020-Q2,14,32,0.2978723404255319
TSLA,2020-Q2,"Jul 22, 2020, 6:00 p.m. ET",0.085098035633564,0.018818067386746407,0.8960838913917542,0.06627996824681759,Auto,2020-Q2,14,32,0.2978723404255319
TSLA,2020-Q2,"Jul 22, 2020, 6:00 p.m. ET",0.085098035633564,0.018818067386746407,0.8960838913917542,0.06627996824681759,Auto,2020-Q2,14,32,0.2978723404255319
TSLA,2020-Q2,"Jul 22, 2020, 6:00 p.m. ET",0.085098035633564,0.018818067386746407,0.8960838913917542,0.06627996824681759,Auto,2020-Q2,14,32,0.2978723404255319
TSLA,2020-Q2,"Jul 22, 2020, 6:00 p.m. ET",0.085098035633564,0.018818067386746407,0.8960838913917542,0.06627996824681759,Auto,2020-Q2,14,32,0.2978723404255319
TSLA,2020-Q2,"Jul 22, 2020, 6:00 p.m. ET",0.085098035633564,0.018818067386746407,0.8960838913917542,0.06627996824681759,Auto,2020-Q2,14,32,0.2978723404255319
TSLA,2020-Q2,"Jul 22, 2020, 6:00 p.m. ET",0.085098035633564,0.018818067386746407,0.8960838913917542,0.06627996824681759,Auto,2020-Q2,14,32,0.2978723404255319
TSLA,2020-Q2,"Jul 22, 2020, 6:00 p.m. ET",0.085098035633564,0.018818067386746407,0.8960838913917542,0.06627996824681759,Auto,2020-Q2,14,32,0.2978723404255319
TSLA,2020-Q2,"Jul 22, 2020, 6:00 p.m. ET",0.085098035633564,0.018818067386746407,0.8960838913917542,0.06627996824681759,Auto,2020-Q2,14,32,0.2978723404255319
TSLA,2020-Q2,"Jul 22, 2020, 6:00 p.m. ET",0.085098035633564,0.018818067386746407,0.8960838913917542,0.06627996824681759,Auto,2020-Q2,14,32,0.2978723404255319
TSLA,2020-Q2,"Jul 22, 2020, 6:00 p.m. ET",0.085098035633564,0.018818067386746407,0.8960838913917542,0.06627996824681759,Auto,2020-Q2,14,32,0.2978723404255319
TSLA,2020-Q2,"Jul 22, 2020, 6:00 p.m. ET",0.085098035633564,0.018818067386746407,0.8960838913917542,0.06627996824681759,Auto,2020-Q2,14,32,0.2978723404255319
TSLA,2020-Q2,"Jul 22, 2020, 6:00 p.m. ET",0.085098035633564,0.018818067386746407,0.8960838913917542,0.06627996824681759,Auto,2020-Q2,14,32,0.2978723404255319
TSLA,2020-Q2,"Jul 22, 2020, 6:00 p.m. ET",0.085098035633564,0.018818067386746407,0.8960838913917542,0.06627996824681759,Auto,2020-Q2,14,32,0.2978723404255319
TSLA,2020-Q2,"Jul 22, 2020, 6:00 p.m. ET",0.085098035633564,0.018818067386746407,0.8960838913917542,0.06627996824681759,Auto,2020-Q2,14,32,0.2978723404255319
TSLA,2020-Q2,"Jul 22, 2020, 6:00 p.m. ET",0.085098035633564,0.018818067386746407,0.8960838913917542,0.06627996824681759,Auto,2020-Q2,14,32,0.2978723404255319
META,2022-Q1,"Apr 27, 2022, 5:00 p.m. ET",0.04789767041802406,0.021896477788686752,0.9302058815956116,0.02600119262933731,Tech,2022-Q1,63,68,0.4772727272727273
META,2022-Q1,"Apr 27, 2022, 5:00 p.m. ET",0.04789767041802406,0.021896477788686752,0.9302058815956116,0.02600119262933731,Tech,2022-Q1,63,68,0.4772727272727273
META,2020-Q4,"Jan 27, 2021, 5:00 p.m. ET",0.09929036349058151,0.014725789427757263,0.8859838247299194,0.08456457406282425,Tech,2020-Q4,35,47,0.42168674698795183
META,2020-Q4,"Jan 27, 2021, 5:00 p.m. ET",0.09929036349058151,0.014725789427757263,0.8859838247299194,0.08456457406282425,Tech,2020-Q4,35,47,0.42168674698795183
KO,2020-Q4,"Feb 10, 2021, 8:30 a.m. ET",0.599564254283905,0.013237076811492443,0.38719868659973145,0.5863271774724126,Consumer,2020-Q4,49,89,0.35251798561151076
KO,2020-Q4,"Feb 10, 2021, 8:30 a.m. ET",0.599564254283905,0.013237076811492443,0.38719868659973145,0.5863271774724126,Consumer,2020-Q4,49,89,0.35251798561151076
KO,2020-Q4,"Feb 10, 2021, 8:30 a.m. ET",0.599564254283905,0.013237076811492443,0.38719868659973145,0.5863271774724126,Consumer,2020-Q4,49,89,0.35251798561151076
KO,2020-Q4,"Feb 10, 2021, 8:30 a.m. ET",0.599564254283905,0.013237076811492443,0.38719868659973145,0.5863271774724126,Consumer,2020-Q4,49,89,0.35251798561151076
KO,2020-Q4,"Feb 10, 2021, 8:30 a.m. ET",0.599564254283905,0.013237076811492443,0.38719868659973145,0.5863271774724126,Consumer,2020-Q4,49,89,0.35251798561151076
TGT,2021-Q1,"May 19, 2021, 8:00 a.m. ET",0.07493751496076584,0.013758986257016659,0.9113035202026367,0.06117852870374918,Retail,2021-Q1,17,126,0.11805555555555555
DIS,2020-Q3,"Aug 04, 2020, 4:30 p.m. ET",0.028005406260490417,0.08130818605422974,0.8906863927841187,-0.05330277979373932,Media,2020-Q3,32,44,0.4155844155844156
DIS,2020-Q3,"Aug 04, 2020, 4:30 p.m. ET",0.028005406260490417,0.08130818605422974,0.8906863927841187,-0.05330277979373932,Media,2020-Q3,32,44,0.4155844155844156
DIS,2020-Q3,"Aug 04, 2020, 4:30 p.m. ET",0.028005406260490417,0.08130818605422974,0.8906863927841187,-0.05330277979373932,Media,2020-Q3,32,44,0.4155844155844156
DIS,2020-Q3,"Aug 04, 2020, 4:30 p.m. ET",0.028005406260490417,0.08130818605422974,0.8906863927841187,-0.05330277979373932,Media,2020-Q3,32,44,0.4155844155844156
DIS,2020-Q3,"Aug 04, 2020, 4:30 p.m. ET",0.028005406260490417,0.08130818605422974,0.8906863927841187,-0.05330277979373932,Media,2020-Q3,32,44,0.4155844155844156
DIS,2020-Q3,"Aug 04, 2020, 4:30 p.m. ET",0.028005406260490417,0.08130818605422974,0.8906863927841187,-0.05330277979373932,Media,2020-Q3,32,44,0.4155844155844156
DIS,2020-Q3,"Aug 04, 2020, 4:30 p.m. ET",0.028005406260490417,0.08130818605422974,0.8906863927841187,-0.05330277979373932,Media,2020-Q3,32,44,0.4155844155844156
DIS,2020-Q3,"Aug 04, 2020, 4:30 p.m. ET",0.028005406260490417,0.08130818605422974,0.8906863927841187,-0.05330277979373932,Media,2020-Q3,32,44,0.4155844155844156
DIS,2020-Q3,"Aug 04, 2020, 4:30 p.m. ET",0.028005406260490417,0.08130818605422974,0.8906863927841187,-0.05330277979373932,Media,2020-Q3,32,44,0.4155844155844156
DIS,2020-Q3,"Aug 04, 2020, 4:30 p.m. ET",0.028005406260490417,0.08130818605422974,0.8906863927841187,-0.05330277979373932,Media,2020-Q3,32,44,0.4155844155844156
DIS,2020-Q3,"Aug 04, 2020, 4:30 p.m. ET",0.028005406260490417,0.08130818605422974,0.8906863927841187,-0.05330277979373932,Media,2020-Q3,32,44,0.4155844155844156
DIS,2020-Q3,"Aug 04, 2020, 4:30 p.m. ET",0.028005406260490417,0.08130818605422974,0.8906863927841187,-0.05330277979373932,Media,2020-Q3,32,44,0.4155844155844156
DIS,2020-Q3,"Aug 04, 2020, 4:30 p.m. ET",0.028005406260490417,0.08130818605422974,0.8906863927841187,-0.05330277979373932,Media,2020-Q3,32,44,0.4155844155844156
DIS,2020-Q3,"Aug 04, 2020, 4:30 p.m. ET",0.028005406260490417,0.08130818605422974,0.8906863927841187,-0.05330277979373932,Media,2020-Q3,32,44,0.4155844155844156
DIS,2020-Q3,"Aug 04, 2020, 4:30 p.m. ET",0.028005406260490417,0.08130818605422974,0.8906863927841187,-0.05330277979373932,Media,2020-Q3,32,44,0.4155844155844156
DIS,2020-Q3,"Aug 04, 2020, 4:30 p.m. ET",0.028005406260490417,0.08130818605422974,0.8906863927841187,-0.05330277979373932,Media,2020-Q3,32,44,0.4155844155844156
DIS,2020-Q3,"Aug 04, 2020, 4:30 p.m. ET",0.028005406260490417,0.08130818605422974,0.8906863927841187,-0.05330277979373932,Media,2020-Q3,32,44,0.4155844155844156
DIS,2020-Q3,"Aug 04, 2020, 4:30 p.m. ET",0.028005406260490417,0.08130818605422974,0.8906863927841187,-0.05330277979373932,Media,2020-Q3,32,44,0.4155844155844156
DIS,2020-Q3,"Aug 04, 2020, 4:30 p.m. ET",0.028005406260490417,0.08130818605422974,0.8906863927841187,-0.05330277979373932,Media,2020-Q3,32,44,0.4155844155844156
DIS,2020-Q3,"Aug 04, 2020, 4:30 p.m. ET",0.028005406260490417,0.08130818605422974,0.8906863927841187,-0.05330277979373932,Media,2020-Q3,32,44,0.4155844155844156
DIS,2020-Q3,"Aug 04, 2020, 4:30 p.m. ET",0.028005406260490417,0.08130818605422974,0.8906863927841187,-0.05330277979373932,Media,2020-Q3,32,44,0.4155844155844156
DIS,2020-Q3,"Aug 04, 2020, 4:30 p.m. ET",0.028005406260490417,0.08130818605422974,0.8906863927841187,-0.05330277979373932,Media,2020-Q3,32,44,0.4155844155844156
DIS,2020-Q3,"Aug 04, 2020, 4:30 p.m. ET",0.028005406260490417,0.08130818605422974,0.8906863927841187,-0.05330277979373932,Media,2020-Q3,32,44,0.4155844155844156
DIS,2020-Q3,"Aug 04, 2020, 4:30 p.m. ET",0.028005406260490417,0.08130818605422974,0.8906863927841187,-0.05330277979373932,Media,2020-Q3,32,44,0.4155844155844156
DIS,2020-Q3,"Aug 04, 2020, 4:30 p.m. ET",0.028005406260490417,0.08130818605422974,0.8906863927841187,-0.05330277979373932,Media,2020-Q3,32,44,0.4155844155844156
BLK,2020-Q2,"Jul 17, 2020, 8:30 a.m. ET",0.13854119181632996,0.010168670676648617,0.8512901663780212,0.12837252113968134,Finance,2020-Q2,36,98,0.26666666666666666
BLK,2020-Q2,"Jul 17, 2020, 8:30 a.m. ET",0.13854119181632996,0.010168670676648617,0.8512901663780212,0.12837252113968134,Finance,2020-Q2,36,98,0.26666666666666666
BLK,2020-Q2,"Jul 17, 2020, 8:30 a.m. ET",0.13854119181632996,0.010168670676648617,0.8512901663780212,0.12837252113968134,Finance,2020-Q2,36,98,0.26666666666666666
AAPL,2020-Q2,"Apr 30, 2020, 5:00 p.m. ET",0.2375384420156479,0.012087523937225342,0.7503740191459656,0.22545091807842255,Tech,2020-Q2,33,61,0.3473684210526316
AAPL,2020-Q2,"Apr 30, 2020, 5:00 p.m. ET",0.2375384420156479,0.012087523937225342,0.7503740191459656,0.22545091807842255,Tech,2020-Q2,33,61,0.3473684210526316
AAPL,2020-Q2,"Apr 30, 2020, 5:00 p.m. ET",0.2375384420156479,0.012087523937225342,0.7503740191459656,0.22545091807842255,Tech,2020-Q2,33,61,0.3473684210526316
AAPL,2020-Q2,"Apr 30, 2020, 5:00 p.m. ET",0.2375384420156479,0.012087523937225342,0.7503740191459656,0.22545091807842255,Tech,2020-Q2,33,61,0.3473684210526316
AAPL,2020-Q2,"Apr 30, 2020, 5:00 p.m. ET",0.2375384420156479,0.012087523937225342,0.7503740191459656,0.22545091807842255,Tech,2020-Q2,33,61,0.3473684210526316
AAPL,2020-Q2,"Apr 30, 2020, 5:00 p.m. ET",0.2375384420156479,0.012087523937225342,0.7503740191459656,0.22545091807842255,Tech,2020-Q2,33,61,0.3473684210526316
AAPL,2020-Q2,"Apr 30, 2020, 5:00 p.m. ET",0.2375384420156479,0.012087523937225342,0.7503740191459656,0.22545091807842255,Tech,2020-Q2,33,61,0.3473684210526316
AAPL,2020-Q2,"Apr 30, 2020, 5:00 p.m. ET",0.2375384420156479,0.012087523937225342,0.7503740191459656,0.22545091807842255,Tech,2020-Q2,33,61,0.3473684210526316
AAPL,2020-Q2,"Apr 30, 2020, 5:00 p.m. ET",0.2375384420156479,0.012087523937225342,0.7503740191459656,0.22545091807842255,Tech,2020-Q2,33,61,0.3473684210526316
AAPL,2020-Q2,"Apr 30, 2020, 5:00 p.m. ET",0.2375384420156479,0.012087523937225342,0.7503740191459656,0.22545091807842255,Tech,2020-Q2,33,61,0.3473684210526316
AAPL,2020-Q2,"Apr 30, 2020, 5:00 p.m. ET",0.2375384420156479,0.012087523937225342,0.7503740191459656,0.22545091807842255,Tech,2020-Q2,33,61,0.3473684210526316
AAPL,2020-Q2,"Apr 30, 2020, 5:00 p.m. ET",0.2375384420156479,0.012087523937225342,0.7503740191459656,0.22545091807842255,Tech,2020-Q2,33,61,0.3473684210526316
AAPL,2020-Q2,"Apr 30, 2020, 5:00 p.m. ET",0.2375384420156479,0.012087523937225342,0.7503740191459656,0.22545091807842255,Tech,2020-Q2,33,61,0.3473684210526316
AAPL,2020-Q2,"Apr 30, 2020, 5:00 p.m. ET",0.2375384420156479,0.012087523937225342,0.7503740191459656,0.22545091807842255,Tech,2020-Q2,33,61,0.3473684210526316
AAPL,2020-Q2,"Apr 30, 2020, 5:00 p.m. ET",0.2375384420156479,0.012087523937225342,0.7503740191459656,0.22545091807842255,Tech,2020-Q2,33,61,0.3473684210526316
AAPL,2020-Q2,"Apr 30, 2020, 5:00 p.m. ET",0.2375384420156479,0.012087523937225342,0.7503740191459656,0.22545091807842255,Tech,2020-Q2,33,61,0.3473684210526316
AAPL,2020-Q2,"Apr 30, 2020, 5:00 p.m. ET",0.2375384420156479,0.012087523937225342,0.7503740191459656,0.22545091807842255,Tech,2020-Q2,33,61,0.3473684210526316
AAPL,2020-Q2,"Apr 30, 2020, 5:00 p.m. ET",0.2375384420156479,0.012087523937225342,0.7503740191459656,0.22545091807842255,Tech,2020-Q2,33,61,0.3473684210526316
AAPL,2020-Q2,"Apr 30, 2020, 5:00 p.m. ET",0.2375384420156479,0.012087523937225342,0.7503740191459656,0.22545091807842255,Tech,2020-Q2,33,61,0.3473684210526316
AAPL,2020-Q2,"Apr 30, 2020, 5:00 p.m. ET",0.2375384420156479,0.012087523937225342,0.7503740191459656,0.22545091807842255,Tech,2020-Q2,33,61,0.3473684210526316
AAPL,2020-Q2,"Apr 30, 2020, 5:00 p.m. ET",0.2375384420156479,0.012087523937225342,0.7503740191459656,0.22545091807842255,Tech,2020-Q2,33,61,0.3473684210526316
AAPL,2020-Q2,"Apr 30, 2020, 5:00 p.m. ET",0.2375384420156479,0.012087523937225342,0.7503740191459656,0.22545091807842255,Tech,2020-Q2,33,61,0.3473684210526316
AAPL,2020-Q2,"Apr 30, 2020, 5:00 p.m. ET",0.2375384420156479,0.012087523937225342,0.7503740191459656,0.22545091807842255,Tech,2020-Q2,33,61,0.3473684210526316
AAPL,2020-Q2,"Apr 30, 2020, 5:00 p.m. ET",0.2375384420156479,0.012087523937225342,0.7503740191459656,0.22545091807842255,Tech,2020-Q2,33,61,0.3473684210526316
AAPL,2020-Q2,"Apr 30, 2020, 5:00 p.m. ET",0.2375384420156479,0.012087523937225342,0.7503740191459656,0.22545091807842255,Tech,2020-Q2,33,61,0.3473684210526316
AAPL,2020-Q3,"Jul 30, 2020, 5:00 p.m. ET",0.23028139770030975,0.009190441109240055,0.7605281472206116,0.2210909565910697,Tech,2020-Q3,17,88,0.16037735849056603
AAPL,2020-Q3,"Jul 30, 2020, 5:00 p.m. ET",0.23028139770030975,0.009190441109240055,0.7605281472206116,0.2210909565910697,Tech,2020-Q3,17,88,0.16037735849056603
AAPL,2020-Q3,"Jul 30, 2020, 5:00 p.m. ET",0.23028139770030975,0.009190441109240055,0.7605281472206116,0.2210909565910697,Tech,2020-Q3,17,88,0.16037735849056603
AAPL,2020-Q3,"Jul 30, 2020, 5:00 p.m. ET",0.23028139770030975,0.009190441109240055,0.7605281472206116,0.2210909565910697,Tech,2020-Q3,17,88,0.16037735849056603
AAPL,2020-Q3,"Jul 30, 2020, 5:00 p.m. ET",0.23028139770030975,0.009190441109240055,0.7605281472206116,0.2210909565910697,Tech,2020-Q3,17,88,0.16037735849056603
INTC,2021-Q2,"Jul 22, 2021, 5:00 p.m. ET",0.20195837318897247,0.011039012111723423,0.787002682685852,0.19091936107724905,Tech,2021-Q2,20,108,0.15503875968992248
TSLA,2020-Q2,"Jul 22, 2020, 6:00 p.m. ET",0.085098035633564,0.018818067386746407,0.8960838913917542,0.06627996824681759,Auto,2020-Q2,14,32,0.2978723404255319
TSLA,2020-Q2,"Jul 22, 2020, 6:00 p.m. ET",0.085098035633564,0.018818067386746407,0.8960838913917542,0.06627996824681759,Auto,2020-Q2,14,32,0.2978723404255319
TSLA,2020-Q2,"Jul 22, 2020, 6:00 p.m. ET",0.085098035633564,0.018818067386746407,0.8960838913917542,0.06627996824681759,Auto,2020-Q2,14,32,0.2978723404255319
TSLA,2020-Q2,"Jul 22, 2020, 6:00 p.m. ET",0.085098035633564,0.018818067386746407,0.8960838913917542,0.06627996824681759,Auto,2020-Q2,14,32,0.2978723404255319
TSLA,2020-Q2,"Jul 22, 2020, 6:00 p.m. ET",0.085098035633564,0.018818067386746407,0.8960838913917542,0.06627996824681759,Auto,2020-Q2,14,32,0.2978723404255319
TSLA,2020-Q2,"Jul 22, 2020, 6:00 p.m. ET",0.085098035633564,0.018818067386746407,0.8960838913917542,0.06627996824681759,Auto,2020-Q2,14,32,0.2978723404255319
TSLA,2020-Q2,"Jul 22, 2020, 6:00 p.m. ET",0.085098035633564,0.018818067386746407,0.8960838913917542,0.06627996824681759,Auto,2020-Q2,14,32,0.2978723404255319
TSLA,2020-Q2,"Jul 22, 2020, 6:00 p.m. ET",0.085098035633564,0.018818067386746407,0.8960838913917542,0.06627996824681759,Auto,2020-Q2,14,32,0.2978723404255319
TSLA,2020-Q2,"Jul 22, 2020, 6:00 p.m. ET",0.085098035633564,0.018818067386746407,0.8960838913917542,0.06627996824681759,Auto,2020-Q2,14,32,0.2978723404255319
TSLA,2020-Q2,"Jul 22, 2020, 6:00 p.m. ET",0.085098035633564,0.018818067386746407,0.8960838913917542,0.06627996824681759,Auto,2020-Q2,14,32,0.2978723404255319
TSLA,2020-Q2,"Jul 22, 2020, 6:00 p.m. ET",0.085098035633564,0.018818067386746407,0.8960838913917542,0.06627996824681759,Auto,2020-Q2,14,32,0.2978723404255319
TSLA,2020-Q2,"Jul 22, 2020, 6:00 p.m. ET",0.085098035633564,0.018818067386746407,0.8960838913917542,0.06627996824681759,Auto,2020-Q2,14,32,0.2978723404255319
TSLA,2020-Q2,"Jul 22, 2020, 6:00 p.m. ET",0.085098035633564,0.018818067386746407,0.8960838913917542,0.06627996824681759,Auto,2020-Q2,14,32,0.2978723404255319
TSLA,2020-Q2,"Jul 22, 2020, 6:00 p.m. ET",0.085098035633564,0.018818067386746407,0.8960838913917542,0.06627996824681759,Auto,2020-Q2,14,32,0.2978723404255319
TSLA,2020-Q2,"Jul 22, 2020, 6:00 p.m. ET",0.085098035633564,0.018818067386746407,0.8960838913917542,0.06627996824681759,Auto,2020-Q2,14,32,0.2978723404255319
TSLA,2020-Q2,"Jul 22, 2020, 6:00 p.m. ET",0.085098035633564,0.018818067386746407,0.8960838913917542,0.06627996824681759,Auto,2020-Q2,14,32,0.2978723404255319
TSLA,2020-Q2,"Jul 22, 2020, 6:00 p.m. ET",0.085098035633564,0.018818067386746407,0.8960838913917542,0.06627996824681759,Auto,2020-Q2,14,32,0.2978723404255319
TSLA,2020-Q2,"Jul 22, 2020, 6:00 p.m. ET",0.085098035633564,0.018818067386746407,0.8960838913917542,0.06627996824681759,Auto,2020-Q2,14,32,0.2978723404255319
TSLA,2020-Q2,"Jul 22, 2020, 6:00 p.m. ET",0.085098035633564,0.018818067386746407,0.8960838913917542,0.06627996824681759,Auto,2020-Q2,14,32,0.2978723404255319
TSLA,2020-Q2,"Jul 22, 2020, 6:00 p.m. ET",0.085098035633564,0.018818067386746407,0.8960838913917542,0.06627996824681759,Auto,2020-Q2,14,32,0.2978723404255319
TSLA,2020-Q2,"Jul 22, 2020, 6:00 p.m. ET",0.085098035633564,0.018818067386746407,0.8960838913917542,0.06627996824681759,Auto,2020-Q2,14,32,0.2978723404255319
TSLA,2020-Q2,"Jul 22, 2020, 6:00 p.m. ET",0.085098035633564,0.018818067386746407,0.8960838913917542,0.06627996824681759,Auto,2020-Q2,14,32,0.2978723404255319
TSLA,2020-Q2,"Jul 22, 2020, 6:00 p.m. ET",0.085098035633564,0.018818067386746407,0.8960838913917542,0.06627996824681759,Auto,2020-Q2,14,32,0.2978723404255319
TSLA,2020-Q2,"Jul 22, 2020, 6:00 p.m. ET",0.085098035633564,0.018818067386746407,0.8960838913917542,0.06627996824681759,Auto,2020-Q2,14,32,0.2978723404255319
TSLA,2020-Q2,"Jul 22, 2020, 6:00 p.m. ET",0.085098035633564,0.018818067386746407,0.8960838913917542,0.06627996824681759,Auto,2020-Q2,14,32,0.2978723404255319
TSLA,2020-Q2,"Jul 22, 2020, 6:00 p.m. ET",0.085098035633564,0.018818067386746407,0.8960838913917542,0.06627996824681759,Auto,2020-Q2,14,32,0.2978723404255319
TSLA,2020-Q2,"Jul 22, 2020, 6:00 p.m. ET",0.085098035633564,0.018818067386746407,0.8960838913917542,0.06627996824681759,Auto,2020-Q2,14,32,0.2978723404255319
TSLA,2020-Q2,"Jul 22, 2020, 6:00 p.m. ET",0.085098035633564,0.018818067386746407,0.8960838913917542,0.06627996824681759,Auto,2020-Q2,14,32,0.2978723404255319
TSLA,2020-Q2,"Jul 22, 2020, 6:00 p.m. ET",0.085098035633564,0.018818067386746407,0.8960838913917542,0.06627996824681759,Auto,2020-Q2,14,32,0.2978723404255319
TSLA,2020-Q2,"Jul 22, 2020, 6:00 p.m. ET",0.085098035633564,0.018818067386746407,0.8960838913917542,0.06627996824681759,Auto,2020-Q2,14,32,0.2978723404255319
TSLA,2020-Q2,"Jul 22, 2020, 6:00 p.m. ET",0.085098035633564,0.018818067386746407,0.8960838913917542,0.06627996824681759,Auto,2020-Q2,14,32,0.2978723404255319
TSLA,2020-Q2,"Jul 22, 2020, 6:00 p.m. ET",0.085098035633564,0.018818067386746407,0.8960838913917542,0.06627996824681759,Auto,2020-Q2,14,32,0.2978723404255319
AAPL,2020-Q2,"Apr 30, 2020, 5:00 p.m. ET",0.2375384420156479,0.012087523937225342,0.7503740191459656,0.22545091807842255,Tech,2020-Q2,33,61,0.3473684210526316
AAPL,2020-Q2,"Apr 30, 2020, 5:00 p.m. ET",0.2375384420156479,0.012087523937225342,0.7503740191459656,0.22545091807842255,Tech,2020-Q2,33,61,0.3473684210526316
AAPL,2020-Q2,"Apr 30, 2020, 5:00 p.m. ET",0.2375384420156479,0.012087523937225342,0.7503740191459656,0.22545091807842255,Tech,2020-Q2,33,61,0.3473684210526316
AAPL,2020-Q2,"Apr 30, 2020, 5:00 p.m. ET",0.2375384420156479,0.012087523937225342,0.7503740191459656,0.22545091807842255,Tech,2020-Q2,33,61,0.3473684210526316
AAPL,2020-Q2,"Apr 30, 2020, 5:00 p.m. ET",0.2375384420156479,0.012087523937225342,0.7503740191459656,0.22545091807842255,Tech,2020-Q2,33,61,0.3473684210526316
AAPL,2020-Q2,"Apr 30, 2020, 5:00 p.m. ET",0.2375384420156479,0.012087523937225342,0.7503740191459656,0.22545091807842255,Tech,2020-Q2,33,61,0.3473684210526316
AAPL,2020-Q2,"Apr 30, 2020, 5:00 p.m. ET",0.2375384420156479,0.012087523937225342,0.7503740191459656,0.22545091807842255,Tech,2020-Q2,33,61,0.3473684210526316
AAPL,2020-Q2,"Apr 30, 2020, 5:00 p.m. ET",0.2375384420156479,0.012087523937225342,0.7503740191459656,0.22545091807842255,Tech,2020-Q2,33,61,0.3473684210526316
AAPL,2020-Q2,"Apr 30, 2020, 5:00 p.m. ET",0.2375384420156479,0.012087523937225342,0.7503740191459656,0.22545091807842255,Tech,2020-Q2,33,61,0.3473684210526316
AAPL,2020-Q2,"Apr 30, 2020, 5:00 p.m. ET",0.2375384420156479,0.012087523937225342,0.7503740191459656,0.22545091807842255,Tech,2020-Q2,33,61,0.3473684210526316
AAPL,2020-Q2,"Apr 30, 2020, 5:00 p.m. ET",0.2375384420156479,0.012087523937225342,0.7503740191459656,0.22545091807842255,Tech,2020-Q2,33,61,0.3473684210526316
AAPL,2020-Q2,"Apr 30, 2020, 5:00 p.m. ET",0.2375384420156479,0.012087523937225342,0.7503740191459656,0.22545091807842255,Tech,2020-Q2,33,61,0.3473684210526316
AAPL,2020-Q2,"Apr 30, 2020, 5:00 p.m. ET",0.2375384420156479,0.012087523937225342,0.7503740191459656,0.22545091807842255,Tech,2020-Q2,33,61,0.3473684210526316
AAPL,2020-Q2,"Apr 30, 2020, 5:00 p.m. ET",0.2375384420156479,0.012087523937225342,0.7503740191459656,0.22545091807842255,Tech,2020-Q2,33,61,0.3473684210526316
AAPL,2020-Q2,"Apr 30, 2020, 5:00 p.m. ET",0.2375384420156479,0.012087523937225342,0.7503740191459656,0.22545091807842255,Tech,2020-Q2,33,61,0.3473684210526316
AAPL,2020-Q2,"Apr 30, 2020, 5:00 p.m. ET",0.2375384420156479,0.012087523937225342,0.7503740191459656,0.22545091807842255,Tech,2020-Q2,33,61,0.3473684210526316
AAPL,2020-Q2,"Apr 30, 2020, 5:00 p.m. ET",0.2375384420156479,0.012087523937225342,0.7503740191459656,0.22545091807842255,Tech,2020-Q2,33,61,0.3473684210526316
AAPL,2020-Q2,"Apr 30, 2020, 5:00 p.m. ET",0.2375384420156479,0.012087523937225342,0.7503740191459656,0.22545091807842255,Tech,2020-Q2,33,61,0.3473684210526316
AAPL,2020-Q2,"Apr 30, 2020, 5:00 p.m. ET",0.2375384420156479,0.012087523937225342,0.7503740191459656,0.22545091807842255,Tech,2020-Q2,33,61,0.3473684210526316
AAPL,2020-Q2,"Apr 30, 2020, 5:00 p.m. ET",0.2375384420156479,0.012087523937225342,0.7503740191459656,0.22545091807842255,Tech,2020-Q2,33,61,0.3473684210526316
AAPL,2020-Q2,"Apr 30, 2020, 5:00 p.m. ET",0.2375384420156479,0.012087523937225342,0.7503740191459656,0.22545091807842255,Tech,2020-Q2,33,61,0.3473684210526316
AAPL,2020-Q2,"Apr 30, 2020, 5:00 p.m. ET",0.2375384420156479,0.012087523937225342,0.7503740191459656,0.22545091807842255,Tech,2020-Q2,33,61,0.3473684210526316
AAPL,2020-Q2,"Apr 30, 2020, 5:00 p.m. ET",0.2375384420156479,0.012087523937225342,0.7503740191459656,0.22545091807842255,Tech,2020-Q2,33,61,0.3473684210526316
AAPL,2020-Q2,"Apr 30, 2020, 5:00 p.m. ET",0.2375384420156479,0.012087523937225342,0.7503740191459656,0.22545091807842255,Tech,2020-Q2,33,61,0.3473684210526316
AAPL,2020-Q2,"Apr 30, 2020, 5:00 p.m. ET",0.2375384420156479,0.012087523937225342,0.7503740191459656,0.22545091807842255,Tech,2020-Q2,33,61,0.3473684210526316
JNJ,2021-Q1,"Apr 20, 2021, 8:30 a.m. ET",0.09972413629293442,0.01808224990963936,0.8821936249732971,0.08164188638329506,Healthcare,2021-Q1,40,126,0.23952095808383234
JNJ,2021-Q1,"Apr 20, 2021, 8:30 a.m. ET",0.09972413629293442,0.01808224990963936,0.8821936249732971,0.08164188638329506,Healthcare,2021-Q1,40,126,0.23952095808383234
GOOGL,2020-Q4,"Feb 2, 2021, 5:00 p.m. ET",0.16166003048419952,0.011462821625173092,0.8268771767616272,0.15019720885902643,Tech,2020-Q4,19,75,0.2
GOOGL,2020-Q4,"Feb 2, 2021, 5:00 p.m. ET",0.16166003048419952,0.011462821625173092,0.8268771767616272,0.15019720885902643,Tech,2020-Q4,19,75,0.2
GOOGL,2020-Q4,"Feb 2, 2021, 5:00 p.m. ET",0.16166003048419952,0.011462821625173092,0.8268771767616272,0.15019720885902643,Tech,2020-Q4,19,75,0.2
GOOGL,2020-Q4,"Feb 2, 2021, 5:00 p.m. ET",0.16166003048419952,0.011462821625173092,0.8268771767616272,0.15019720885902643,Tech,2020-Q4,19,75,0.2
GOOGL,2020-Q4,"Feb 2, 2021, 5:00 p.m. ET",0.16166003048419952,0.011462821625173092,0.8268771767616272,0.15019720885902643,Tech,2020-Q4,19,75,0.2
GOOGL,2020-Q4,"Feb 2, 2021, 5:00 p.m. ET",0.16166003048419952,0.011462821625173092,0.8268771767616272,0.15019720885902643,Tech,2020-Q4,19,75,0.2
GOOGL,2020-Q4,"Feb 2, 2021, 5:00 p.m. ET",0.16166003048419952,0.011462821625173092,0.8268771767616272,0.15019720885902643,Tech,2020-Q4,19,75,0.2
GOOGL,2020-Q4,"Feb 2, 2021, 5:00 p.m. ET",0.16166003048419952,0.011462821625173092,0.8268771767616272,0.15019720885902643,Tech,2020-Q4,19,75,0.2
GOOGL,2020-Q4,"Feb 2, 2021, 5:00 p.m. ET",0.16166003048419952,0.011462821625173092,0.8268771767616272,0.15019720885902643,Tech,2020-Q4,19,75,0.2
GOOGL,2020-Q4,"Feb 2, 2021, 5:00 p.m. ET",0.16166003048419952,0.011462821625173092,0.8268771767616272,0.15019720885902643,Tech,2020-Q4,19,75,0.2
DIS,2020-Q3,"Aug 04, 2020, 4:30 p.m. ET",0.028005406260490417,0.08130818605422974,0.8906863927841187,-0.05330277979373932,Media,2020-Q3,32,44,0.4155844155844156
DIS,2020-Q3,"Aug 04, 2020, 4:30 p.m. ET",0.028005406260490417,0.08130818605422974,0.8906863927841187,-0.05330277979373932,Media,2020-Q3,32,44,0.4155844155844156
DIS,2020-Q3,"Aug 04, 2020, 4:30 p.m. ET",0.028005406260490417,0.08130818605422974,0.8906863927841187,-0.05330277979373932,Media,2020-Q3,32,44,0.4155844155844156
DIS,2020-Q3,"Aug 04, 2020, 4:30 p.m. ET",0.028005406260490417,0.08130818605422974,0.8906863927841187,-0.05330277979373932,Media,2020-Q3,32,44,0.4155844155844156
DIS,2020-Q3,"Aug 04, 2020, 4:30 p.m. ET",0.028005406260490417,0.08130818605422974,0.8906863927841187,-0.05330277979373932,Media,2020-Q3,32,44,0.4155844155844156
DIS,2020-Q3,"Aug 04, 2020, 4:30 p.m. ET",0.028005406260490417,0.08130818605422974,0.8906863927841187,-0.05330277979373932,Media,2020-Q3,32,44,0.4155844155844156
DIS,2020-Q3,"Aug 04, 2020, 4:30 p.m. ET",0.028005406260490417,0.08130818605422974,0.8906863927841187,-0.05330277979373932,Media,2020-Q3,32,44,0.4155844155844156
DIS,2020-Q3,"Aug 04, 2020, 4:30 p.m. ET",0.028005406260490417,0.08130818605422974,0.8906863927841187,-0.05330277979373932,Media,2020-Q3,32,44,0.4155844155844156
DIS,2020-Q3,"Aug 04, 2020, 4:30 p.m. ET",0.028005406260490417,0.08130818605422974,0.8906863927841187,-0.05330277979373932,Media,2020-Q3,32,44,0.4155844155844156
DIS,2020-Q3,"Aug 04, 2020, 4:30 p.m. ET",0.028005406260490417,0.08130818605422974,0.8906863927841187,-0.05330277979373932,Media,2020-Q3,32,44,0.4155844155844156
DIS,2020-Q3,"Aug 04, 2020, 4:30 p.m. ET",0.028005406260490417,0.08130818605422974,0.8906863927841187,-0.05330277979373932,Media,2020-Q3,32,44,0.4155844155844156
DIS,2020-Q3,"Aug 04, 2020, 4:30 p.m. ET",0.028005406260490417,0.08130818605422974,0.8906863927841187,-0.05330277979373932,Media,2020-Q3,32,44,0.4155844155844156
DIS,2020-Q3,"Aug 04, 2020, 4:30 p.m. ET",0.028005406260490417,0.08130818605422974,0.8906863927841187,-0.05330277979373932,Media,2020-Q3,32,44,0.4155844155844156
DIS,2020-Q3,"Aug 04, 2020, 4:30 p.m. ET",0.028005406260490417,0.08130818605422974,0.8906863927841187,-0.05330277979373932,Media,2020-Q3,32,44,0.4155844155844156
DIS,2020-Q3,"Aug 04, 2020, 4:30 p.m. ET",0.028005406260490417,0.08130818605422974,0.8906863927841187,-0.05330277979373932,Media,2020-Q3,32,44,0.4155844155844156
DIS,2020-Q3,"Aug 04, 2020, 4:30 p.m. ET",0.028005406260490417,0.08130818605422974,0.8906863927841187,-0.05330277979373932,Media,2020-Q3,32,44,0.4155844155844156
DIS,2020-Q3,"Aug 04, 2020, 4:30 p.m. ET",0.028005406260490417,0.08130818605422974,0.8906863927841187,-0.05330277979373932,Media,2020-Q3,32,44,0.4155844155844156
DIS,2020-Q3,"Aug 04, 2020, 4:30 p.m. ET",0.028005406260490417,0.08130818605422974,0.8906863927841187,-0.05330277979373932,Media,2020-Q3,32,44,0.4155844155844156
DIS,2020-Q3,"Aug 04, 2020, 4:30 p.m. ET",0.028005406260490417,0.08130818605422974,0.8906863927841187,-0.05330277979373932,Media,2020-Q3,32,44,0.4155844155844156
DIS,2020-Q3,"Aug 04, 2020, 4:30 p.m. ET",0.028005406260490417,0.08130818605422974,0.8906863927841187,-0.05330277979373932,Media,2020-Q3,32,44,0.4155844155844156
DIS,2020-Q3,"Aug 04, 2020, 4:30 p.m. ET",0.028005406260490417,0.08130818605422974,0.8906863927841187,-0.05330277979373932,Media,2020-Q3,32,44,0.4155844155844156
DIS,2020-Q3,"Aug 04, 2020, 4:30 p.m. ET",0.028005406260490417,0.08130818605422974,0.8906863927841187,-0.05330277979373932,Media,2020-Q3,32,44,0.4155844155844156
DIS,2020-Q3,"Aug 04, 2020, 4:30 p.m. ET",0.028005406260490417,0.08130818605422974,0.8906863927841187,-0.05330277979373932,Media,2020-Q3,32,44,0.4155844155844156
DIS,2020-Q3,"Aug 04, 2020, 4:30 p.m. ET",0.028005406260490417,0.08130818605422974,0.8906863927841187,-0.05330277979373932,Media,2020-Q3,32,44,0.4155844155844156
DIS,2020-Q3,"Aug 04, 2020, 4:30 p.m. ET",0.028005406260490417,0.08130818605422974,0.8906863927841187,-0.05330277979373932,Media,2020-Q3,32,44,0.4155844155844156
AMZN,2020-Q2,"Jul 30, 2020, 5:30 p.m. ET",0.09640108048915863,0.015877222642302513,0.8877217173576355,0.08052385784685612,Tech,2020-Q2,11,54,0.16666666666666666
AMZN,2020-Q2,"Jul 30, 2020, 5:30 p.m. ET",0.09640108048915863,0.015877222642302513,0.8877217173576355,0.08052385784685612,Tech,2020-Q2,11,54,0.16666666666666666
AMZN,2020-Q2,"Jul 30, 2020, 5:30 p.m. ET",0.09640108048915863,0.015877222642302513,0.8877217173576355,0.08052385784685612,Tech,2020-Q2,11,54,0.16666666666666666
AMZN,2020-Q2,"Jul 30, 2020, 5:30 p.m. ET",0.09640108048915863,0.015877222642302513,0.8877217173576355,0.08052385784685612,Tech,2020-Q2,11,54,0.16666666666666666
AMZN,2020-Q2,"Jul 30, 2020, 5:30 p.m. ET",0.09640108048915863,0.015877222642302513,0.8877217173576355,0.08052385784685612,Tech,2020-Q2,11,54,0.16666666666666666
AMZN,2020-Q2,"Jul 30, 2020, 5:30 p.m. ET",0.09640108048915863,0.015877222642302513,0.8877217173576355,0.08052385784685612,Tech,2020-Q2,11,54,0.16666666666666666
AMZN,2020-Q2,"Jul 30, 2020, 5:30 p.m. ET",0.09640108048915863,0.015877222642302513,0.8877217173576355,0.08052385784685612,Tech,2020-Q2,11,54,0.16666666666666666
AMZN,2020-Q2,"Jul 30, 2020, 5:30 p.m. ET",0.09640108048915863,0.015877222642302513,0.8877217173576355,0.08052385784685612,Tech,2020-Q2,11,54,0.16666666666666666
AMZN,2020-Q2,"Jul 30, 2020, 5:30 p.m. ET",0.09640108048915863,0.015877222642302513,0.8877217173576355,0.08052385784685612,Tech,2020-Q2,11,54,0.16666666666666666
AMZN,2020-Q2,"Jul 30, 2020, 5:30 p.m. ET",0.09640108048915863,0.015877222642302513,0.8877217173576355,0.08052385784685612,Tech,2020-Q2,11,54,0.16666666666666666
AMZN,2020-Q2,"Jul 30, 2020, 5:30 p.m. ET",0.09640108048915863,0.015877222642302513,0.8877217173576355,0.08052385784685612,Tech,2020-Q2,11,54,0.16666666666666666
AMZN,2020-Q2,"Jul 30, 2020, 5:30 p.m. ET",0.09640108048915863,0.015877222642302513,0.8877217173576355,0.08052385784685612,Tech,2020-Q2,11,54,0.16666666666666666
AMZN,2020-Q2,"Jul 30, 2020, 5:30 p.m. ET",0.09640108048915863,0.015877222642302513,0.8877217173576355,0.08052385784685612,Tech,2020-Q2,11,54,0.16666666666666666
AMZN,2020-Q2,"Jul 30, 2020, 5:30 p.m. ET",0.09640108048915863,0.015877222642302513,0.8877217173576355,0.08052385784685612,Tech,2020-Q2,11,54,0.16666666666666666
AMZN,2020-Q2,"Jul 30, 2020, 5:30 p.m. ET",0.09640108048915863,0.015877222642302513,0.8877217173576355,0.08052385784685612,Tech,2020-Q2,11,54,0.16666666666666666
AMZN,2020-Q2,"Jul 30, 2020, 5:30 p.m. ET",0.09640108048915863,0.015877222642302513,0.8877217173576355,0.08052385784685612,Tech,2020-Q2,11,54,0.16666666666666666
AMZN,2020-Q2,"Jul 30, 2020, 5:30 p.m. ET",0.09640108048915863,0.015877222642302513,0.8877217173576355,0.08052385784685612,Tech,2020-Q2,11,54,0.16666666666666666
AMZN,2020-Q2,"Jul 30, 2020, 5:30 p.m. ET",0.09640108048915863,0.015877222642302513,0.8877217173576355,0.08052385784685612,Tech,2020-Q2,11,54,0.16666666666666666
AMZN,2020-Q2,"Jul 30, 2020, 5:30 p.m. ET",0.09640108048915863,0.015877222642302513,0.8877217173576355,0.08052385784685612,Tech,2020-Q2,11,54,0.16666666666666666
AMZN,2020-Q2,"Jul 30, 2020, 5:30 p.m. ET",0.09640108048915863,0.015877222642302513,0.8877217173576355,0.08052385784685612,Tech,2020-Q2,11,54,0.16666666666666666
AMZN,2020-Q2,"Jul 30, 2020, 5:30 p.m. ET",0.09640108048915863,0.015877222642302513,0.8877217173576355,0.08052385784685612,Tech,2020-Q2,11,54,0.16666666666666666
AMZN,2020-Q2,"Jul 30, 2020, 5:30 p.m. ET",0.09640108048915863,0.015877222642302513,0.8877217173576355,0.08052385784685612,Tech,2020-Q2,11,54,0.16666666666666666
AMZN,2020-Q2,"Jul 30, 2020, 5:30 p.m. ET",0.09640108048915863,0.015877222642302513,0.8877217173576355,0.08052385784685612,Tech,2020-Q2,11,54,0.16666666666666666
AMZN,2020-Q2,"Jul 30, 2020, 5:30 p.m. ET",0.09640108048915863,0.015877222642302513,0.8877217173576355,0.08052385784685612,Tech,2020-Q2,11,54,0.16666666666666666
AMZN,2020-Q2,"Jul 30, 2020, 5:30 p.m. ET",0.09640108048915863,0.015877222642302513,0.8877217173576355,0.08052385784685612,Tech,2020-Q2,11,54,0.16666666666666666
DIS,2020-Q3,"Aug 04, 2020, 4:30 p.m. ET",0.028005406260490417,0.08130818605422974,0.8906863927841187,-0.05330277979373932,Media,2020-Q3,32,44,0.4155844155844156
DIS,2020-Q3,"Aug 04, 2020, 4:30 p.m. ET",0.028005406260490417,0.08130818605422974,0.8906863927841187,-0.05330277979373932,Media,2020-Q3,32,44,0.4155844155844156
DIS,2020-Q3,"Aug 04, 2020, 4:30 p.m. ET",0.028005406260490417,0.08130818605422974,0.8906863927841187,-0.05330277979373932,Media,2020-Q3,32,44,0.4155844155844156
DIS,2020-Q3,"Aug 04, 2020, 4:30 p.m. ET",0.028005406260490417,0.08130818605422974,0.8906863927841187,-0.05330277979373932,Media,2020-Q3,32,44,0.4155844155844156
DIS,2020-Q3,"Aug 04, 2020, 4:30 p.m. ET",0.028005406260490417,0.08130818605422974,0.8906863927841187,-0.05330277979373932,Media,2020-Q3,32,44,0.4155844155844156
DIS,2020-Q3,"Aug 04, 2020, 4:30 p.m. ET",0.028005406260490417,0.08130818605422974,0.8906863927841187,-0.05330277979373932,Media,2020-Q3,32,44,0.4155844155844156
DIS,2020-Q3,"Aug 04, 2020, 4:30 p.m. ET",0.028005406260490417,0.08130818605422974,0.8906863927841187,-0.05330277979373932,Media,2020-Q3,32,44,0.4155844155844156
DIS,2020-Q3,"Aug 04, 2020, 4:30 p.m. ET",0.028005406260490417,0.08130818605422974,0.8906863927841187,-0.05330277979373932,Media,2020-Q3,32,44,0.4155844155844156
DIS,2020-Q3,"Aug 04, 2020, 4:30 p.m. ET",0.028005406260490417,0.08130818605422974,0.8906863927841187,-0.05330277979373932,Media,2020-Q3,32,44,0.4155844155844156
DIS,2020-Q3,"Aug 04, 2020, 4:30 p.m. ET",0.028005406260490417,0.08130818605422974,0.8906863927841187,-0.05330277979373932,Media,2020-Q3,32,44,0.4155844155844156
DIS,2020-Q3,"Aug 04, 2020, 4:30 p.m. ET",0.028005406260490417,0.08130818605422974,0.8906863927841187,-0.05330277979373932,Media,2020-Q3,32,44,0.4155844155844156
DIS,2020-Q3,"Aug 04, 2020, 4:30 p.m. ET",0.028005406260490417,0.08130818605422974,0.8906863927841187,-0.05330277979373932,Media,2020-Q3,32,44,0.4155844155844156
DIS,2020-Q3,"Aug 04, 2020, 4:30 p.m. ET",0.028005406260490417,0.08130818605422974,0.8906863927841187,-0.05330277979373932,Media,2020-Q3,32,44,0.4155844155844156
DIS,2020-Q3,"Aug 04, 2020, 4:30 p.m. ET",0.028005406260490417,0.08130818605422974,0.8906863927841187,-0.05330277979373932,Media,2020-Q3,32,44,0.4155844155844156
DIS,2020-Q3,"Aug 04, 2020, 4:30 p.m. ET",0.028005406260490417,0.08130818605422974,0.8906863927841187,-0.05330277979373932,Media,2020-Q3,32,44,0.4155844155844156
DIS,2020-Q3,"Aug 04, 2020, 4:30 p.m. ET",0.028005406260490417,0.08130818605422974,0.8906863927841187,-0.05330277979373932,Media,2020-Q3,32,44,0.4155844155844156
DIS,2020-Q3,"Aug 04, 2020, 4:30 p.m. ET",0.028005406260490417,0.08130818605422974,0.8906863927841187,-0.05330277979373932,Media,2020-Q3,32,44,0.4155844155844156
DIS,2020-Q3,"Aug 04, 2020, 4:30 p.m. ET",0.028005406260490417,0.08130818605422974,0.8906863927841187,-0.05330277979373932,Media,2020-Q3,32,44,0.4155844155844156
DIS,2020-Q3,"Aug 04, 2020, 4:30 p.m. ET",0.028005406260490417,0.08130818605422974,0.8906863927841187,-0.05330277979373932,Media,2020-Q3,32,44,0.4155844155844156
DIS,2020-Q3,"Aug 04, 2020, 4:30 p.m. ET",0.028005406260490417,0.08130818605422974,0.8906863927841187,-0.05330277979373932,Media,2020-Q3,32,44,0.4155844155844156
DIS,2020-Q3,"Aug 04, 2020, 4:30 p.m. ET",0.028005406260490417,0.08130818605422974,0.8906863927841187,-0.05330277979373932,Media,2020-Q3,32,44,0.4155844155844156
DIS,2020-Q3,"Aug 04, 2020, 4:30 p.m. ET",0.028005406260490417,0.08130818605422974,0.8906863927841187,-0.05330277979373932,Media,2020-Q3,32,44,0.4155844155844156
DIS,2020-Q3,"Aug 04, 2020, 4:30 p.m. ET",0.028005406260490417,0.08130818605422974,0.8906863927841187,-0.05330277979373932,Media,2020-Q3,32,44,0.4155844155844156
DIS,2020-Q3,"Aug 04, 2020, 4:30 p.m. ET",0.028005406260490417,0.08130818605422974,0.8906863927841187,-0.05330277979373932,Media,2020-Q3,32,44,0.4155844155844156
DIS,2020-Q3,"Aug 04, 2020, 4:30 p.m. ET",0.028005406260490417,0.08130818605422974,0.8906863927841187,-0.05330277979373932,Media,2020-Q3,32,44,0.4155844155844156
AAPL,2021-Q2,"Apr 28, 2021, 5:00 p.m. ET",0.16645193099975586,0.01965874619781971,0.8138893842697144,0.14679318480193615,Tech,2021-Q2,28,97,0.2222222222222222
AMZN,2021-Q1,"Apr 29, 2021, 5:30 p.m. ET",0.06765195727348328,0.014981250278651714,0.9173667430877686,0.05267070699483156,Tech,2021-Q1,7,58,0.10606060606060606
AMZN,2021-Q1,"Apr 29, 2021, 5:30 p.m. ET",0.06765195727348328,0.014981250278651714,0.9173667430877686,0.05267070699483156,Tech,2021-Q1,7,58,0.10606060606060606
AMZN,2021-Q1,"Apr 29, 2021, 5:30 p.m. ET",0.06765195727348328,0.014981250278651714,0.9173667430877686,0.05267070699483156,Tech,2021-Q1,7,58,0.10606060606060606
AMZN,2021-Q1,"Apr 29, 2021, 5:30 p.m. ET",0.06765195727348328,0.014981250278651714,0.9173667430877686,0.05267070699483156,Tech,2021-Q1,7,58,0.10606060606060606
GM,2020-Q1,"May 6, 2020, 10:00 a.m. ET",0.05487990006804466,0.021794287487864494,0.9233258366584778,0.03308561258018017,Auto,2020-Q1,28,38,0.417910447761194
WFC,2020-Q2,"Jul 14, 2020, 11:00 a.m. ET",0.05147229880094528,0.042164094746112823,0.9063636064529419,0.009308204054832458,Finance,2020-Q2,116,62,0.6480446927374302
AMZN,2020-Q2,"Jul 30, 2020, 5:30 p.m. ET",0.09640108048915863,0.015877222642302513,0.8877217173576355,0.08052385784685612,Tech,2020-Q2,11,54,0.16666666666666666
AMZN,2020-Q2,"Jul 30, 2020, 5:30 p.m. ET",0.09640108048915863,0.015877222642302513,0.8877217173576355,0.08052385784685612,Tech,2020-Q2,11,54,0.16666666666666666
AMZN,2020-Q2,"Jul 30, 2020, 5:30 p.m. ET",0.09640108048915863,0.015877222642302513,0.8877217173576355,0.08052385784685612,Tech,2020-Q2,11,54,0.16666666666666666
AMZN,2020-Q2,"Jul 30, 2020, 5:30 p.m. ET",0.09640108048915863,0.015877222642302513,0.8877217173576355,0.08052385784685612,Tech,2020-Q2,11,54,0.16666666666666666
AMZN,2020-Q2,"Jul 30, 2020, 5:30 p.m. ET",0.09640108048915863,0.015877222642302513,0.8877217173576355,0.08052385784685612,Tech,2020-Q2,11,54,0.16666666666666666
AMZN,2020-Q2,"Jul 30, 2020, 5:30 p.m. ET",0.09640108048915863,0.015877222642302513,0.8877217173576355,0.08052385784685612,Tech,2020-Q2,11,54,0.16666666666666666
AMZN,2020-Q2,"Jul 30, 2020, 5:30 p.m. ET",0.09640108048915863,0.015877222642302513,0.8877217173576355,0.08052385784685612,Tech,2020-Q2,11,54,0.16666666666666666
AMZN,2020-Q2,"Jul 30, 2020, 5:30 p.m. ET",0.09640108048915863,0.015877222642302513,0.8877217173576355,0.08052385784685612,Tech,2020-Q2,11,54,0.16666666666666666
AMZN,2020-Q2,"Jul 30, 2020, 5:30 p.m. ET",0.09640108048915863,0.015877222642302513,0.8877217173576355,0.08052385784685612,Tech,2020-Q2,11,54,0.16666666666666666
AMZN,2020-Q2,"Jul 30, 2020, 5:30 p.m. ET",0.09640108048915863,0.015877222642302513,0.8877217173576355,0.08052385784685612,Tech,2020-Q2,11,54,0.16666666666666666
AMZN,2020-Q2,"Jul 30, 2020, 5:30 p.m. ET",0.09640108048915863,0.015877222642302513,0.8877217173576355,0.08052385784685612,Tech,2020-Q2,11,54,0.16666666666666666
AMZN,2020-Q2,"Jul 30, 2020, 5:30 p.m. ET",0.09640108048915863,0.015877222642302513,0.8877217173576355,0.08052385784685612,Tech,2020-Q2,11,54,0.16666666666666666
AMZN,2020-Q2,"Jul 30, 2020, 5:30 p.m. ET",0.09640108048915863,0.015877222642302513,0.8877217173576355,0.08052385784685612,Tech,2020-Q2,11,54,0.16666666666666666
AMZN,2020-Q2,"Jul 30, 2020, 5:30 p.m. ET",0.09640108048915863,0.015877222642302513,0.8877217173576355,0.08052385784685612,Tech,2020-Q2,11,54,0.16666666666666666
AMZN,2020-Q2,"Jul 30, 2020, 5:30 p.m. ET",0.09640108048915863,0.015877222642302513,0.8877217173576355,0.08052385784685612,Tech,2020-Q2,11,54,0.16666666666666666
AMZN,2020-Q2,"Jul 30, 2020, 5:30 p.m. ET",0.09640108048915863,0.015877222642302513,0.8877217173576355,0.08052385784685612,Tech,2020-Q2,11,54,0.16666666666666666
AMZN,2020-Q2,"Jul 30, 2020, 5:30 p.m. ET",0.09640108048915863,0.015877222642302513,0.8877217173576355,0.08052385784685612,Tech,2020-Q2,11,54,0.16666666666666666
AMZN,2020-Q2,"Jul 30, 2020, 5:30 p.m. ET",0.09640108048915863,0.015877222642302513,0.8877217173576355,0.08052385784685612,Tech,2020-Q2,11,54,0.16666666666666666
AMZN,2020-Q2,"Jul 30, 2020, 5:30 p.m. ET",0.09640108048915863,0.015877222642302513,0.8877217173576355,0.08052385784685612,Tech,2020-Q2,11,54,0.16666666666666666
AMZN,2020-Q2,"Jul 30, 2020, 5:30 p.m. ET",0.09640108048915863,0.015877222642302513,0.8877217173576355,0.08052385784685612,Tech,2020-Q2,11,54,0.16666666666666666
AMZN,2020-Q2,"Jul 30, 2020, 5:30 p.m. ET",0.09640108048915863,0.015877222642302513,0.8877217173576355,0.08052385784685612,Tech,2020-Q2,11,54,0.16666666666666666
AMZN,2020-Q2,"Jul 30, 2020, 5:30 p.m. ET",0.09640108048915863,0.015877222642302513,0.8877217173576355,0.08052385784685612,Tech,2020-Q2,11,54,0.16666666666666666
AMZN,2020-Q2,"Jul 30, 2020, 5:30 p.m. ET",0.09640108048915863,0.015877222642302513,0.8877217173576355,0.08052385784685612,Tech,2020-Q2,11,54,0.16666666666666666
AMZN,2020-Q2,"Jul 30, 2020, 5:30 p.m. ET",0.09640108048915863,0.015877222642302513,0.8877217173576355,0.08052385784685612,Tech,2020-Q2,11,54,0.16666666666666666
AMZN,2020-Q2,"Jul 30, 2020, 5:30 p.m. ET",0.09640108048915863,0.015877222642302513,0.8877217173576355,0.08052385784685612,Tech,2020-Q2,11,54,0.16666666666666666
BLK,2020-Q4,"Jan 14, 2021, 8:30 a.m. ET",0.1290874481201172,0.013040523044764996,0.8578720092773438,0.11604692507535219,Finance,2020-Q4,27,113,0.19148936170212766
BLK,2020-Q4,"Jan 14, 2021, 8:30 a.m. ET",0.1290874481201172,0.013040523044764996,0.8578720092773438,0.11604692507535219,Finance,2020-Q4,27,113,0.19148936170212766
BLK,2020-Q4,"Jan 14, 2021, 8:30 a.m. ET",0.1290874481201172,0.013040523044764996,0.8578720092773438,0.11604692507535219,Finance,2020-Q4,27,113,0.19148936170212766
BLK,2020-Q4,"Jan 14, 2021, 8:30 a.m. ET",0.1290874481201172,0.013040523044764996,0.8578720092773438,0.11604692507535219,Finance,2020-Q4,27,113,0.19148936170212766
BLK,2020-Q4,"Jan 14, 2021, 8:30 a.m. ET",0.1290874481201172,0.013040523044764996,0.8578720092773438,0.11604692507535219,Finance,2020-Q4,27,113,0.19148936170212766
TSLA,2020-Q2,"Jul 22, 2020, 6:00 p.m. ET",0.085098035633564,0.018818067386746407,0.8960838913917542,0.06627996824681759,Auto,2020-Q2,14,32,0.2978723404255319
TSLA,2020-Q2,"Jul 22, 2020, 6:00 p.m. ET",0.085098035633564,0.018818067386746407,0.8960838913917542,0.06627996824681759,Auto,2020-Q2,14,32,0.2978723404255319
TSLA,2020-Q2,"Jul 22, 2020, 6:00 p.m. ET",0.085098035633564,0.018818067386746407,0.8960838913917542,0.06627996824681759,Auto,2020-Q2,14,32,0.2978723404255319
TSLA,2020-Q2,"Jul 22, 2020, 6:00 p.m. ET",0.085098035633564,0.018818067386746407,0.8960838913917542,0.06627996824681759,Auto,2020-Q2,14,32,0.2978723404255319
TSLA,2020-Q2,"Jul 22, 2020, 6:00 p.m. ET",0.085098035633564,0.018818067386746407,0.8960838913917542,0.06627996824681759,Auto,2020-Q2,14,32,0.2978723404255319
TSLA,2020-Q2,"Jul 22, 2020, 6:00 p.m. ET",0.085098035633564,0.018818067386746407,0.8960838913917542,0.06627996824681759,Auto,2020-Q2,14,32,0.2978723404255319
TSLA,2020-Q2,"Jul 22, 2020, 6:00 p.m. ET",0.085098035633564,0.018818067386746407,0.8960838913917542,0.06627996824681759,Auto,2020-Q2,14,32,0.2978723404255319
TSLA,2020-Q2,"Jul 22, 2020, 6:00 p.m. ET",0.085098035633564,0.018818067386746407,0.8960838913917542,0.06627996824681759,Auto,2020-Q2,14,32,0.2978723404255319
TSLA,2020-Q2,"Jul 22, 2020, 6:00 p.m. ET",0.085098035633564,0.018818067386746407,0.8960838913917542,0.06627996824681759,Auto,2020-Q2,14,32,0.2978723404255319
TSLA,2020-Q2,"Jul 22, 2020, 6:00 p.m. ET",0.085098035633564,0.018818067386746407,0.8960838913917542,0.06627996824681759,Auto,2020-Q2,14,32,0.2978723404255319
TSLA,2020-Q2,"Jul 22, 2020, 6:00 p.m. ET",0.085098035633564,0.018818067386746407,0.8960838913917542,0.06627996824681759,Auto,2020-Q2,14,32,0.2978723404255319
TSLA,2020-Q2,"Jul 22, 2020, 6:00 p.m. ET",0.085098035633564,0.018818067386746407,0.8960838913917542,0.06627996824681759,Auto,2020-Q2,14,32,0.2978723404255319
TSLA,2020-Q2,"Jul 22, 2020, 6:00 p.m. ET",0.085098035633564,0.018818067386746407,0.8960838913917542,0.06627996824681759,Auto,2020-Q2,14,32,0.2978723404255319
TSLA,2020-Q2,"Jul 22, 2020, 6:00 p.m. ET",0.085098035633564,0.018818067386746407,0.8960838913917542,0.06627996824681759,Auto,2020-Q2,14,32,0.2978723404255319
TSLA,2020-Q2,"Jul 22, 2020, 6:00 p.m. ET",0.085098035633564,0.018818067386746407,0.8960838913917542,0.06627996824681759,Auto,2020-Q2,14,32,0.2978723404255319
TSLA,2020-Q2,"Jul 22, 2020, 6:00 p.m. ET",0.085098035633564,0.018818067386746407,0.8960838913917542,0.06627996824681759,Auto,2020-Q2,14,32,0.2978723404255319
TSLA,2020-Q2,"Jul 22, 2020, 6:00 p.m. ET",0.085098035633564,0.018818067386746407,0.8960838913917542,0.06627996824681759,Auto,2020-Q2,14,32,0.2978723404255319
TSLA,2020-Q2,"Jul 22, 2020, 6:00 p.m. ET",0.085098035633564,0.018818067386746407,0.8960838913917542,0.06627996824681759,Auto,2020-Q2,14,32,0.2978723404255319
TSLA,2020-Q2,"Jul 22, 2020, 6:00 p.m. ET",0.085098035633564,0.018818067386746407,0.8960838913917542,0.06627996824681759,Auto,2020-Q2,14,32,0.2978723404255319
TSLA,2020-Q2,"Jul 22, 2020, 6:00 p.m. ET",0.085098035633564,0.018818067386746407,0.8960838913917542,0.06627996824681759,Auto,2020-Q2,14,32,0.2978723404255319
TSLA,2020-Q2,"Jul 22, 2020, 6:00 p.m. ET",0.085098035633564,0.018818067386746407,0.8960838913917542,0.06627996824681759,Auto,2020-Q2,14,32,0.2978723404255319
TSLA,2020-Q2,"Jul 22, 2020, 6:00 p.m. ET",0.085098035633564,0.018818067386746407,0.8960838913917542,0.06627996824681759,Auto,2020-Q2,14,32,0.2978723404255319
TSLA,2020-Q2,"Jul 22, 2020, 6:00 p.m. ET",0.085098035633564,0.018818067386746407,0.8960838913917542,0.06627996824681759,Auto,2020-Q2,14,32,0.2978723404255319
TSLA,2020-Q2,"Jul 22, 2020, 6:00 p.m. ET",0.085098035633564,0.018818067386746407,0.8960838913917542,0.06627996824681759,Auto,2020-Q2,14,32,0.2978723404255319
TSLA,2020-Q2,"Jul 22, 2020, 6:00 p.m. ET",0.085098035633564,0.018818067386746407,0.8960838913917542,0.06627996824681759,Auto,2020-Q2,14,32,0.2978723404255319
TSLA,2020-Q2,"Jul 22, 2020, 6:00 p.m. ET",0.085098035633564,0.018818067386746407,0.8960838913917542,0.06627996824681759,Auto,2020-Q2,14,32,0.2978723404255319
TSLA,2020-Q2,"Jul 22, 2020, 6:00 p.m. ET",0.085098035633564,0.018818067386746407,0.8960838913917542,0.06627996824681759,Auto,2020-Q2,14,32,0.2978723404255319
TSLA,2020-Q2,"Jul 22, 2020, 6:00 p.m. ET",0.085098035633564,0.018818067386746407,0.8960838913917542,0.06627996824681759,Auto,2020-Q2,14,32,0.2978723404255319
TSLA,2020-Q2,"Jul 22, 2020, 6:00 p.m. ET",0.085098035633564,0.018818067386746407,0.8960838913917542,0.06627996824681759,Auto,2020-Q2,14,32,0.2978723404255319
TSLA,2020-Q2,"Jul 22, 2020, 6:00 p.m. ET",0.085098035633564,0.018818067386746407,0.8960838913917542,0.06627996824681759,Auto,2020-Q2,14,32,0.2978723404255319
TSLA,2020-Q2,"Jul 22, 2020, 6:00 p.m. ET",0.085098035633564,0.018818067386746407,0.8960838913917542,0.06627996824681759,Auto,2020-Q2,14,32,0.2978723404255319
TSLA,2020-Q2,"Jul 22, 2020, 6:00 p.m. ET",0.085098035633564,0.018818067386746407,0.8960838913917542,0.06627996824681759,Auto,2020-Q2,14,32,0.2978723404255319
GM,2021-Q1,"May 05, 2021, 10:00 a.m. ET",0.09408683329820633,0.016766704618930817,0.8891465067863464,0.07732012867927551,Auto,2021-Q1,42,112,0.2709677419354839
GM,2021-Q1,"May 05, 2021, 10:00 a.m. ET",0.09408683329820633,0.016766704618930817,0.8891465067863464,0.07732012867927551,Auto,2021-Q1,42,112,0.2709677419354839
AAPL,2020-Q2,"Apr 30, 2020, 5:00 p.m. ET",0.2375384420156479,0.012087523937225342,0.7503740191459656,0.22545091807842255,Tech,2020-Q2,33,61,0.3473684210526316
AAPL,2020-Q2,"Apr 30, 2020, 5:00 p.m. ET",0.2375384420156479,0.012087523937225342,0.7503740191459656,0.22545091807842255,Tech,2020-Q2,33,61,0.3473684210526316
AAPL,2020-Q2,"Apr 30, 2020, 5:00 p.m. ET",0.2375384420156479,0.012087523937225342,0.7503740191459656,0.22545091807842255,Tech,2020-Q2,33,61,0.3473684210526316
AAPL,2020-Q2,"Apr 30, 2020, 5:00 p.m. ET",0.2375384420156479,0.012087523937225342,0.7503740191459656,0.22545091807842255,Tech,2020-Q2,33,61,0.3473684210526316
AAPL,2020-Q2,"Apr 30, 2020, 5:00 p.m. ET",0.2375384420156479,0.012087523937225342,0.7503740191459656,0.22545091807842255,Tech,2020-Q2,33,61,0.3473684210526316
AAPL,2020-Q2,"Apr 30, 2020, 5:00 p.m. ET",0.2375384420156479,0.012087523937225342,0.7503740191459656,0.22545091807842255,Tech,2020-Q2,33,61,0.3473684210526316
AAPL,2020-Q2,"Apr 30, 2020, 5:00 p.m. ET",0.2375384420156479,0.012087523937225342,0.7503740191459656,0.22545091807842255,Tech,2020-Q2,33,61,0.3473684210526316
AAPL,2020-Q2,"Apr 30, 2020, 5:00 p.m. ET",0.2375384420156479,0.012087523937225342,0.7503740191459656,0.22545091807842255,Tech,2020-Q2,33,61,0.3473684210526316
AAPL,2020-Q2,"Apr 30, 2020, 5:00 p.m. ET",0.2375384420156479,0.012087523937225342,0.7503740191459656,0.22545091807842255,Tech,2020-Q2,33,61,0.3473684210526316
AAPL,2020-Q2,"Apr 30, 2020, 5:00 p.m. ET",0.2375384420156479,0.012087523937225342,0.7503740191459656,0.22545091807842255,Tech,2020-Q2,33,61,0.3473684210526316
AAPL,2020-Q2,"Apr 30, 2020, 5:00 p.m. ET",0.2375384420156479,0.012087523937225342,0.7503740191459656,0.22545091807842255,Tech,2020-Q2,33,61,0.3473684210526316
AAPL,2020-Q2,"Apr 30, 2020, 5:00 p.m. ET",0.2375384420156479,0.012087523937225342,0.7503740191459656,0.22545091807842255,Tech,2020-Q2,33,61,0.3473684210526316
AAPL,2020-Q2,"Apr 30, 2020, 5:00 p.m. ET",0.2375384420156479,0.012087523937225342,0.7503740191459656,0.22545091807842255,Tech,2020-Q2,33,61,0.3473684210526316
AAPL,2020-Q2,"Apr 30, 2020, 5:00 p.m. ET",0.2375384420156479,0.012087523937225342,0.7503740191459656,0.22545091807842255,Tech,2020-Q2,33,61,0.3473684210526316
AAPL,2020-Q2,"Apr 30, 2020, 5:00 p.m. ET",0.2375384420156479,0.012087523937225342,0.7503740191459656,0.22545091807842255,Tech,2020-Q2,33,61,0.3473684210526316
AAPL,2020-Q2,"Apr 30, 2020, 5:00 p.m. ET",0.2375384420156479,0.012087523937225342,0.7503740191459656,0.22545091807842255,Tech,2020-Q2,33,61,0.3473684210526316
AAPL,2020-Q2,"Apr 30, 2020, 5:00 p.m. ET",0.2375384420156479,0.012087523937225342,0.7503740191459656,0.22545091807842255,Tech,2020-Q2,33,61,0.3473684210526316
AAPL,2020-Q2,"Apr 30, 2020, 5:00 p.m. ET",0.2375384420156479,0.012087523937225342,0.7503740191459656,0.22545091807842255,Tech,2020-Q2,33,61,0.3473684210526316
AAPL,2020-Q2,"Apr 30, 2020, 5:00 p.m. ET",0.2375384420156479,0.012087523937225342,0.7503740191459656,0.22545091807842255,Tech,2020-Q2,33,61,0.3473684210526316
AAPL,2020-Q2,"Apr 30, 2020, 5:00 p.m. ET",0.2375384420156479,0.012087523937225342,0.7503740191459656,0.22545091807842255,Tech,2020-Q2,33,61,0.3473684210526316
AAPL,2020-Q2,"Apr 30, 2020, 5:00 p.m. ET",0.2375384420156479,0.012087523937225342,0.7503740191459656,0.22545091807842255,Tech,2020-Q2,33,61,0.3473684210526316
AAPL,2020-Q2,"Apr 30, 2020, 5:00 p.m. ET",0.2375384420156479,0.012087523937225342,0.7503740191459656,0.22545091807842255,Tech,2020-Q2,33,61,0.3473684210526316
AAPL,2020-Q2,"Apr 30, 2020, 5:00 p.m. ET",0.2375384420156479,0.012087523937225342,0.7503740191459656,0.22545091807842255,Tech,2020-Q2,33,61,0.3473684210526316
AAPL,2020-Q2,"Apr 30, 2020, 5:00 p.m. ET",0.2375384420156479,0.012087523937225342,0.7503740191459656,0.22545091807842255,Tech,2020-Q2,33,61,0.3473684210526316
AAPL,2020-Q2,"Apr 30, 2020, 5:00 p.m. ET",0.2375384420156479,0.012087523937225342,0.7503740191459656,0.22545091807842255,Tech,2020-Q2,33,61,0.3473684210526316
TSLA,2022-Q3,"Oct 19, 2022, 5:30 p.m. ET",0.8598453998565674,0.015982456505298615,0.1241721361875534,0.8438629433512688,Auto,2022-Q3,27,41,0.391304347826087
INTC,2020-Q4,"Jan 21, 2021, 5:00 p.m. ET",0.2571169137954712,0.01003392692655325,0.7328491806983948,0.24708298686891794,Tech,2020-Q4,17,101,0.14285714285714285
INTC,2020-Q4,"Jan 21, 2021, 5:00 p.m. ET",0.2571169137954712,0.01003392692655325,0.7328491806983948,0.24708298686891794,Tech,2020-Q4,17,101,0.14285714285714285
AAPL,2020-Q1,"Jan 28, 2020, 5:00 p.m. ET",0.44424036145210266,0.011321954429149628,0.5444376468658447,0.43291840702295303,Tech,2020-Q1,18,103,0.14754098360655737
AAPL,2020-Q1,"Jan 28, 2020, 5:00 p.m. ET",0.44424036145210266,0.011321954429149628,0.5444376468658447,0.43291840702295303,Tech,2020-Q1,18,103,0.14754098360655737
AAPL,2020-Q1,"Jan 28, 2020, 5:00 p.m. ET",0.44424036145210266,0.011321954429149628,0.5444376468658447,0.43291840702295303,Tech,2020-Q1,18,103,0.14754098360655737
AAPL,2020-Q1,"Jan 28, 2020, 5:00 p.m. ET",0.44424036145210266,0.011321954429149628,0.5444376468658447,0.43291840702295303,Tech,2020-Q1,18,103,0.14754098360655737
AAPL,2020-Q1,"Jan 28, 2020, 5:00 p.m. ET",0.44424036145210266,0.011321954429149628,0.5444376468658447,0.43291840702295303,Tech,2020-Q1,18,103,0.14754098360655737
AAPL,2020-Q1,"Jan 28, 2020, 5:00 p.m. ET",0.44424036145210266,0.011321954429149628,0.5444376468658447,0.43291840702295303,Tech,2020-Q1,18,103,0.14754098360655737
AAPL,2020-Q1,"Jan 28, 2020, 5:00 p.m. ET",0.44424036145210266,0.011321954429149628,0.5444376468658447,0.43291840702295303,Tech,2020-Q1,18,103,0.14754098360655737
AAPL,2020-Q1,"Jan 28, 2020, 5:00 p.m. ET",0.44424036145210266,0.011321954429149628,0.5444376468658447,0.43291840702295303,Tech,2020-Q1,18,103,0.14754098360655737
AAPL,2020-Q1,"Jan 28, 2020, 5:00 p.m. ET",0.44424036145210266,0.011321954429149628,0.5444376468658447,0.43291840702295303,Tech,2020-Q1,18,103,0.14754098360655737
AAPL,2020-Q1,"Jan 28, 2020, 5:00 p.m. ET",0.44424036145210266,0.011321954429149628,0.5444376468658447,0.43291840702295303,Tech,2020-Q1,18,103,0.14754098360655737
AAPL,2020-Q1,"Jan 28, 2020, 5:00 p.m. ET",0.44424036145210266,0.011321954429149628,0.5444376468658447,0.43291840702295303,Tech,2020-Q1,18,103,0.14754098360655737
AAPL,2020-Q1,"Jan 28, 2020, 5:00 p.m. ET",0.44424036145210266,0.011321954429149628,0.5444376468658447,0.43291840702295303,Tech,2020-Q1,18,103,0.14754098360655737
AAPL,2020-Q1,"Jan 28, 2020, 5:00 p.m. ET",0.44424036145210266,0.011321954429149628,0.5444376468658447,0.43291840702295303,Tech,2020-Q1,18,103,0.14754098360655737
AAPL,2020-Q1,"Jan 28, 2020, 5:00 p.m. ET",0.44424036145210266,0.011321954429149628,0.5444376468658447,0.43291840702295303,Tech,2020-Q1,18,103,0.14754098360655737
AAPL,2020-Q1,"Jan 28, 2020, 5:00 p.m. ET",0.44424036145210266,0.011321954429149628,0.5444376468658447,0.43291840702295303,Tech,2020-Q1,18,103,0.14754098360655737
AAPL,2020-Q1,"Jan 28, 2020, 5:00 p.m. ET",0.44424036145210266,0.011321954429149628,0.5444376468658447,0.43291840702295303,Tech,2020-Q1,18,103,0.14754098360655737
AAPL,2020-Q1,"Jan 28, 2020, 5:00 p.m. ET",0.44424036145210266,0.011321954429149628,0.5444376468658447,0.43291840702295303,Tech,2020-Q1,18,103,0.14754098360655737
AAPL,2020-Q1,"Jan 28, 2020, 5:00 p.m. ET",0.44424036145210266,0.011321954429149628,0.5444376468658447,0.43291840702295303,Tech,2020-Q1,18,103,0.14754098360655737
AAPL,2020-Q1,"Jan 28, 2020, 5:00 p.m. ET",0.44424036145210266,0.011321954429149628,0.5444376468658447,0.43291840702295303,Tech,2020-Q1,18,103,0.14754098360655737
AAPL,2020-Q1,"Jan 28, 2020, 5:00 p.m. ET",0.44424036145210266,0.011321954429149628,0.5444376468658447,0.43291840702295303,Tech,2020-Q1,18,103,0.14754098360655737
AAPL,2020-Q1,"Jan 28, 2020, 5:00 p.m. ET",0.44424036145210266,0.011321954429149628,0.5444376468658447,0.43291840702295303,Tech,2020-Q1,18,103,0.14754098360655737
AMZN,2020-Q2,"Jul 30, 2020, 5:30 p.m. ET",0.09640108048915863,0.015877222642302513,0.8877217173576355,0.08052385784685612,Tech,2020-Q2,11,54,0.16666666666666666
AMZN,2020-Q2,"Jul 30, 2020, 5:30 p.m. ET",0.09640108048915863,0.015877222642302513,0.8877217173576355,0.08052385784685612,Tech,2020-Q2,11,54,0.16666666666666666
AMZN,2020-Q2,"Jul 30, 2020, 5:30 p.m. ET",0.09640108048915863,0.015877222642302513,0.8877217173576355,0.08052385784685612,Tech,2020-Q2,11,54,0.16666666666666666
AMZN,2020-Q2,"Jul 30, 2020, 5:30 p.m. ET",0.09640108048915863,0.015877222642302513,0.8877217173576355,0.08052385784685612,Tech,2020-Q2,11,54,0.16666666666666666
AMZN,2020-Q2,"Jul 30, 2020, 5:30 p.m. ET",0.09640108048915863,0.015877222642302513,0.8877217173576355,0.08052385784685612,Tech,2020-Q2,11,54,0.16666666666666666
AMZN,2020-Q2,"Jul 30, 2020, 5:30 p.m. ET",0.09640108048915863,0.015877222642302513,0.8877217173576355,0.08052385784685612,Tech,2020-Q2,11,54,0.16666666666666666
AMZN,2020-Q2,"Jul 30, 2020, 5:30 p.m. ET",0.09640108048915863,0.015877222642302513,0.8877217173576355,0.08052385784685612,Tech,2020-Q2,11,54,0.16666666666666666
AMZN,2020-Q2,"Jul 30, 2020, 5:30 p.m. ET",0.09640108048915863,0.015877222642302513,0.8877217173576355,0.08052385784685612,Tech,2020-Q2,11,54,0.16666666666666666
AMZN,2020-Q2,"Jul 30, 2020, 5:30 p.m. ET",0.09640108048915863,0.015877222642302513,0.8877217173576355,0.08052385784685612,Tech,2020-Q2,11,54,0.16666666666666666
AMZN,2020-Q2,"Jul 30, 2020, 5:30 p.m. ET",0.09640108048915863,0.015877222642302513,0.8877217173576355,0.08052385784685612,Tech,2020-Q2,11,54,0.16666666666666666
AMZN,2020-Q2,"Jul 30, 2020, 5:30 p.m. ET",0.09640108048915863,0.015877222642302513,0.8877217173576355,0.08052385784685612,Tech,2020-Q2,11,54,0.16666666666666666
AMZN,2020-Q2,"Jul 30, 2020, 5:30 p.m. ET",0.09640108048915863,0.015877222642302513,0.8877217173576355,0.08052385784685612,Tech,2020-Q2,11,54,0.16666666666666666
AMZN,2020-Q2,"Jul 30, 2020, 5:30 p.m. ET",0.09640108048915863,0.015877222642302513,0.8877217173576355,0.08052385784685612,Tech,2020-Q2,11,54,0.16666666666666666
AMZN,2020-Q2,"Jul 30, 2020, 5:30 p.m. ET",0.09640108048915863,0.015877222642302513,0.8877217173576355,0.08052385784685612,Tech,2020-Q2,11,54,0.16666666666666666
AMZN,2020-Q2,"Jul 30, 2020, 5:30 p.m. ET",0.09640108048915863,0.015877222642302513,0.8877217173576355,0.08052385784685612,Tech,2020-Q2,11,54,0.16666666666666666
AMZN,2020-Q2,"Jul 30, 2020, 5:30 p.m. ET",0.09640108048915863,0.015877222642302513,0.8877217173576355,0.08052385784685612,Tech,2020-Q2,11,54,0.16666666666666666
AMZN,2020-Q2,"Jul 30, 2020, 5:30 p.m. ET",0.09640108048915863,0.015877222642302513,0.8877217173576355,0.08052385784685612,Tech,2020-Q2,11,54,0.16666666666666666
AMZN,2020-Q2,"Jul 30, 2020, 5:30 p.m. ET",0.09640108048915863,0.015877222642302513,0.8877217173576355,0.08052385784685612,Tech,2020-Q2,11,54,0.16666666666666666
AMZN,2020-Q2,"Jul 30, 2020, 5:30 p.m. ET",0.09640108048915863,0.015877222642302513,0.8877217173576355,0.08052385784685612,Tech,2020-Q2,11,54,0.16666666666666666
AMZN,2020-Q2,"Jul 30, 2020, 5:30 p.m. ET",0.09640108048915863,0.015877222642302513,0.8877217173576355,0.08052385784685612,Tech,2020-Q2,11,54,0.16666666666666666
AMZN,2020-Q2,"Jul 30, 2020, 5:30 p.m. ET",0.09640108048915863,0.015877222642302513,0.8877217173576355,0.08052385784685612,Tech,2020-Q2,11,54,0.16666666666666666
AMZN,2020-Q2,"Jul 30, 2020, 5:30 p.m. ET",0.09640108048915863,0.015877222642302513,0.8877217173576355,0.08052385784685612,Tech,2020-Q2,11,54,0.16666666666666666
AMZN,2020-Q2,"Jul 30, 2020, 5:30 p.m. ET",0.09640108048915863,0.015877222642302513,0.8877217173576355,0.08052385784685612,Tech,2020-Q2,11,54,0.16666666666666666
AMZN,2020-Q2,"Jul 30, 2020, 5:30 p.m. ET",0.09640108048915863,0.015877222642302513,0.8877217173576355,0.08052385784685612,Tech,2020-Q2,11,54,0.16666666666666666
AMZN,2020-Q2,"Jul 30, 2020, 5:30 p.m. ET",0.09640108048915863,0.015877222642302513,0.8877217173576355,0.08052385784685612,Tech,2020-Q2,11,54,0.16666666666666666
WFC,2020-Q4,"Jan 15, 2021, 10:00 a.m. ET",0.09410960972309113,0.016410749405622482,0.8894796371459961,0.07769886031746864,Finance,2020-Q4,99,60,0.61875
DIS,2020-Q3,"Aug 04, 2020, 4:30 p.m. ET",0.028005406260490417,0.08130818605422974,0.8906863927841187,-0.05330277979373932,Media,2020-Q3,32,44,0.4155844155844156
DIS,2020-Q3,"Aug 04, 2020, 4:30 p.m. ET",0.028005406260490417,0.08130818605422974,0.8906863927841187,-0.05330277979373932,Media,2020-Q3,32,44,0.4155844155844156
DIS,2020-Q3,"Aug 04, 2020, 4:30 p.m. ET",0.028005406260490417,0.08130818605422974,0.8906863927841187,-0.05330277979373932,Media,2020-Q3,32,44,0.4155844155844156
DIS,2020-Q3,"Aug 04, 2020, 4:30 p.m. ET",0.028005406260490417,0.08130818605422974,0.8906863927841187,-0.05330277979373932,Media,2020-Q3,32,44,0.4155844155844156
DIS,2020-Q3,"Aug 04, 2020, 4:30 p.m. ET",0.028005406260490417,0.08130818605422974,0.8906863927841187,-0.05330277979373932,Media,2020-Q3,32,44,0.4155844155844156
DIS,2020-Q3,"Aug 04, 2020, 4:30 p.m. ET",0.028005406260490417,0.08130818605422974,0.8906863927841187,-0.05330277979373932,Media,2020-Q3,32,44,0.4155844155844156
DIS,2020-Q3,"Aug 04, 2020, 4:30 p.m. ET",0.028005406260490417,0.08130818605422974,0.8906863927841187,-0.05330277979373932,Media,2020-Q3,32,44,0.4155844155844156
DIS,2020-Q3,"Aug 04, 2020, 4:30 p.m. ET",0.028005406260490417,0.08130818605422974,0.8906863927841187,-0.05330277979373932,Media,2020-Q3,32,44,0.4155844155844156
DIS,2020-Q3,"Aug 04, 2020, 4:30 p.m. ET",0.028005406260490417,0.08130818605422974,0.8906863927841187,-0.05330277979373932,Media,2020-Q3,32,44,0.4155844155844156
DIS,2020-Q3,"Aug 04, 2020, 4:30 p.m. ET",0.028005406260490417,0.08130818605422974,0.8906863927841187,-0.05330277979373932,Media,2020-Q3,32,44,0.4155844155844156
DIS,2020-Q3,"Aug 04, 2020, 4:30 p.m. ET",0.028005406260490417,0.08130818605422974,0.8906863927841187,-0.05330277979373932,Media,2020-Q3,32,44,0.4155844155844156
DIS,2020-Q3,"Aug 04, 2020, 4:30 p.m. ET",0.028005406260490417,0.08130818605422974,0.8906863927841187,-0.05330277979373932,Media,2020-Q3,32,44,0.4155844155844156
DIS,2020-Q3,"Aug 04, 2020, 4:30 p.m. ET",0.028005406260490417,0.08130818605422974,0.8906863927841187,-0.05330277979373932,Media,2020-Q3,32,44,0.4155844155844156
DIS,2020-Q3,"Aug 04, 2020, 4:30 p.m. ET",0.028005406260490417,0.08130818605422974,0.8906863927841187,-0.05330277979373932,Media,2020-Q3,32,44,0.4155844155844156
DIS,2020-Q3,"Aug 04, 2020, 4:30 p.m. ET",0.028005406260490417,0.08130818605422974,0.8906863927841187,-0.05330277979373932,Media,2020-Q3,32,44,0.4155844155844156
DIS,2020-Q3,"Aug 04, 2020, 4:30 p.m. ET",0.028005406260490417,0.08130818605422974,0.8906863927841187,-0.05330277979373932,Media,2020-Q3,32,44,0.4155844155844156
DIS,2020-Q3,"Aug 04, 2020, 4:30 p.m. ET",0.028005406260490417,0.08130818605422974,0.8906863927841187,-0.05330277979373932,Media,2020-Q3,32,44,0.4155844155844156
DIS,2020-Q3,"Aug 04, 2020, 4:30 p.m. ET",0.028005406260490417,0.08130818605422974,0.8906863927841187,-0.05330277979373932,Media,2020-Q3,32,44,0.4155844155844156
DIS,2020-Q3,"Aug 04, 2020, 4:30 p.m. ET",0.028005406260490417,0.08130818605422974,0.8906863927841187,-0.05330277979373932,Media,2020-Q3,32,44,0.4155844155844156
DIS,2020-Q3,"Aug 04, 2020, 4:30 p.m. ET",0.028005406260490417,0.08130818605422974,0.8906863927841187,-0.05330277979373932,Media,2020-Q3,32,44,0.4155844155844156
DIS,2020-Q3,"Aug 04, 2020, 4:30 p.m. ET",0.028005406260490417,0.08130818605422974,0.8906863927841187,-0.05330277979373932,Media,2020-Q3,32,44,0.4155844155844156
DIS,2020-Q3,"Aug 04, 2020, 4:30 p.m. ET",0.028005406260490417,0.08130818605422974,0.8906863927841187,-0.05330277979373932,Media,2020-Q3,32,44,0.4155844155844156
DIS,2020-Q3,"Aug 04, 2020, 4:30 p.m. ET",0.028005406260490417,0.08130818605422974,0.8906863927841187,-0.05330277979373932,Media,2020-Q3,32,44,0.4155844155844156
DIS,2020-Q3,"Aug 04, 2020, 4:30 p.m. ET",0.028005406260490417,0.08130818605422974,0.8906863927841187,-0.05330277979373932,Media,2020-Q3,32,44,0.4155844155844156
DIS,2020-Q3,"Aug 04, 2020, 4:30 p.m. ET",0.028005406260490417,0.08130818605422974,0.8906863927841187,-0.05330277979373932,Media,2020-Q3,32,44,0.4155844155844156
MSFT,2021-Q4,"Jul 27, 2021, 5:30 p.m. ET",0.19321416318416595,0.01272258535027504,0.7940632700920105,0.18049157783389091,Tech,2021-Q4,21,120,0.14788732394366197
DIS,2023-Q1,"Feb 08, 2023, 4:30 p.m. ET",0.21854761242866516,0.011385079473257065,0.7700672745704651,0.2071625329554081,Media,2023-Q1,31,40,0.4305555555555556
DIS,2023-Q1,"Feb 08, 2023, 4:30 p.m. ET",0.21854761242866516,0.011385079473257065,0.7700672745704651,0.2071625329554081,Media,2023-Q1,31,40,0.4305555555555556
DIS,2023-Q1,"Feb 08, 2023, 4:30 p.m. ET",0.21854761242866516,0.011385079473257065,0.7700672745704651,0.2071625329554081,Media,2023-Q1,31,40,0.4305555555555556
AAPL,2020-Q2,"Apr 30, 2020, 5:00 p.m. ET",0.2375384420156479,0.012087523937225342,0.7503740191459656,0.22545091807842255,Tech,2020-Q2,33,61,0.3473684210526316
AAPL,2020-Q2,"Apr 30, 2020, 5:00 p.m. ET",0.2375384420156479,0.012087523937225342,0.7503740191459656,0.22545091807842255,Tech,2020-Q2,33,61,0.3473684210526316
AAPL,2020-Q2,"Apr 30, 2020, 5:00 p.m. ET",0.2375384420156479,0.012087523937225342,0.7503740191459656,0.22545091807842255,Tech,2020-Q2,33,61,0.3473684210526316
AAPL,2020-Q2,"Apr 30, 2020, 5:00 p.m. ET",0.2375384420156479,0.012087523937225342,0.7503740191459656,0.22545091807842255,Tech,2020-Q2,33,61,0.3473684210526316
AAPL,2020-Q2,"Apr 30, 2020, 5:00 p.m. ET",0.2375384420156479,0.012087523937225342,0.7503740191459656,0.22545091807842255,Tech,2020-Q2,33,61,0.3473684210526316
AAPL,2020-Q2,"Apr 30, 2020, 5:00 p.m. ET",0.2375384420156479,0.012087523937225342,0.7503740191459656,0.22545091807842255,Tech,2020-Q2,33,61,0.3473684210526316
AAPL,2020-Q2,"Apr 30, 2020, 5:00 p.m. ET",0.2375384420156479,0.012087523937225342,0.7503740191459656,0.22545091807842255,Tech,2020-Q2,33,61,0.3473684210526316
AAPL,2020-Q2,"Apr 30, 2020, 5:00 p.m. ET",0.2375384420156479,0.012087523937225342,0.7503740191459656,0.22545091807842255,Tech,2020-Q2,33,61,0.3473684210526316
AAPL,2020-Q2,"Apr 30, 2020, 5:00 p.m. ET",0.2375384420156479,0.012087523937225342,0.7503740191459656,0.22545091807842255,Tech,2020-Q2,33,61,0.3473684210526316
AAPL,2020-Q2,"Apr 30, 2020, 5:00 p.m. ET",0.2375384420156479,0.012087523937225342,0.7503740191459656,0.22545091807842255,Tech,2020-Q2,33,61,0.3473684210526316
AAPL,2020-Q2,"Apr 30, 2020, 5:00 p.m. ET",0.2375384420156479,0.012087523937225342,0.7503740191459656,0.22545091807842255,Tech,2020-Q2,33,61,0.3473684210526316
AAPL,2020-Q2,"Apr 30, 2020, 5:00 p.m. ET",0.2375384420156479,0.012087523937225342,0.7503740191459656,0.22545091807842255,Tech,2020-Q2,33,61,0.3473684210526316
AAPL,2020-Q2,"Apr 30, 2020, 5:00 p.m. ET",0.2375384420156479,0.012087523937225342,0.7503740191459656,0.22545091807842255,Tech,2020-Q2,33,61,0.3473684210526316
AAPL,2020-Q2,"Apr 30, 2020, 5:00 p.m. ET",0.2375384420156479,0.012087523937225342,0.7503740191459656,0.22545091807842255,Tech,2020-Q2,33,61,0.3473684210526316
AAPL,2020-Q2,"Apr 30, 2020, 5:00 p.m. ET",0.2375384420156479,0.012087523937225342,0.7503740191459656,0.22545091807842255,Tech,2020-Q2,33,61,0.3473684210526316
AAPL,2020-Q2,"Apr 30, 2020, 5:00 p.m. ET",0.2375384420156479,0.012087523937225342,0.7503740191459656,0.22545091807842255,Tech,2020-Q2,33,61,0.3473684210526316
AAPL,2020-Q2,"Apr 30, 2020, 5:00 p.m. ET",0.2375384420156479,0.012087523937225342,0.7503740191459656,0.22545091807842255,Tech,2020-Q2,33,61,0.3473684210526316
AAPL,2020-Q2,"Apr 30, 2020, 5:00 p.m. ET",0.2375384420156479,0.012087523937225342,0.7503740191459656,0.22545091807842255,Tech,2020-Q2,33,61,0.3473684210526316
AAPL,2020-Q2,"Apr 30, 2020, 5:00 p.m. ET",0.2375384420156479,0.012087523937225342,0.7503740191459656,0.22545091807842255,Tech,2020-Q2,33,61,0.3473684210526316
AAPL,2020-Q2,"Apr 30, 2020, 5:00 p.m. ET",0.2375384420156479,0.012087523937225342,0.7503740191459656,0.22545091807842255,Tech,2020-Q2,33,61,0.3473684210526316
AAPL,2020-Q2,"Apr 30, 2020, 5:00 p.m. ET",0.2375384420156479,0.012087523937225342,0.7503740191459656,0.22545091807842255,Tech,2020-Q2,33,61,0.3473684210526316
AAPL,2020-Q2,"Apr 30, 2020, 5:00 p.m. ET",0.2375384420156479,0.012087523937225342,0.7503740191459656,0.22545091807842255,Tech,2020-Q2,33,61,0.3473684210526316
AAPL,2020-Q2,"Apr 30, 2020, 5:00 p.m. ET",0.2375384420156479,0.012087523937225342,0.7503740191459656,0.22545091807842255,Tech,2020-Q2,33,61,0.3473684210526316
AAPL,2020-Q2,"Apr 30, 2020, 5:00 p.m. ET",0.2375384420156479,0.012087523937225342,0.7503740191459656,0.22545091807842255,Tech,2020-Q2,33,61,0.3473684210526316
AAPL,2020-Q2,"Apr 30, 2020, 5:00 p.m. ET",0.2375384420156479,0.012087523937225342,0.7503740191459656,0.22545091807842255,Tech,2020-Q2,33,61,0.3473684210526316
AAPL,2020-Q2,"Apr 30, 2020, 5:00 p.m. ET",0.2375384420156479,0.012087523937225342,0.7503740191459656,0.22545091807842255,Tech,2020-Q2,33,61,0.3473684210526316
AAPL,2020-Q2,"Apr 30, 2020, 5:00 p.m. ET",0.2375384420156479,0.012087523937225342,0.7503740191459656,0.22545091807842255,Tech,2020-Q2,33,61,0.3473684210526316
AAPL,2020-Q2,"Apr 30, 2020, 5:00 p.m. ET",0.2375384420156479,0.012087523937225342,0.7503740191459656,0.22545091807842255,Tech,2020-Q2,33,61,0.3473684210526316
AAPL,2020-Q2,"Apr 30, 2020, 5:00 p.m. ET",0.2375384420156479,0.012087523937225342,0.7503740191459656,0.22545091807842255,Tech,2020-Q2,33,61,0.3473684210526316
AAPL,2020-Q2,"Apr 30, 2020, 5:00 p.m. ET",0.2375384420156479,0.012087523937225342,0.7503740191459656,0.22545091807842255,Tech,2020-Q2,33,61,0.3473684210526316
AAPL,2020-Q2,"Apr 30, 2020, 5:00 p.m. ET",0.2375384420156479,0.012087523937225342,0.7503740191459656,0.22545091807842255,Tech,2020-Q2,33,61,0.3473684210526316
AAPL,2020-Q2,"Apr 30, 2020, 5:00 p.m. ET",0.2375384420156479,0.012087523937225342,0.7503740191459656,0.22545091807842255,Tech,2020-Q2,33,61,0.3473684210526316
AAPL,2020-Q2,"Apr 30, 2020, 5:00 p.m. ET",0.2375384420156479,0.012087523937225342,0.7503740191459656,0.22545091807842255,Tech,2020-Q2,33,61,0.3473684210526316
AAPL,2020-Q2,"Apr 30, 2020, 5:00 p.m. ET",0.2375384420156479,0.012087523937225342,0.7503740191459656,0.22545091807842255,Tech,2020-Q2,33,61,0.3473684210526316
AAPL,2020-Q2,"Apr 30, 2020, 5:00 p.m. ET",0.2375384420156479,0.012087523937225342,0.7503740191459656,0.22545091807842255,Tech,2020-Q2,33,61,0.3473684210526316
AAPL,2020-Q2,"Apr 30, 2020, 5:00 p.m. ET",0.2375384420156479,0.012087523937225342,0.7503740191459656,0.22545091807842255,Tech,2020-Q2,33,61,0.3473684210526316
AAPL,2020-Q2,"Apr 30, 2020, 5:00 p.m. ET",0.2375384420156479,0.012087523937225342,0.7503740191459656,0.22545091807842255,Tech,2020-Q2,33,61,0.3473684210526316
AAPL,2020-Q2,"Apr 30, 2020, 5:00 p.m. ET",0.2375384420156479,0.012087523937225342,0.7503740191459656,0.22545091807842255,Tech,2020-Q2,33,61,0.3473684210526316
AAPL,2020-Q2,"Apr 30, 2020, 5:00 p.m. ET",0.2375384420156479,0.012087523937225342,0.7503740191459656,0.22545091807842255,Tech,2020-Q2,33,61,0.3473684210526316
AAPL,2020-Q2,"Apr 30, 2020, 5:00 p.m. ET",0.2375384420156479,0.012087523937225342,0.7503740191459656,0.22545091807842255,Tech,2020-Q2,33,61,0.3473684210526316
AAPL,2020-Q2,"Apr 30, 2020, 5:00 p.m. ET",0.2375384420156479,0.012087523937225342,0.7503740191459656,0.22545091807842255,Tech,2020-Q2,33,61,0.3473684210526316
AAPL,2020-Q2,"Apr 30, 2020, 5:00 p.m. ET",0.2375384420156479,0.012087523937225342,0.7503740191459656,0.22545091807842255,Tech,2020-Q2,33,61,0.3473684210526316
AAPL,2020-Q2,"Apr 30, 2020, 5:00 p.m. ET",0.2375384420156479,0.012087523937225342,0.7503740191459656,0.22545091807842255,Tech,2020-Q2,33,61,0.3473684210526316
AAPL,2020-Q2,"Apr 30, 2020, 5:00 p.m. ET",0.2375384420156479,0.012087523937225342,0.7503740191459656,0.22545091807842255,Tech,2020-Q2,33,61,0.3473684210526316
AAPL,2020-Q2,"Apr 30, 2020, 5:00 p.m. ET",0.2375384420156479,0.012087523937225342,0.7503740191459656,0.22545091807842255,Tech,2020-Q2,33,61,0.3473684210526316
AAPL,2020-Q2,"Apr 30, 2020, 5:00 p.m. ET",0.2375384420156479,0.012087523937225342,0.7503740191459656,0.22545091807842255,Tech,2020-Q2,33,61,0.3473684210526316
AAPL,2020-Q2,"Apr 30, 2020, 5:00 p.m. ET",0.2375384420156479,0.012087523937225342,0.7503740191459656,0.22545091807842255,Tech,2020-Q2,33,61,0.3473684210526316
AAPL,2020-Q2,"Apr 30, 2020, 5:00 p.m. ET",0.2375384420156479,0.012087523937225342,0.7503740191459656,0.22545091807842255,Tech,2020-Q2,33,61,0.3473684210526316
AAPL,2020-Q2,"Apr 30, 2020, 5:00 p.m. ET",0.2375384420156479,0.012087523937225342,0.7503740191459656,0.22545091807842255,Tech,2020-Q2,33,61,0.3473684210526316
AAPL,2020-Q2,"Apr 30, 2020, 5:00 p.m. ET",0.2375384420156479,0.012087523937225342,0.7503740191459656,0.22545091807842255,Tech,2020-Q2,33,61,0.3473684210526316
AMZN,2020-Q2,"Jul 30, 2020, 5:30 p.m. ET",0.09640108048915863,0.015877222642302513,0.8877217173576355,0.08052385784685612,Tech,2020-Q2,11,54,0.16666666666666666
AMZN,2020-Q2,"Jul 30, 2020, 5:30 p.m. ET",0.09640108048915863,0.015877222642302513,0.8877217173576355,0.08052385784685612,Tech,2020-Q2,11,54,0.16666666666666666
AMZN,2020-Q2,"Jul 30, 2020, 5:30 p.m. ET",0.09640108048915863,0.015877222642302513,0.8877217173576355,0.08052385784685612,Tech,2020-Q2,11,54,0.16666666666666666
AMZN,2020-Q2,"Jul 30, 2020, 5:30 p.m. ET",0.09640108048915863,0.015877222642302513,0.8877217173576355,0.08052385784685612,Tech,2020-Q2,11,54,0.16666666666666666
AMZN,2020-Q2,"Jul 30, 2020, 5:30 p.m. ET",0.09640108048915863,0.015877222642302513,0.8877217173576355,0.08052385784685612,Tech,2020-Q2,11,54,0.16666666666666666
AMZN,2020-Q2,"Jul 30, 2020, 5:30 p.m. ET",0.09640108048915863,0.015877222642302513,0.8877217173576355,0.08052385784685612,Tech,2020-Q2,11,54,0.16666666666666666
AMZN,2020-Q2,"Jul 30, 2020, 5:30 p.m. ET",0.09640108048915863,0.015877222642302513,0.8877217173576355,0.08052385784685612,Tech,2020-Q2,11,54,0.16666666666666666
AMZN,2020-Q2,"Jul 30, 2020, 5:30 p.m. ET",0.09640108048915863,0.015877222642302513,0.8877217173576355,0.08052385784685612,Tech,2020-Q2,11,54,0.16666666666666666
AMZN,2020-Q2,"Jul 30, 2020, 5:30 p.m. ET",0.09640108048915863,0.015877222642302513,0.8877217173576355,0.08052385784685612,Tech,2020-Q2,11,54,0.16666666666666666
AMZN,2020-Q2,"Jul 30, 2020, 5:30 p.m. ET",0.09640108048915863,0.015877222642302513,0.8877217173576355,0.08052385784685612,Tech,2020-Q2,11,54,0.16666666666666666
AMZN,2020-Q2,"Jul 30, 2020, 5:30 p.m. ET",0.09640108048915863,0.015877222642302513,0.8877217173576355,0.08052385784685612,Tech,2020-Q2,11,54,0.16666666666666666
AMZN,2020-Q2,"Jul 30, 2020, 5:30 p.m. ET",0.09640108048915863,0.015877222642302513,0.8877217173576355,0.08052385784685612,Tech,2020-Q2,11,54,0.16666666666666666
AMZN,2020-Q2,"Jul 30, 2020, 5:30 p.m. ET",0.09640108048915863,0.015877222642302513,0.8877217173576355,0.08052385784685612,Tech,2020-Q2,11,54,0.16666666666666666
AMZN,2020-Q2,"Jul 30, 2020, 5:30 p.m. ET",0.09640108048915863,0.015877222642302513,0.8877217173576355,0.08052385784685612,Tech,2020-Q2,11,54,0.16666666666666666
AMZN,2020-Q2,"Jul 30, 2020, 5:30 p.m. ET",0.09640108048915863,0.015877222642302513,0.8877217173576355,0.08052385784685612,Tech,2020-Q2,11,54,0.16666666666666666
AMZN,2020-Q2,"Jul 30, 2020, 5:30 p.m. ET",0.09640108048915863,0.015877222642302513,0.8877217173576355,0.08052385784685612,Tech,2020-Q2,11,54,0.16666666666666666
AMZN,2020-Q2,"Jul 30, 2020, 5:30 p.m. ET",0.09640108048915863,0.015877222642302513,0.8877217173576355,0.08052385784685612,Tech,2020-Q2,11,54,0.16666666666666666
AMZN,2020-Q2,"Jul 30, 2020, 5:30 p.m. ET",0.09640108048915863,0.015877222642302513,0.8877217173576355,0.08052385784685612,Tech,2020-Q2,11,54,0.16666666666666666
AMZN,2020-Q2,"Jul 30, 2020, 5:30 p.m. ET",0.09640108048915863,0.015877222642302513,0.8877217173576355,0.08052385784685612,Tech,2020-Q2,11,54,0.16666666666666666
AMZN,2020-Q2,"Jul 30, 2020, 5:30 p.m. ET",0.09640108048915863,0.015877222642302513,0.8877217173576355,0.08052385784685612,Tech,2020-Q2,11,54,0.16666666666666666
AMZN,2020-Q2,"Jul 30, 2020, 5:30 p.m. ET",0.09640108048915863,0.015877222642302513,0.8877217173576355,0.08052385784685612,Tech,2020-Q2,11,54,0.16666666666666666
AMZN,2020-Q2,"Jul 30, 2020, 5:30 p.m. ET",0.09640108048915863,0.015877222642302513,0.8877217173576355,0.08052385784685612,Tech,2020-Q2,11,54,0.16666666666666666
AMZN,2020-Q2,"Jul 30, 2020, 5:30 p.m. ET",0.09640108048915863,0.015877222642302513,0.8877217173576355,0.08052385784685612,Tech,2020-Q2,11,54,0.16666666666666666
AMZN,2020-Q2,"Jul 30, 2020, 5:30 p.m. ET",0.09640108048915863,0.015877222642302513,0.8877217173576355,0.08052385784685612,Tech,2020-Q2,11,54,0.16666666666666666
AMZN,2020-Q2,"Jul 30, 2020, 5:30 p.m. ET",0.09640108048915863,0.015877222642302513,0.8877217173576355,0.08052385784685612,Tech,2020-Q2,11,54,0.16666666666666666
AAPL,2020-Q1,"Jan 28, 2020, 5:00 p.m. ET",0.44424036145210266,0.011321954429149628,0.5444376468658447,0.43291840702295303,Tech,2020-Q1,18,103,0.14754098360655737
AAPL,2020-Q1,"Jan 28, 2020, 5:00 p.m. ET",0.44424036145210266,0.011321954429149628,0.5444376468658447,0.43291840702295303,Tech,2020-Q1,18,103,0.14754098360655737
AAPL,2020-Q1,"Jan 28, 2020, 5:00 p.m. ET",0.44424036145210266,0.011321954429149628,0.5444376468658447,0.43291840702295303,Tech,2020-Q1,18,103,0.14754098360655737
AAPL,2020-Q1,"Jan 28, 2020, 5:00 p.m. ET",0.44424036145210266,0.011321954429149628,0.5444376468658447,0.43291840702295303,Tech,2020-Q1,18,103,0.14754098360655737
AAPL,2020-Q1,"Jan 28, 2020, 5:00 p.m. ET",0.44424036145210266,0.011321954429149628,0.5444376468658447,0.43291840702295303,Tech,2020-Q1,18,103,0.14754098360655737
AAPL,2020-Q1,"Jan 28, 2020, 5:00 p.m. ET",0.44424036145210266,0.011321954429149628,0.5444376468658447,0.43291840702295303,Tech,2020-Q1,18,103,0.14754098360655737
AAPL,2020-Q1,"Jan 28, 2020, 5:00 p.m. ET",0.44424036145210266,0.011321954429149628,0.5444376468658447,0.43291840702295303,Tech,2020-Q1,18,103,0.14754098360655737
AAPL,2020-Q1,"Jan 28, 2020, 5:00 p.m. ET",0.44424036145210266,0.011321954429149628,0.5444376468658447,0.43291840702295303,Tech,2020-Q1,18,103,0.14754098360655737
AAPL,2020-Q1,"Jan 28, 2020, 5:00 p.m. ET",0.44424036145210266,0.011321954429149628,0.5444376468658447,0.43291840702295303,Tech,2020-Q1,18,103,0.14754098360655737
AAPL,2020-Q1,"Jan 28, 2020, 5:00 p.m. ET",0.44424036145210266,0.011321954429149628,0.5444376468658447,0.43291840702295303,Tech,2020-Q1,18,103,0.14754098360655737
AAPL,2020-Q1,"Jan 28, 2020, 5:00 p.m. ET",0.44424036145210266,0.011321954429149628,0.5444376468658447,0.43291840702295303,Tech,2020-Q1,18,103,0.14754098360655737
AAPL,2020-Q1,"Jan 28, 2020, 5:00 p.m. ET",0.44424036145210266,0.011321954429149628,0.5444376468658447,0.43291840702295303,Tech,2020-Q1,18,103,0.14754098360655737
AAPL,2020-Q1,"Jan 28, 2020, 5:00 p.m. ET",0.44424036145210266,0.011321954429149628,0.5444376468658447,0.43291840702295303,Tech,2020-Q1,18,103,0.14754098360655737
AAPL,2020-Q1,"Jan 28, 2020, 5:00 p.m. ET",0.44424036145210266,0.011321954429149628,0.5444376468658447,0.43291840702295303,Tech,2020-Q1,18,103,0.14754098360655737
AAPL,2020-Q1,"Jan 28, 2020, 5:00 p.m. ET",0.44424036145210266,0.011321954429149628,0.5444376468658447,0.43291840702295303,Tech,2020-Q1,18,103,0.14754098360655737
AAPL,2020-Q1,"Jan 28, 2020, 5:00 p.m. ET",0.44424036145210266,0.011321954429149628,0.5444376468658447,0.43291840702295303,Tech,2020-Q1,18,103,0.14754098360655737
AAPL,2020-Q1,"Jan 28, 2020, 5:00 p.m. ET",0.44424036145210266,0.011321954429149628,0.5444376468658447,0.43291840702295303,Tech,2020-Q1,18,103,0.14754098360655737
AAPL,2020-Q1,"Jan 28, 2020, 5:00 p.m. ET",0.44424036145210266,0.011321954429149628,0.5444376468658447,0.43291840702295303,Tech,2020-Q1,18,103,0.14754098360655737
AAPL,2020-Q1,"Jan 28, 2020, 5:00 p.m. ET",0.44424036145210266,0.011321954429149628,0.5444376468658447,0.43291840702295303,Tech,2020-Q1,18,103,0.14754098360655737
AAPL,2020-Q1,"Jan 28, 2020, 5:00 p.m. ET",0.44424036145210266,0.011321954429149628,0.5444376468658447,0.43291840702295303,Tech,2020-Q1,18,103,0.14754098360655737
AAPL,2020-Q1,"Jan 28, 2020, 5:00 p.m. ET",0.44424036145210266,0.011321954429149628,0.5444376468658447,0.43291840702295303,Tech,2020-Q1,18,103,0.14754098360655737
AAPL,2020-Q1,"Jan 28, 2020, 5:00 p.m. ET",0.44424036145210266,0.011321954429149628,0.5444376468658447,0.43291840702295303,Tech,2020-Q1,18,103,0.14754098360655737
AAPL,2020-Q1,"Jan 28, 2020, 5:00 p.m. ET",0.44424036145210266,0.011321954429149628,0.5444376468658447,0.43291840702295303,Tech,2020-Q1,18,103,0.14754098360655737
AAPL,2020-Q1,"Jan 28, 2020, 5:00 p.m. ET",0.44424036145210266,0.011321954429149628,0.5444376468658447,0.43291840702295303,Tech,2020-Q1,18,103,0.14754098360655737
AAPL,2020-Q1,"Jan 28, 2020, 5:00 p.m. ET",0.44424036145210266,0.011321954429149628,0.5444376468658447,0.43291840702295303,Tech,2020-Q1,18,103,0.14754098360655737
AAPL,2020-Q1,"Jan 28, 2020, 5:00 p.m. ET",0.44424036145210266,0.011321954429149628,0.5444376468658447,0.43291840702295303,Tech,2020-Q1,18,103,0.14754098360655737
AAPL,2020-Q1,"Jan 28, 2020, 5:00 p.m. ET",0.44424036145210266,0.011321954429149628,0.5444376468658447,0.43291840702295303,Tech,2020-Q1,18,103,0.14754098360655737
AAPL,2020-Q1,"Jan 28, 2020, 5:00 p.m. ET",0.44424036145210266,0.011321954429149628,0.5444376468658447,0.43291840702295303,Tech,2020-Q1,18,103,0.14754098360655737
AAPL,2020-Q1,"Jan 28, 2020, 5:00 p.m. ET",0.44424036145210266,0.011321954429149628,0.5444376468658447,0.43291840702295303,Tech,2020-Q1,18,103,0.14754098360655737
AAPL,2020-Q1,"Jan 28, 2020, 5:00 p.m. ET",0.44424036145210266,0.011321954429149628,0.5444376468658447,0.43291840702295303,Tech,2020-Q1,18,103,0.14754098360655737
AAPL,2020-Q1,"Jan 28, 2020, 5:00 p.m. ET",0.44424036145210266,0.011321954429149628,0.5444376468658447,0.43291840702295303,Tech,2020-Q1,18,103,0.14754098360655737
AAPL,2020-Q1,"Jan 28, 2020, 5:00 p.m. ET",0.44424036145210266,0.011321954429149628,0.5444376468658447,0.43291840702295303,Tech,2020-Q1,18,103,0.14754098360655737
AAPL,2020-Q1,"Jan 28, 2020, 5:00 p.m. ET",0.44424036145210266,0.011321954429149628,0.5444376468658447,0.43291840702295303,Tech,2020-Q1,18,103,0.14754098360655737
AAPL,2020-Q1,"Jan 28, 2020, 5:00 p.m. ET",0.44424036145210266,0.011321954429149628,0.5444376468658447,0.43291840702295303,Tech,2020-Q1,18,103,0.14754098360655737
AAPL,2020-Q1,"Jan 28, 2020, 5:00 p.m. ET",0.44424036145210266,0.011321954429149628,0.5444376468658447,0.43291840702295303,Tech,2020-Q1,18,103,0.14754098360655737
AAPL,2020-Q1,"Jan 28, 2020, 5:00 p.m. ET",0.44424036145210266,0.011321954429149628,0.5444376468658447,0.43291840702295303,Tech,2020-Q1,18,103,0.14754098360655737
AAPL,2020-Q1,"Jan 28, 2020, 5:00 p.m. ET",0.44424036145210266,0.011321954429149628,0.5444376468658447,0.43291840702295303,Tech,2020-Q1,18,103,0.14754098360655737
AAPL,2020-Q1,"Jan 28, 2020, 5:00 p.m. ET",0.44424036145210266,0.011321954429149628,0.5444376468658447,0.43291840702295303,Tech,2020-Q1,18,103,0.14754098360655737
AAPL,2020-Q1,"Jan 28, 2020, 5:00 p.m. ET",0.44424036145210266,0.011321954429149628,0.5444376468658447,0.43291840702295303,Tech,2020-Q1,18,103,0.14754098360655737
AAPL,2020-Q1,"Jan 28, 2020, 5:00 p.m. ET",0.44424036145210266,0.011321954429149628,0.5444376468658447,0.43291840702295303,Tech,2020-Q1,18,103,0.14754098360655737
AAPL,2020-Q1,"Jan 28, 2020, 5:00 p.m. ET",0.44424036145210266,0.011321954429149628,0.5444376468658447,0.43291840702295303,Tech,2020-Q1,18,103,0.14754098360655737
AAPL,2020-Q1,"Jan 28, 2020, 5:00 p.m. ET",0.44424036145210266,0.011321954429149628,0.5444376468658447,0.43291840702295303,Tech,2020-Q1,18,103,0.14754098360655737
GOOGL,2021-Q1,"Apr 27, 2021, 5:00 p.m. ET",0.13700048625469208,0.01218396332114935,0.8508155345916748,0.12481652293354273,Tech,2021-Q1,13,66,0.1625
GOOGL,2021-Q1,"Apr 27, 2021, 5:00 p.m. ET",0.13700048625469208,0.01218396332114935,0.8508155345916748,0.12481652293354273,Tech,2021-Q1,13,66,0.1625
GOOGL,2021-Q1,"Apr 27, 2021, 5:00 p.m. ET",0.13700048625469208,0.01218396332114935,0.8508155345916748,0.12481652293354273,Tech,2021-Q1,13,66,0.1625
GOOGL,2021-Q1,"Apr 27, 2021, 5:00 p.m. ET",0.13700048625469208,0.01218396332114935,0.8508155345916748,0.12481652293354273,Tech,2021-Q1,13,66,0.1625
AMZN,2020-Q2,"Jul 30, 2020, 5:30 p.m. ET",0.09640108048915863,0.015877222642302513,0.8877217173576355,0.08052385784685612,Tech,2020-Q2,11,54,0.16666666666666666
AMZN,2020-Q2,"Jul 30, 2020, 5:30 p.m. ET",0.09640108048915863,0.015877222642302513,0.8877217173576355,0.08052385784685612,Tech,2020-Q2,11,54,0.16666666666666666
AMZN,2020-Q2,"Jul 30, 2020, 5:30 p.m. ET",0.09640108048915863,0.015877222642302513,0.8877217173576355,0.08052385784685612,Tech,2020-Q2,11,54,0.16666666666666666
AMZN,2020-Q2,"Jul 30, 2020, 5:30 p.m. ET",0.09640108048915863,0.015877222642302513,0.8877217173576355,0.08052385784685612,Tech,2020-Q2,11,54,0.16666666666666666
AMZN,2020-Q2,"Jul 30, 2020, 5:30 p.m. ET",0.09640108048915863,0.015877222642302513,0.8877217173576355,0.08052385784685612,Tech,2020-Q2,11,54,0.16666666666666666
AMZN,2020-Q2,"Jul 30, 2020, 5:30 p.m. ET",0.09640108048915863,0.015877222642302513,0.8877217173576355,0.08052385784685612,Tech,2020-Q2,11,54,0.16666666666666666
AMZN,2020-Q2,"Jul 30, 2020, 5:30 p.m. ET",0.09640108048915863,0.015877222642302513,0.8877217173576355,0.08052385784685612,Tech,2020-Q2,11,54,0.16666666666666666
AMZN,2020-Q2,"Jul 30, 2020, 5:30 p.m. ET",0.09640108048915863,0.015877222642302513,0.8877217173576355,0.08052385784685612,Tech,2020-Q2,11,54,0.16666666666666666
AMZN,2020-Q2,"Jul 30, 2020, 5:30 p.m. ET",0.09640108048915863,0.015877222642302513,0.8877217173576355,0.08052385784685612,Tech,2020-Q2,11,54,0.16666666666666666
AMZN,2020-Q2,"Jul 30, 2020, 5:30 p.m. ET",0.09640108048915863,0.015877222642302513,0.8877217173576355,0.08052385784685612,Tech,2020-Q2,11,54,0.16666666666666666
AMZN,2020-Q2,"Jul 30, 2020, 5:30 p.m. ET",0.09640108048915863,0.015877222642302513,0.8877217173576355,0.08052385784685612,Tech,2020-Q2,11,54,0.16666666666666666
AMZN,2020-Q2,"Jul 30, 2020, 5:30 p.m. ET",0.09640108048915863,0.015877222642302513,0.8877217173576355,0.08052385784685612,Tech,2020-Q2,11,54,0.16666666666666666
AMZN,2020-Q2,"Jul 30, 2020, 5:30 p.m. ET",0.09640108048915863,0.015877222642302513,0.8877217173576355,0.08052385784685612,Tech,2020-Q2,11,54,0.16666666666666666
AMZN,2020-Q2,"Jul 30, 2020, 5:30 p.m. ET",0.09640108048915863,0.015877222642302513,0.8877217173576355,0.08052385784685612,Tech,2020-Q2,11,54,0.16666666666666666
AMZN,2020-Q2,"Jul 30, 2020, 5:30 p.m. ET",0.09640108048915863,0.015877222642302513,0.8877217173576355,0.08052385784685612,Tech,2020-Q2,11,54,0.16666666666666666
AMZN,2020-Q2,"Jul 30, 2020, 5:30 p.m. ET",0.09640108048915863,0.015877222642302513,0.8877217173576355,0.08052385784685612,Tech,2020-Q2,11,54,0.16666666666666666
AMZN,2020-Q2,"Jul 30, 2020, 5:30 p.m. ET",0.09640108048915863,0.015877222642302513,0.8877217173576355,0.08052385784685612,Tech,2020-Q2,11,54,0.16666666666666666
AMZN,2020-Q2,"Jul 30, 2020, 5:30 p.m. ET",0.09640108048915863,0.015877222642302513,0.8877217173576355,0.08052385784685612,Tech,2020-Q2,11,54,0.16666666666666666
AMZN,2020-Q2,"Jul 30, 2020, 5:30 p.m. ET",0.09640108048915863,0.015877222642302513,0.8877217173576355,0.08052385784685612,Tech,2020-Q2,11,54,0.16666666666666666
AMZN,2020-Q2,"Jul 30, 2020, 5:30 p.m. ET",0.09640108048915863,0.015877222642302513,0.8877217173576355,0.08052385784685612,Tech,2020-Q2,11,54,0.16666666666666666
AMZN,2020-Q2,"Jul 30, 2020, 5:30 p.m. ET",0.09640108048915863,0.015877222642302513,0.8877217173576355,0.08052385784685612,Tech,2020-Q2,11,54,0.16666666666666666
AMZN,2020-Q2,"Jul 30, 2020, 5:30 p.m. ET",0.09640108048915863,0.015877222642302513,0.8877217173576355,0.08052385784685612,Tech,2020-Q2,11,54,0.16666666666666666
AMZN,2020-Q2,"Jul 30, 2020, 5:30 p.m. ET",0.09640108048915863,0.015877222642302513,0.8877217173576355,0.08052385784685612,Tech,2020-Q2,11,54,0.16666666666666666
AMZN,2020-Q2,"Jul 30, 2020, 5:30 p.m. ET",0.09640108048915863,0.015877222642302513,0.8877217173576355,0.08052385784685612,Tech,2020-Q2,11,54,0.16666666666666666
AMZN,2020-Q2,"Jul 30, 2020, 5:30 p.m. ET",0.09640108048915863,0.015877222642302513,0.8877217173576355,0.08052385784685612,Tech,2020-Q2,11,54,0.16666666666666666
AAPL,2020-Q1,"Jan 28, 2020, 5:00 p.m. ET",0.44424036145210266,0.011321954429149628,0.5444376468658447,0.43291840702295303,Tech,2020-Q1,18,103,0.14754098360655737
AAPL,2020-Q1,"Jan 28, 2020, 5:00 p.m. ET",0.44424036145210266,0.011321954429149628,0.5444376468658447,0.43291840702295303,Tech,2020-Q1,18,103,0.14754098360655737
AAPL,2020-Q1,"Jan 28, 2020, 5:00 p.m. ET",0.44424036145210266,0.011321954429149628,0.5444376468658447,0.43291840702295303,Tech,2020-Q1,18,103,0.14754098360655737
AAPL,2020-Q1,"Jan 28, 2020, 5:00 p.m. ET",0.44424036145210266,0.011321954429149628,0.5444376468658447,0.43291840702295303,Tech,2020-Q1,18,103,0.14754098360655737
AAPL,2020-Q1,"Jan 28, 2020, 5:00 p.m. ET",0.44424036145210266,0.011321954429149628,0.5444376468658447,0.43291840702295303,Tech,2020-Q1,18,103,0.14754098360655737
AAPL,2020-Q1,"Jan 28, 2020, 5:00 p.m. ET",0.44424036145210266,0.011321954429149628,0.5444376468658447,0.43291840702295303,Tech,2020-Q1,18,103,0.14754098360655737
AAPL,2020-Q1,"Jan 28, 2020, 5:00 p.m. ET",0.44424036145210266,0.011321954429149628,0.5444376468658447,0.43291840702295303,Tech,2020-Q1,18,103,0.14754098360655737
AAPL,2020-Q1,"Jan 28, 2020, 5:00 p.m. ET",0.44424036145210266,0.011321954429149628,0.5444376468658447,0.43291840702295303,Tech,2020-Q1,18,103,0.14754098360655737
AAPL,2020-Q1,"Jan 28, 2020, 5:00 p.m. ET",0.44424036145210266,0.011321954429149628,0.5444376468658447,0.43291840702295303,Tech,2020-Q1,18,103,0.14754098360655737
AAPL,2020-Q1,"Jan 28, 2020, 5:00 p.m. ET",0.44424036145210266,0.011321954429149628,0.5444376468658447,0.43291840702295303,Tech,2020-Q1,18,103,0.14754098360655737
AAPL,2020-Q1,"Jan 28, 2020, 5:00 p.m. ET",0.44424036145210266,0.011321954429149628,0.5444376468658447,0.43291840702295303,Tech,2020-Q1,18,103,0.14754098360655737
AAPL,2020-Q1,"Jan 28, 2020, 5:00 p.m. ET",0.44424036145210266,0.011321954429149628,0.5444376468658447,0.43291840702295303,Tech,2020-Q1,18,103,0.14754098360655737
AAPL,2020-Q1,"Jan 28, 2020, 5:00 p.m. ET",0.44424036145210266,0.011321954429149628,0.5444376468658447,0.43291840702295303,Tech,2020-Q1,18,103,0.14754098360655737
AAPL,2020-Q1,"Jan 28, 2020, 5:00 p.m. ET",0.44424036145210266,0.011321954429149628,0.5444376468658447,0.43291840702295303,Tech,2020-Q1,18,103,0.14754098360655737
AAPL,2020-Q1,"Jan 28, 2020, 5:00 p.m. ET",0.44424036145210266,0.011321954429149628,0.5444376468658447,0.43291840702295303,Tech,2020-Q1,18,103,0.14754098360655737
AAPL,2020-Q1,"Jan 28, 2020, 5:00 p.m. ET",0.44424036145210266,0.011321954429149628,0.5444376468658447,0.43291840702295303,Tech,2020-Q1,18,103,0.14754098360655737
AAPL,2020-Q1,"Jan 28, 2020, 5:00 p.m. ET",0.44424036145210266,0.011321954429149628,0.5444376468658447,0.43291840702295303,Tech,2020-Q1,18,103,0.14754098360655737
AAPL,2020-Q1,"Jan 28, 2020, 5:00 p.m. ET",0.44424036145210266,0.011321954429149628,0.5444376468658447,0.43291840702295303,Tech,2020-Q1,18,103,0.14754098360655737
AAPL,2020-Q1,"Jan 28, 2020, 5:00 p.m. ET",0.44424036145210266,0.011321954429149628,0.5444376468658447,0.43291840702295303,Tech,2020-Q1,18,103,0.14754098360655737
AAPL,2020-Q1,"Jan 28, 2020, 5:00 p.m. ET",0.44424036145210266,0.011321954429149628,0.5444376468658447,0.43291840702295303,Tech,2020-Q1,18,103,0.14754098360655737
AAPL,2020-Q1,"Jan 28, 2020, 5:00 p.m. ET",0.44424036145210266,0.011321954429149628,0.5444376468658447,0.43291840702295303,Tech,2020-Q1,18,103,0.14754098360655737
AMD,2021-Q1,"Apr 27, 2021, 5:00 p.m. ET",0.44374319911003113,0.016776055097579956,0.5394807457923889,0.42696714401245117,Tech,2021-Q1,7,120,0.0546875
AMD,2021-Q1,"Apr 27, 2021, 5:00 p.m. ET",0.44374319911003113,0.016776055097579956,0.5394807457923889,0.42696714401245117,Tech,2021-Q1,7,120,0.0546875
KO,2020-Q1,"Apr 21, 2020, 7:30 a.m. ET",0.17868836224079132,0.019145704805850983,0.8021659851074219,0.15954265743494034,Consumer,2020-Q1,50,59,0.45454545454545453
AAPL,2020-Q2,"Apr 30, 2020, 5:00 p.m. ET",0.2375384420156479,0.012087523937225342,0.7503740191459656,0.22545091807842255,Tech,2020-Q2,33,61,0.3473684210526316
AAPL,2020-Q2,"Apr 30, 2020, 5:00 p.m. ET",0.2375384420156479,0.012087523937225342,0.7503740191459656,0.22545091807842255,Tech,2020-Q2,33,61,0.3473684210526316
AAPL,2020-Q2,"Apr 30, 2020, 5:00 p.m. ET",0.2375384420156479,0.012087523937225342,0.7503740191459656,0.22545091807842255,Tech,2020-Q2,33,61,0.3473684210526316
AAPL,2020-Q2,"Apr 30, 2020, 5:00 p.m. ET",0.2375384420156479,0.012087523937225342,0.7503740191459656,0.22545091807842255,Tech,2020-Q2,33,61,0.3473684210526316
AAPL,2020-Q2,"Apr 30, 2020, 5:00 p.m. ET",0.2375384420156479,0.012087523937225342,0.7503740191459656,0.22545091807842255,Tech,2020-Q2,33,61,0.3473684210526316
AAPL,2020-Q2,"Apr 30, 2020, 5:00 p.m. ET",0.2375384420156479,0.012087523937225342,0.7503740191459656,0.22545091807842255,Tech,2020-Q2,33,61,0.3473684210526316
AAPL,2020-Q2,"Apr 30, 2020, 5:00 p.m. ET",0.2375384420156479,0.012087523937225342,0.7503740191459656,0.22545091807842255,Tech,2020-Q2,33,61,0.3473684210526316
AAPL,2020-Q2,"Apr 30, 2020, 5:00 p.m. ET",0.2375384420156479,0.012087523937225342,0.7503740191459656,0.22545091807842255,Tech,2020-Q2,33,61,0.3473684210526316
AAPL,2020-Q2,"Apr 30, 2020, 5:00 p.m. ET",0.2375384420156479,0.012087523937225342,0.7503740191459656,0.22545091807842255,Tech,2020-Q2,33,61,0.3473684210526316
AAPL,2020-Q2,"Apr 30, 2020, 5:00 p.m. ET",0.2375384420156479,0.012087523937225342,0.7503740191459656,0.22545091807842255,Tech,2020-Q2,33,61,0.3473684210526316
AAPL,2020-Q2,"Apr 30, 2020, 5:00 p.m. ET",0.2375384420156479,0.012087523937225342,0.7503740191459656,0.22545091807842255,Tech,2020-Q2,33,61,0.3473684210526316
AAPL,2020-Q2,"Apr 30, 2020, 5:00 p.m. ET",0.2375384420156479,0.012087523937225342,0.7503740191459656,0.22545091807842255,Tech,2020-Q2,33,61,0.3473684210526316
AAPL,2020-Q2,"Apr 30, 2020, 5:00 p.m. ET",0.2375384420156479,0.012087523937225342,0.7503740191459656,0.22545091807842255,Tech,2020-Q2,33,61,0.3473684210526316
AAPL,2020-Q2,"Apr 30, 2020, 5:00 p.m. ET",0.2375384420156479,0.012087523937225342,0.7503740191459656,0.22545091807842255,Tech,2020-Q2,33,61,0.3473684210526316
AAPL,2020-Q2,"Apr 30, 2020, 5:00 p.m. ET",0.2375384420156479,0.012087523937225342,0.7503740191459656,0.22545091807842255,Tech,2020-Q2,33,61,0.3473684210526316
AAPL,2020-Q2,"Apr 30, 2020, 5:00 p.m. ET",0.2375384420156479,0.012087523937225342,0.7503740191459656,0.22545091807842255,Tech,2020-Q2,33,61,0.3473684210526316
AAPL,2020-Q2,"Apr 30, 2020, 5:00 p.m. ET",0.2375384420156479,0.012087523937225342,0.7503740191459656,0.22545091807842255,Tech,2020-Q2,33,61,0.3473684210526316
AAPL,2020-Q2,"Apr 30, 2020, 5:00 p.m. ET",0.2375384420156479,0.012087523937225342,0.7503740191459656,0.22545091807842255,Tech,2020-Q2,33,61,0.3473684210526316
AAPL,2020-Q2,"Apr 30, 2020, 5:00 p.m. ET",0.2375384420156479,0.012087523937225342,0.7503740191459656,0.22545091807842255,Tech,2020-Q2,33,61,0.3473684210526316
AAPL,2020-Q2,"Apr 30, 2020, 5:00 p.m. ET",0.2375384420156479,0.012087523937225342,0.7503740191459656,0.22545091807842255,Tech,2020-Q2,33,61,0.3473684210526316
AAPL,2020-Q2,"Apr 30, 2020, 5:00 p.m. ET",0.2375384420156479,0.012087523937225342,0.7503740191459656,0.22545091807842255,Tech,2020-Q2,33,61,0.3473684210526316
AAPL,2020-Q2,"Apr 30, 2020, 5:00 p.m. ET",0.2375384420156479,0.012087523937225342,0.7503740191459656,0.22545091807842255,Tech,2020-Q2,33,61,0.3473684210526316
AAPL,2020-Q2,"Apr 30, 2020, 5:00 p.m. ET",0.2375384420156479,0.012087523937225342,0.7503740191459656,0.22545091807842255,Tech,2020-Q2,33,61,0.3473684210526316
AAPL,2020-Q2,"Apr 30, 2020, 5:00 p.m. ET",0.2375384420156479,0.012087523937225342,0.7503740191459656,0.22545091807842255,Tech,2020-Q2,33,61,0.3473684210526316
AAPL,2020-Q2,"Apr 30, 2020, 5:00 p.m. ET",0.2375384420156479,0.012087523937225342,0.7503740191459656,0.22545091807842255,Tech,2020-Q2,33,61,0.3473684210526316
GOOGL,2020-Q1,"April 28, 2020, 4:30 p.m. ET",0.08496109396219254,0.014933321624994278,0.9001055955886841,0.07002777233719826,Tech,2020-Q1,38,80,0.31932773109243695
GOOGL,2020-Q1,"April 28, 2020, 4:30 p.m. ET",0.08496109396219254,0.014933321624994278,0.9001055955886841,0.07002777233719826,Tech,2020-Q1,38,80,0.31932773109243695
GOOGL,2020-Q1,"April 28, 2020, 4:30 p.m. ET",0.08496109396219254,0.014933321624994278,0.9001055955886841,0.07002777233719826,Tech,2020-Q1,38,80,0.31932773109243695
GOOGL,2020-Q1,"April 28, 2020, 4:30 p.m. ET",0.08496109396219254,0.014933321624994278,0.9001055955886841,0.07002777233719826,Tech,2020-Q1,38,80,0.31932773109243695
GOOGL,2020-Q1,"April 28, 2020, 4:30 p.m. ET",0.08496109396219254,0.014933321624994278,0.9001055955886841,0.07002777233719826,Tech,2020-Q1,38,80,0.31932773109243695
GOOGL,2020-Q1,"April 28, 2020, 4:30 p.m. ET",0.08496109396219254,0.014933321624994278,0.9001055955886841,0.07002777233719826,Tech,2020-Q1,38,80,0.31932773109243695
GOOGL,2020-Q1,"April 28, 2020, 4:30 p.m. ET",0.08496109396219254,0.014933321624994278,0.9001055955886841,0.07002777233719826,Tech,2020-Q1,38,80,0.31932773109243695
GOOGL,2020-Q1,"April 28, 2020, 4:30 p.m. ET",0.08496109396219254,0.014933321624994278,0.9001055955886841,0.07002777233719826,Tech,2020-Q1,38,80,0.31932773109243695
GOOGL,2020-Q1,"April 28, 2020, 4:30 p.m. ET",0.08496109396219254,0.014933321624994278,0.9001055955886841,0.07002777233719826,Tech,2020-Q1,38,80,0.31932773109243695
GOOGL,2020-Q1,"April 28, 2020, 4:30 p.m. ET",0.08496109396219254,0.014933321624994278,0.9001055955886841,0.07002777233719826,Tech,2020-Q1,38,80,0.31932773109243695
GOOGL,2020-Q1,"April 28, 2020, 4:30 p.m. ET",0.08496109396219254,0.014933321624994278,0.9001055955886841,0.07002777233719826,Tech,2020-Q1,38,80,0.31932773109243695
GOOGL,2020-Q1,"April 28, 2020, 4:30 p.m. ET",0.08496109396219254,0.014933321624994278,0.9001055955886841,0.07002777233719826,Tech,2020-Q1,38,80,0.31932773109243695
GOOGL,2020-Q1,"April 28, 2020, 4:30 p.m. ET",0.08496109396219254,0.014933321624994278,0.9001055955886841,0.07002777233719826,Tech,2020-Q1,38,80,0.31932773109243695
GOOGL,2020-Q1,"April 28, 2020, 4:30 p.m. ET",0.08496109396219254,0.014933321624994278,0.9001055955886841,0.07002777233719826,Tech,2020-Q1,38,80,0.31932773109243695
GOOGL,2020-Q1,"April 28, 2020, 4:30 p.m. ET",0.08496109396219254,0.014933321624994278,0.9001055955886841,0.07002777233719826,Tech,2020-Q1,38,80,0.31932773109243695
GOOGL,2020-Q1,"April 28, 2020, 4:30 p.m. ET",0.08496109396219254,0.014933321624994278,0.9001055955886841,0.07002777233719826,Tech,2020-Q1,38,80,0.31932773109243695
GOOGL,2020-Q1,"April 28, 2020, 4:30 p.m. ET",0.08496109396219254,0.014933321624994278,0.9001055955886841,0.07002777233719826,Tech,2020-Q1,38,80,0.31932773109243695
GOOGL,2020-Q1,"April 28, 2020, 4:30 p.m. ET",0.08496109396219254,0.014933321624994278,0.9001055955886841,0.07002777233719826,Tech,2020-Q1,38,80,0.31932773109243695
GOOGL,2020-Q1,"April 28, 2020, 4:30 p.m. ET",0.08496109396219254,0.014933321624994278,0.9001055955886841,0.07002777233719826,Tech,2020-Q1,38,80,0.31932773109243695
GOOGL,2020-Q1,"April 28, 2020, 4:30 p.m. ET",0.08496109396219254,0.014933321624994278,0.9001055955886841,0.07002777233719826,Tech,2020-Q1,38,80,0.31932773109243695
GOOGL,2020-Q1,"April 28, 2020, 4:30 p.m. ET",0.08496109396219254,0.014933321624994278,0.9001055955886841,0.07002777233719826,Tech,2020-Q1,38,80,0.31932773109243695
GOOGL,2020-Q1,"April 28, 2020, 4:30 p.m. ET",0.08496109396219254,0.014933321624994278,0.9001055955886841,0.07002777233719826,Tech,2020-Q1,38,80,0.31932773109243695
GOOGL,2020-Q1,"April 28, 2020, 4:30 p.m. ET",0.08496109396219254,0.014933321624994278,0.9001055955886841,0.07002777233719826,Tech,2020-Q1,38,80,0.31932773109243695
GOOGL,2020-Q1,"April 28, 2020, 4:30 p.m. ET",0.08496109396219254,0.014933321624994278,0.9001055955886841,0.07002777233719826,Tech,2020-Q1,38,80,0.31932773109243695
GOOGL,2020-Q1,"April 28, 2020, 4:30 p.m. ET",0.08496109396219254,0.014933321624994278,0.9001055955886841,0.07002777233719826,Tech,2020-Q1,38,80,0.31932773109243695
GOOGL,2020-Q1,"April 28, 2020, 4:30 p.m. ET",0.08496109396219254,0.014933321624994278,0.9001055955886841,0.07002777233719826,Tech,2020-Q1,38,80,0.31932773109243695
GOOGL,2020-Q1,"April 28, 2020, 4:30 p.m. ET",0.08496109396219254,0.014933321624994278,0.9001055955886841,0.07002777233719826,Tech,2020-Q1,38,80,0.31932773109243695
GOOGL,2020-Q1,"April 28, 2020, 4:30 p.m. ET",0.08496109396219254,0.014933321624994278,0.9001055955886841,0.07002777233719826,Tech,2020-Q1,38,80,0.31932773109243695
GOOGL,2020-Q1,"April 28, 2020, 4:30 p.m. ET",0.08496109396219254,0.014933321624994278,0.9001055955886841,0.07002777233719826,Tech,2020-Q1,38,80,0.31932773109243695
GOOGL,2020-Q1,"April 28, 2020, 4:30 p.m. ET",0.08496109396219254,0.014933321624994278,0.9001055955886841,0.07002777233719826,Tech,2020-Q1,38,80,0.31932773109243695
TSLA,2020-Q2,"Jul 22, 2020, 6:00 p.m. ET",0.085098035633564,0.018818067386746407,0.8960838913917542,0.06627996824681759,Auto,2020-Q2,14,32,0.2978723404255319
TSLA,2020-Q2,"Jul 22, 2020, 6:00 p.m. ET",0.085098035633564,0.018818067386746407,0.8960838913917542,0.06627996824681759,Auto,2020-Q2,14,32,0.2978723404255319
TSLA,2020-Q2,"Jul 22, 2020, 6:00 p.m. ET",0.085098035633564,0.018818067386746407,0.8960838913917542,0.06627996824681759,Auto,2020-Q2,14,32,0.2978723404255319
TSLA,2020-Q2,"Jul 22, 2020, 6:00 p.m. ET",0.085098035633564,0.018818067386746407,0.8960838913917542,0.06627996824681759,Auto,2020-Q2,14,32,0.2978723404255319
TSLA,2020-Q2,"Jul 22, 2020, 6:00 p.m. ET",0.085098035633564,0.018818067386746407,0.8960838913917542,0.06627996824681759,Auto,2020-Q2,14,32,0.2978723404255319
TSLA,2020-Q2,"Jul 22, 2020, 6:00 p.m. ET",0.085098035633564,0.018818067386746407,0.8960838913917542,0.06627996824681759,Auto,2020-Q2,14,32,0.2978723404255319
TSLA,2020-Q2,"Jul 22, 2020, 6:00 p.m. ET",0.085098035633564,0.018818067386746407,0.8960838913917542,0.06627996824681759,Auto,2020-Q2,14,32,0.2978723404255319
TSLA,2020-Q2,"Jul 22, 2020, 6:00 p.m. ET",0.085098035633564,0.018818067386746407,0.8960838913917542,0.06627996824681759,Auto,2020-Q2,14,32,0.2978723404255319
TSLA,2020-Q2,"Jul 22, 2020, 6:00 p.m. ET",0.085098035633564,0.018818067386746407,0.8960838913917542,0.06627996824681759,Auto,2020-Q2,14,32,0.2978723404255319
TSLA,2020-Q2,"Jul 22, 2020, 6:00 p.m. ET",0.085098035633564,0.018818067386746407,0.8960838913917542,0.06627996824681759,Auto,2020-Q2,14,32,0.2978723404255319
TSLA,2020-Q2,"Jul 22, 2020, 6:00 p.m. ET",0.085098035633564,0.018818067386746407,0.8960838913917542,0.06627996824681759,Auto,2020-Q2,14,32,0.2978723404255319
TSLA,2020-Q2,"Jul 22, 2020, 6:00 p.m. ET",0.085098035633564,0.018818067386746407,0.8960838913917542,0.06627996824681759,Auto,2020-Q2,14,32,0.2978723404255319
TSLA,2020-Q2,"Jul 22, 2020, 6:00 p.m. ET",0.085098035633564,0.018818067386746407,0.8960838913917542,0.06627996824681759,Auto,2020-Q2,14,32,0.2978723404255319
TSLA,2020-Q2,"Jul 22, 2020, 6:00 p.m. ET",0.085098035633564,0.018818067386746407,0.8960838913917542,0.06627996824681759,Auto,2020-Q2,14,32,0.2978723404255319
TSLA,2020-Q2,"Jul 22, 2020, 6:00 p.m. ET",0.085098035633564,0.018818067386746407,0.8960838913917542,0.06627996824681759,Auto,2020-Q2,14,32,0.2978723404255319
TSLA,2020-Q2,"Jul 22, 2020, 6:00 p.m. ET",0.085098035633564,0.018818067386746407,0.8960838913917542,0.06627996824681759,Auto,2020-Q2,14,32,0.2978723404255319
TSLA,2020-Q2,"Jul 22, 2020, 6:00 p.m. ET",0.085098035633564,0.018818067386746407,0.8960838913917542,0.06627996824681759,Auto,2020-Q2,14,32,0.2978723404255319
TSLA,2020-Q2,"Jul 22, 2020, 6:00 p.m. ET",0.085098035633564,0.018818067386746407,0.8960838913917542,0.06627996824681759,Auto,2020-Q2,14,32,0.2978723404255319
TSLA,2020-Q2,"Jul 22, 2020, 6:00 p.m. ET",0.085098035633564,0.018818067386746407,0.8960838913917542,0.06627996824681759,Auto,2020-Q2,14,32,0.2978723404255319
TSLA,2020-Q2,"Jul 22, 2020, 6:00 p.m. ET",0.085098035633564,0.018818067386746407,0.8960838913917542,0.06627996824681759,Auto,2020-Q2,14,32,0.2978723404255319
TSLA,2020-Q2,"Jul 22, 2020, 6:00 p.m. ET",0.085098035633564,0.018818067386746407,0.8960838913917542,0.06627996824681759,Auto,2020-Q2,14,32,0.2978723404255319
TSLA,2020-Q2,"Jul 22, 2020, 6:00 p.m. ET",0.085098035633564,0.018818067386746407,0.8960838913917542,0.06627996824681759,Auto,2020-Q2,14,32,0.2978723404255319
TSLA,2020-Q2,"Jul 22, 2020, 6:00 p.m. ET",0.085098035633564,0.018818067386746407,0.8960838913917542,0.06627996824681759,Auto,2020-Q2,14,32,0.2978723404255319
TSLA,2020-Q2,"Jul 22, 2020, 6:00 p.m. ET",0.085098035633564,0.018818067386746407,0.8960838913917542,0.06627996824681759,Auto,2020-Q2,14,32,0.2978723404255319
TSLA,2020-Q2,"Jul 22, 2020, 6:00 p.m. ET",0.085098035633564,0.018818067386746407,0.8960838913917542,0.06627996824681759,Auto,2020-Q2,14,32,0.2978723404255319
TSLA,2020-Q2,"Jul 22, 2020, 6:00 p.m. ET",0.085098035633564,0.018818067386746407,0.8960838913917542,0.06627996824681759,Auto,2020-Q2,14,32,0.2978723404255319
TSLA,2020-Q2,"Jul 22, 2020, 6:00 p.m. ET",0.085098035633564,0.018818067386746407,0.8960838913917542,0.06627996824681759,Auto,2020-Q2,14,32,0.2978723404255319
TSLA,2020-Q2,"Jul 22, 2020, 6:00 p.m. ET",0.085098035633564,0.018818067386746407,0.8960838913917542,0.06627996824681759,Auto,2020-Q2,14,32,0.2978723404255319
TSLA,2020-Q2,"Jul 22, 2020, 6:00 p.m. ET",0.085098035633564,0.018818067386746407,0.8960838913917542,0.06627996824681759,Auto,2020-Q2,14,32,0.2978723404255319
TSLA,2020-Q2,"Jul 22, 2020, 6:00 p.m. ET",0.085098035633564,0.018818067386746407,0.8960838913917542,0.06627996824681759,Auto,2020-Q2,14,32,0.2978723404255319
TSLA,2020-Q2,"Jul 22, 2020, 6:00 p.m. ET",0.085098035633564,0.018818067386746407,0.8960838913917542,0.06627996824681759,Auto,2020-Q2,14,32,0.2978723404255319
TSLA,2020-Q2,"Jul 22, 2020, 6:00 p.m. ET",0.085098035633564,0.018818067386746407,0.8960838913917542,0.06627996824681759,Auto,2020-Q2,14,32,0.2978723404255319
AMZN,2020-Q2,"Jul 30, 2020, 5:30 p.m. ET",0.09640108048915863,0.015877222642302513,0.8877217173576355,0.08052385784685612,Tech,2020-Q2,11,54,0.16666666666666666
AMZN,2020-Q2,"Jul 30, 2020, 5:30 p.m. ET",0.09640108048915863,0.015877222642302513,0.8877217173576355,0.08052385784685612,Tech,2020-Q2,11,54,0.16666666666666666
AMZN,2020-Q2,"Jul 30, 2020, 5:30 p.m. ET",0.09640108048915863,0.015877222642302513,0.8877217173576355,0.08052385784685612,Tech,2020-Q2,11,54,0.16666666666666666
AMZN,2020-Q2,"Jul 30, 2020, 5:30 p.m. ET",0.09640108048915863,0.015877222642302513,0.8877217173576355,0.08052385784685612,Tech,2020-Q2,11,54,0.16666666666666666
AMZN,2020-Q2,"Jul 30, 2020, 5:30 p.m. ET",0.09640108048915863,0.015877222642302513,0.8877217173576355,0.08052385784685612,Tech,2020-Q2,11,54,0.16666666666666666
AMZN,2020-Q2,"Jul 30, 2020, 5:30 p.m. ET",0.09640108048915863,0.015877222642302513,0.8877217173576355,0.08052385784685612,Tech,2020-Q2,11,54,0.16666666666666666
AMZN,2020-Q2,"Jul 30, 2020, 5:30 p.m. ET",0.09640108048915863,0.015877222642302513,0.8877217173576355,0.08052385784685612,Tech,2020-Q2,11,54,0.16666666666666666
AMZN,2020-Q2,"Jul 30, 2020, 5:30 p.m. ET",0.09640108048915863,0.015877222642302513,0.8877217173576355,0.08052385784685612,Tech,2020-Q2,11,54,0.16666666666666666
AMZN,2020-Q2,"Jul 30, 2020, 5:30 p.m. ET",0.09640108048915863,0.015877222642302513,0.8877217173576355,0.08052385784685612,Tech,2020-Q2,11,54,0.16666666666666666
AMZN,2020-Q2,"Jul 30, 2020, 5:30 p.m. ET",0.09640108048915863,0.015877222642302513,0.8877217173576355,0.08052385784685612,Tech,2020-Q2,11,54,0.16666666666666666
AMZN,2020-Q2,"Jul 30, 2020, 5:30 p.m. ET",0.09640108048915863,0.015877222642302513,0.8877217173576355,0.08052385784685612,Tech,2020-Q2,11,54,0.16666666666666666
AMZN,2020-Q2,"Jul 30, 2020, 5:30 p.m. ET",0.09640108048915863,0.015877222642302513,0.8877217173576355,0.08052385784685612,Tech,2020-Q2,11,54,0.16666666666666666
AMZN,2020-Q2,"Jul 30, 2020, 5:30 p.m. ET",0.09640108048915863,0.015877222642302513,0.8877217173576355,0.08052385784685612,Tech,2020-Q2,11,54,0.16666666666666666
AMZN,2020-Q2,"Jul 30, 2020, 5:30 p.m. ET",0.09640108048915863,0.015877222642302513,0.8877217173576355,0.08052385784685612,Tech,2020-Q2,11,54,0.16666666666666666
AMZN,2020-Q2,"Jul 30, 2020, 5:30 p.m. ET",0.09640108048915863,0.015877222642302513,0.8877217173576355,0.08052385784685612,Tech,2020-Q2,11,54,0.16666666666666666
AMZN,2020-Q2,"Jul 30, 2020, 5:30 p.m. ET",0.09640108048915863,0.015877222642302513,0.8877217173576355,0.08052385784685612,Tech,2020-Q2,11,54,0.16666666666666666
AMZN,2020-Q2,"Jul 30, 2020, 5:30 p.m. ET",0.09640108048915863,0.015877222642302513,0.8877217173576355,0.08052385784685612,Tech,2020-Q2,11,54,0.16666666666666666
AMZN,2020-Q2,"Jul 30, 2020, 5:30 p.m. ET",0.09640108048915863,0.015877222642302513,0.8877217173576355,0.08052385784685612,Tech,2020-Q2,11,54,0.16666666666666666
AMZN,2020-Q2,"Jul 30, 2020, 5:30 p.m. ET",0.09640108048915863,0.015877222642302513,0.8877217173576355,0.08052385784685612,Tech,2020-Q2,11,54,0.16666666666666666
AMZN,2020-Q2,"Jul 30, 2020, 5:30 p.m. ET",0.09640108048915863,0.015877222642302513,0.8877217173576355,0.08052385784685612,Tech,2020-Q2,11,54,0.16666666666666666
AMZN,2020-Q2,"Jul 30, 2020, 5:30 p.m. ET",0.09640108048915863,0.015877222642302513,0.8877217173576355,0.08052385784685612,Tech,2020-Q2,11,54,0.16666666666666666
AMZN,2020-Q2,"Jul 30, 2020, 5:30 p.m. ET",0.09640108048915863,0.015877222642302513,0.8877217173576355,0.08052385784685612,Tech,2020-Q2,11,54,0.16666666666666666
AMZN,2020-Q2,"Jul 30, 2020, 5:30 p.m. ET",0.09640108048915863,0.015877222642302513,0.8877217173576355,0.08052385784685612,Tech,2020-Q2,11,54,0.16666666666666666
AMZN,2020-Q2,"Jul 30, 2020, 5:30 p.m. ET",0.09640108048915863,0.015877222642302513,0.8877217173576355,0.08052385784685612,Tech,2020-Q2,11,54,0.16666666666666666
AMZN,2020-Q2,"Jul 30, 2020, 5:30 p.m. ET",0.09640108048915863,0.015877222642302513,0.8877217173576355,0.08052385784685612,Tech,2020-Q2,11,54,0.16666666666666666
AAPL,2020-Q1,"Jan 28, 2020, 5:00 p.m. ET",0.44424036145210266,0.011321954429149628,0.5444376468658447,0.43291840702295303,Tech,2020-Q1,18,103,0.14754098360655737
AAPL,2020-Q1,"Jan 28, 2020, 5:00 p.m. ET",0.44424036145210266,0.011321954429149628,0.5444376468658447,0.43291840702295303,Tech,2020-Q1,18,103,0.14754098360655737
AAPL,2020-Q1,"Jan 28, 2020, 5:00 p.m. ET",0.44424036145210266,0.011321954429149628,0.5444376468658447,0.43291840702295303,Tech,2020-Q1,18,103,0.14754098360655737
AAPL,2020-Q1,"Jan 28, 2020, 5:00 p.m. ET",0.44424036145210266,0.011321954429149628,0.5444376468658447,0.43291840702295303,Tech,2020-Q1,18,103,0.14754098360655737
AAPL,2020-Q1,"Jan 28, 2020, 5:00 p.m. ET",0.44424036145210266,0.011321954429149628,0.5444376468658447,0.43291840702295303,Tech,2020-Q1,18,103,0.14754098360655737
AAPL,2020-Q1,"Jan 28, 2020, 5:00 p.m. ET",0.44424036145210266,0.011321954429149628,0.5444376468658447,0.43291840702295303,Tech,2020-Q1,18,103,0.14754098360655737
AAPL,2020-Q1,"Jan 28, 2020, 5:00 p.m. ET",0.44424036145210266,0.011321954429149628,0.5444376468658447,0.43291840702295303,Tech,2020-Q1,18,103,0.14754098360655737
AAPL,2020-Q1,"Jan 28, 2020, 5:00 p.m. ET",0.44424036145210266,0.011321954429149628,0.5444376468658447,0.43291840702295303,Tech,2020-Q1,18,103,0.14754098360655737
AAPL,2020-Q1,"Jan 28, 2020, 5:00 p.m. ET",0.44424036145210266,0.011321954429149628,0.5444376468658447,0.43291840702295303,Tech,2020-Q1,18,103,0.14754098360655737
AAPL,2020-Q1,"Jan 28, 2020, 5:00 p.m. ET",0.44424036145210266,0.011321954429149628,0.5444376468658447,0.43291840702295303,Tech,2020-Q1,18,103,0.14754098360655737
AAPL,2020-Q1,"Jan 28, 2020, 5:00 p.m. ET",0.44424036145210266,0.011321954429149628,0.5444376468658447,0.43291840702295303,Tech,2020-Q1,18,103,0.14754098360655737
AAPL,2020-Q1,"Jan 28, 2020, 5:00 p.m. ET",0.44424036145210266,0.011321954429149628,0.5444376468658447,0.43291840702295303,Tech,2020-Q1,18,103,0.14754098360655737
AAPL,2020-Q1,"Jan 28, 2020, 5:00 p.m. ET",0.44424036145210266,0.011321954429149628,0.5444376468658447,0.43291840702295303,Tech,2020-Q1,18,103,0.14754098360655737
AAPL,2020-Q1,"Jan 28, 2020, 5:00 p.m. ET",0.44424036145210266,0.011321954429149628,0.5444376468658447,0.43291840702295303,Tech,2020-Q1,18,103,0.14754098360655737
AAPL,2020-Q1,"Jan 28, 2020, 5:00 p.m. ET",0.44424036145210266,0.011321954429149628,0.5444376468658447,0.43291840702295303,Tech,2020-Q1,18,103,0.14754098360655737
AAPL,2020-Q1,"Jan 28, 2020, 5:00 p.m. ET",0.44424036145210266,0.011321954429149628,0.5444376468658447,0.43291840702295303,Tech,2020-Q1,18,103,0.14754098360655737
AAPL,2020-Q1,"Jan 28, 2020, 5:00 p.m. ET",0.44424036145210266,0.011321954429149628,0.5444376468658447,0.43291840702295303,Tech,2020-Q1,18,103,0.14754098360655737
AAPL,2020-Q1,"Jan 28, 2020, 5:00 p.m. ET",0.44424036145210266,0.011321954429149628,0.5444376468658447,0.43291840702295303,Tech,2020-Q1,18,103,0.14754098360655737
AAPL,2020-Q1,"Jan 28, 2020, 5:00 p.m. ET",0.44424036145210266,0.011321954429149628,0.5444376468658447,0.43291840702295303,Tech,2020-Q1,18,103,0.14754098360655737
AAPL,2020-Q1,"Jan 28, 2020, 5:00 p.m. ET",0.44424036145210266,0.011321954429149628,0.5444376468658447,0.43291840702295303,Tech,2020-Q1,18,103,0.14754098360655737
AAPL,2020-Q1,"Jan 28, 2020, 5:00 p.m. ET",0.44424036145210266,0.011321954429149628,0.5444376468658447,0.43291840702295303,Tech,2020-Q1,18,103,0.14754098360655737
PFE,2022-Q4,"Jan 31, 2023, 10:00 a.m. ET",0.08369819819927216,0.014137287624180317,0.9021645188331604,0.06956091057509184,Healthcare,2022-Q4,33,86,0.275
PFE,2022-Q4,"Jan 31, 2023, 10:00 a.m. ET",0.08369819819927216,0.014137287624180317,0.9021645188331604,0.06956091057509184,Healthcare,2022-Q4,33,86,0.275
AMZN,2020-Q2,"Jul 30, 2020, 5:30 p.m. ET",0.09640108048915863,0.015877222642302513,0.8877217173576355,0.08052385784685612,Tech,2020-Q2,11,54,0.16666666666666666
AMZN,2020-Q2,"Jul 30, 2020, 5:30 p.m. ET",0.09640108048915863,0.015877222642302513,0.8877217173576355,0.08052385784685612,Tech,2020-Q2,11,54,0.16666666666666666
AMZN,2020-Q2,"Jul 30, 2020, 5:30 p.m. ET",0.09640108048915863,0.015877222642302513,0.8877217173576355,0.08052385784685612,Tech,2020-Q2,11,54,0.16666666666666666
AMZN,2020-Q2,"Jul 30, 2020, 5:30 p.m. ET",0.09640108048915863,0.015877222642302513,0.8877217173576355,0.08052385784685612,Tech,2020-Q2,11,54,0.16666666666666666
AMZN,2020-Q2,"Jul 30, 2020, 5:30 p.m. ET",0.09640108048915863,0.015877222642302513,0.8877217173576355,0.08052385784685612,Tech,2020-Q2,11,54,0.16666666666666666
AMZN,2020-Q2,"Jul 30, 2020, 5:30 p.m. ET",0.09640108048915863,0.015877222642302513,0.8877217173576355,0.08052385784685612,Tech,2020-Q2,11,54,0.16666666666666666
AMZN,2020-Q2,"Jul 30, 2020, 5:30 p.m. ET",0.09640108048915863,0.015877222642302513,0.8877217173576355,0.08052385784685612,Tech,2020-Q2,11,54,0.16666666666666666
AMZN,2020-Q2,"Jul 30, 2020, 5:30 p.m. ET",0.09640108048915863,0.015877222642302513,0.8877217173576355,0.08052385784685612,Tech,2020-Q2,11,54,0.16666666666666666
AMZN,2020-Q2,"Jul 30, 2020, 5:30 p.m. ET",0.09640108048915863,0.015877222642302513,0.8877217173576355,0.08052385784685612,Tech,2020-Q2,11,54,0.16666666666666666
AMZN,2020-Q2,"Jul 30, 2020, 5:30 p.m. ET",0.09640108048915863,0.015877222642302513,0.8877217173576355,0.08052385784685612,Tech,2020-Q2,11,54,0.16666666666666666
AMZN,2020-Q2,"Jul 30, 2020, 5:30 p.m. ET",0.09640108048915863,0.015877222642302513,0.8877217173576355,0.08052385784685612,Tech,2020-Q2,11,54,0.16666666666666666
AMZN,2020-Q2,"Jul 30, 2020, 5:30 p.m. ET",0.09640108048915863,0.015877222642302513,0.8877217173576355,0.08052385784685612,Tech,2020-Q2,11,54,0.16666666666666666
AMZN,2020-Q2,"Jul 30, 2020, 5:30 p.m. ET",0.09640108048915863,0.015877222642302513,0.8877217173576355,0.08052385784685612,Tech,2020-Q2,11,54,0.16666666666666666
AMZN,2020-Q2,"Jul 30, 2020, 5:30 p.m. ET",0.09640108048915863,0.015877222642302513,0.8877217173576355,0.08052385784685612,Tech,2020-Q2,11,54,0.16666666666666666
AMZN,2020-Q2,"Jul 30, 2020, 5:30 p.m. ET",0.09640108048915863,0.015877222642302513,0.8877217173576355,0.08052385784685612,Tech,2020-Q2,11,54,0.16666666666666666
AMZN,2020-Q2,"Jul 30, 2020, 5:30 p.m. ET",0.09640108048915863,0.015877222642302513,0.8877217173576355,0.08052385784685612,Tech,2020-Q2,11,54,0.16666666666666666
AMZN,2020-Q2,"Jul 30, 2020, 5:30 p.m. ET",0.09640108048915863,0.015877222642302513,0.8877217173576355,0.08052385784685612,Tech,2020-Q2,11,54,0.16666666666666666
AMZN,2020-Q2,"Jul 30, 2020, 5:30 p.m. ET",0.09640108048915863,0.015877222642302513,0.8877217173576355,0.08052385784685612,Tech,2020-Q2,11,54,0.16666666666666666
AMZN,2020-Q2,"Jul 30, 2020, 5:30 p.m. ET",0.09640108048915863,0.015877222642302513,0.8877217173576355,0.08052385784685612,Tech,2020-Q2,11,54,0.16666666666666666
AMZN,2020-Q2,"Jul 30, 2020, 5:30 p.m. ET",0.09640108048915863,0.015877222642302513,0.8877217173576355,0.08052385784685612,Tech,2020-Q2,11,54,0.16666666666666666
AMZN,2020-Q2,"Jul 30, 2020, 5:30 p.m. ET",0.09640108048915863,0.015877222642302513,0.8877217173576355,0.08052385784685612,Tech,2020-Q2,11,54,0.16666666666666666
AMZN,2020-Q2,"Jul 30, 2020, 5:30 p.m. ET",0.09640108048915863,0.015877222642302513,0.8877217173576355,0.08052385784685612,Tech,2020-Q2,11,54,0.16666666666666666
AMZN,2020-Q2,"Jul 30, 2020, 5:30 p.m. ET",0.09640108048915863,0.015877222642302513,0.8877217173576355,0.08052385784685612,Tech,2020-Q2,11,54,0.16666666666666666
AMZN,2020-Q2,"Jul 30, 2020, 5:30 p.m. ET",0.09640108048915863,0.015877222642302513,0.8877217173576355,0.08052385784685612,Tech,2020-Q2,11,54,0.16666666666666666
AMZN,2020-Q2,"Jul 30, 2020, 5:30 p.m. ET",0.09640108048915863,0.015877222642302513,0.8877217173576355,0.08052385784685612,Tech,2020-Q2,11,54,0.16666666666666666
WMT,2023-Q2,"Aug 16, 2022, 8:00 a.m. ET",0.05088574066758156,0.02086748369038105,0.928246796131134,0.030018256977200508,Retail,2023-Q2,94,92,0.5026737967914439
WMT,2023-Q2,"Aug 16, 2022, 8:00 a.m. ET",0.05088574066758156,0.02086748369038105,0.928246796131134,0.030018256977200508,Retail,2023-Q2,94,92,0.5026737967914439
WMT,2023-Q2,"Aug 16, 2022, 8:00 a.m. ET",0.05088574066758156,0.02086748369038105,0.928246796131134,0.030018256977200508,Retail,2023-Q2,94,92,0.5026737967914439
BLK,2021-Q2,"Jul 14, 2021, 8:30 a.m. ET",0.1444118469953537,0.009947644546627998,0.8456405401229858,0.1344642024487257,Finance,2021-Q2,31,116,0.20945945945945946
AMZN,2020-Q2,"Jul 30, 2020, 5:30 p.m. ET",0.09640108048915863,0.015877222642302513,0.8877217173576355,0.08052385784685612,Tech,2020-Q2,11,54,0.16666666666666666
AMZN,2020-Q2,"Jul 30, 2020, 5:30 p.m. ET",0.09640108048915863,0.015877222642302513,0.8877217173576355,0.08052385784685612,Tech,2020-Q2,11,54,0.16666666666666666
AMZN,2020-Q2,"Jul 30, 2020, 5:30 p.m. ET",0.09640108048915863,0.015877222642302513,0.8877217173576355,0.08052385784685612,Tech,2020-Q2,11,54,0.16666666666666666
AMZN,2020-Q2,"Jul 30, 2020, 5:30 p.m. ET",0.09640108048915863,0.015877222642302513,0.8877217173576355,0.08052385784685612,Tech,2020-Q2,11,54,0.16666666666666666
AMZN,2020-Q2,"Jul 30, 2020, 5:30 p.m. ET",0.09640108048915863,0.015877222642302513,0.8877217173576355,0.08052385784685612,Tech,2020-Q2,11,54,0.16666666666666666
AMZN,2020-Q2,"Jul 30, 2020, 5:30 p.m. ET",0.09640108048915863,0.015877222642302513,0.8877217173576355,0.08052385784685612,Tech,2020-Q2,11,54,0.16666666666666666
AMZN,2020-Q2,"Jul 30, 2020, 5:30 p.m. ET",0.09640108048915863,0.015877222642302513,0.8877217173576355,0.08052385784685612,Tech,2020-Q2,11,54,0.16666666666666666
AMZN,2020-Q2,"Jul 30, 2020, 5:30 p.m. ET",0.09640108048915863,0.015877222642302513,0.8877217173576355,0.08052385784685612,Tech,2020-Q2,11,54,0.16666666666666666
AMZN,2020-Q2,"Jul 30, 2020, 5:30 p.m. ET",0.09640108048915863,0.015877222642302513,0.8877217173576355,0.08052385784685612,Tech,2020-Q2,11,54,0.16666666666666666
AMZN,2020-Q2,"Jul 30, 2020, 5:30 p.m. ET",0.09640108048915863,0.015877222642302513,0.8877217173576355,0.08052385784685612,Tech,2020-Q2,11,54,0.16666666666666666
AMZN,2020-Q2,"Jul 30, 2020, 5:30 p.m. ET",0.09640108048915863,0.015877222642302513,0.8877217173576355,0.08052385784685612,Tech,2020-Q2,11,54,0.16666666666666666
AMZN,2020-Q2,"Jul 30, 2020, 5:30 p.m. ET",0.09640108048915863,0.015877222642302513,0.8877217173576355,0.08052385784685612,Tech,2020-Q2,11,54,0.16666666666666666
AMZN,2020-Q2,"Jul 30, 2020, 5:30 p.m. ET",0.09640108048915863,0.015877222642302513,0.8877217173576355,0.08052385784685612,Tech,2020-Q2,11,54,0.16666666666666666
AMZN,2020-Q2,"Jul 30, 2020, 5:30 p.m. ET",0.09640108048915863,0.015877222642302513,0.8877217173576355,0.08052385784685612,Tech,2020-Q2,11,54,0.16666666666666666
AMZN,2020-Q2,"Jul 30, 2020, 5:30 p.m. ET",0.09640108048915863,0.015877222642302513,0.8877217173576355,0.08052385784685612,Tech,2020-Q2,11,54,0.16666666666666666
AMZN,2020-Q2,"Jul 30, 2020, 5:30 p.m. ET",0.09640108048915863,0.015877222642302513,0.8877217173576355,0.08052385784685612,Tech,2020-Q2,11,54,0.16666666666666666
AMZN,2020-Q2,"Jul 30, 2020, 5:30 p.m. ET",0.09640108048915863,0.015877222642302513,0.8877217173576355,0.08052385784685612,Tech,2020-Q2,11,54,0.16666666666666666
AMZN,2020-Q2,"Jul 30, 2020, 5:30 p.m. ET",0.09640108048915863,0.015877222642302513,0.8877217173576355,0.08052385784685612,Tech,2020-Q2,11,54,0.16666666666666666
AMZN,2020-Q2,"Jul 30, 2020, 5:30 p.m. ET",0.09640108048915863,0.015877222642302513,0.8877217173576355,0.08052385784685612,Tech,2020-Q2,11,54,0.16666666666666666
AMZN,2020-Q2,"Jul 30, 2020, 5:30 p.m. ET",0.09640108048915863,0.015877222642302513,0.8877217173576355,0.08052385784685612,Tech,2020-Q2,11,54,0.16666666666666666
AMZN,2020-Q2,"Jul 30, 2020, 5:30 p.m. ET",0.09640108048915863,0.015877222642302513,0.8877217173576355,0.08052385784685612,Tech,2020-Q2,11,54,0.16666666666666666
AMZN,2020-Q2,"Jul 30, 2020, 5:30 p.m. ET",0.09640108048915863,0.015877222642302513,0.8877217173576355,0.08052385784685612,Tech,2020-Q2,11,54,0.16666666666666666
AMZN,2020-Q2,"Jul 30, 2020, 5:30 p.m. ET",0.09640108048915863,0.015877222642302513,0.8877217173576355,0.08052385784685612,Tech,2020-Q2,11,54,0.16666666666666666
AMZN,2020-Q2,"Jul 30, 2020, 5:30 p.m. ET",0.09640108048915863,0.015877222642302513,0.8877217173576355,0.08052385784685612,Tech,2020-Q2,11,54,0.16666666666666666
AMZN,2020-Q2,"Jul 30, 2020, 5:30 p.m. ET",0.09640108048915863,0.015877222642302513,0.8877217173576355,0.08052385784685612,Tech,2020-Q2,11,54,0.16666666666666666
GOOGL,2021-Q2,"Jul 27, 2021, 4:30 p.m. ET",0.24937154352664948,0.00945959985256195,0.7411688566207886,0.23991194367408752,Tech,2021-Q2,12,78,0.13186813186813187
GOOGL,2021-Q2,"Jul 27, 2021, 4:30 p.m. ET",0.24937154352664948,0.00945959985256195,0.7411688566207886,0.23991194367408752,Tech,2021-Q2,12,78,0.13186813186813187
GOOGL,2021-Q2,"Jul 27, 2021, 4:30 p.m. ET",0.24937154352664948,0.00945959985256195,0.7411688566207886,0.23991194367408752,Tech,2021-Q2,12,78,0.13186813186813187
GOOGL,2021-Q2,"Jul 27, 2021, 4:30 p.m. ET",0.24937154352664948,0.00945959985256195,0.7411688566207886,0.23991194367408752,Tech,2021-Q2,12,78,0.13186813186813187
GOOGL,2021-Q2,"Jul 27, 2021, 4:30 p.m. ET",0.24937154352664948,0.00945959985256195,0.7411688566207886,0.23991194367408752,Tech,2021-Q2,12,78,0.13186813186813187
GOOGL,2021-Q2,"Jul 27, 2021, 4:30 p.m. ET",0.24937154352664948,0.00945959985256195,0.7411688566207886,0.23991194367408752,Tech,2021-Q2,12,78,0.13186813186813187
GOOGL,2021-Q2,"Jul 27, 2021, 4:30 p.m. ET",0.24937154352664948,0.00945959985256195,0.7411688566207886,0.23991194367408752,Tech,2021-Q2,12,78,0.13186813186813187
GOOGL,2021-Q2,"Jul 27, 2021, 4:30 p.m. ET",0.24937154352664948,0.00945959985256195,0.7411688566207886,0.23991194367408752,Tech,2021-Q2,12,78,0.13186813186813187
GOOGL,2021-Q2,"Jul 27, 2021, 4:30 p.m. ET",0.24937154352664948,0.00945959985256195,0.7411688566207886,0.23991194367408752,Tech,2021-Q2,12,78,0.13186813186813187
GOOGL,2021-Q2,"Jul 27, 2021, 4:30 p.m. ET",0.24937154352664948,0.00945959985256195,0.7411688566207886,0.23991194367408752,Tech,2021-Q2,12,78,0.13186813186813187
GOOGL,2021-Q2,"Jul 27, 2021, 4:30 p.m. ET",0.24937154352664948,0.00945959985256195,0.7411688566207886,0.23991194367408752,Tech,2021-Q2,12,78,0.13186813186813187
GOOGL,2021-Q2,"Jul 27, 2021, 4:30 p.m. ET",0.24937154352664948,0.00945959985256195,0.7411688566207886,0.23991194367408752,Tech,2021-Q2,12,78,0.13186813186813187
GOOGL,2021-Q2,"Jul 27, 2021, 4:30 p.m. ET",0.24937154352664948,0.00945959985256195,0.7411688566207886,0.23991194367408752,Tech,2021-Q2,12,78,0.13186813186813187
GOOGL,2021-Q2,"Jul 27, 2021, 4:30 p.m. ET",0.24937154352664948,0.00945959985256195,0.7411688566207886,0.23991194367408752,Tech,2021-Q2,12,78,0.13186813186813187
PEP,2021-Q1,"Apr 15, 2021, 8:15 a.m. ET",0.05683121457695961,0.022913647815585136,0.920255184173584,0.033917566761374474,Consumer,2021-Q1,19,36,0.3392857142857143
AAPL,2020-Q1,"Jan 28, 2020, 5:00 p.m. ET",0.44424036145210266,0.011321954429149628,0.5444376468658447,0.43291840702295303,Tech,2020-Q1,18,103,0.14754098360655737
AAPL,2020-Q1,"Jan 28, 2020, 5:00 p.m. ET",0.44424036145210266,0.011321954429149628,0.5444376468658447,0.43291840702295303,Tech,2020-Q1,18,103,0.14754098360655737
AAPL,2020-Q1,"Jan 28, 2020, 5:00 p.m. ET",0.44424036145210266,0.011321954429149628,0.5444376468658447,0.43291840702295303,Tech,2020-Q1,18,103,0.14754098360655737
AAPL,2020-Q1,"Jan 28, 2020, 5:00 p.m. ET",0.44424036145210266,0.011321954429149628,0.5444376468658447,0.43291840702295303,Tech,2020-Q1,18,103,0.14754098360655737
AAPL,2020-Q1,"Jan 28, 2020, 5:00 p.m. ET",0.44424036145210266,0.011321954429149628,0.5444376468658447,0.43291840702295303,Tech,2020-Q1,18,103,0.14754098360655737
AAPL,2020-Q1,"Jan 28, 2020, 5:00 p.m. ET",0.44424036145210266,0.011321954429149628,0.5444376468658447,0.43291840702295303,Tech,2020-Q1,18,103,0.14754098360655737
AAPL,2020-Q1,"Jan 28, 2020, 5:00 p.m. ET",0.44424036145210266,0.011321954429149628,0.5444376468658447,0.43291840702295303,Tech,2020-Q1,18,103,0.14754098360655737
AAPL,2020-Q1,"Jan 28, 2020, 5:00 p.m. ET",0.44424036145210266,0.011321954429149628,0.5444376468658447,0.43291840702295303,Tech,2020-Q1,18,103,0.14754098360655737
AAPL,2020-Q1,"Jan 28, 2020, 5:00 p.m. ET",0.44424036145210266,0.011321954429149628,0.5444376468658447,0.43291840702295303,Tech,2020-Q1,18,103,0.14754098360655737
AAPL,2020-Q1,"Jan 28, 2020, 5:00 p.m. ET",0.44424036145210266,0.011321954429149628,0.5444376468658447,0.43291840702295303,Tech,2020-Q1,18,103,0.14754098360655737
AAPL,2020-Q1,"Jan 28, 2020, 5:00 p.m. ET",0.44424036145210266,0.011321954429149628,0.5444376468658447,0.43291840702295303,Tech,2020-Q1,18,103,0.14754098360655737
AAPL,2020-Q1,"Jan 28, 2020, 5:00 p.m. ET",0.44424036145210266,0.011321954429149628,0.5444376468658447,0.43291840702295303,Tech,2020-Q1,18,103,0.14754098360655737
AAPL,2020-Q1,"Jan 28, 2020, 5:00 p.m. ET",0.44424036145210266,0.011321954429149628,0.5444376468658447,0.43291840702295303,Tech,2020-Q1,18,103,0.14754098360655737
AAPL,2020-Q1,"Jan 28, 2020, 5:00 p.m. ET",0.44424036145210266,0.011321954429149628,0.5444376468658447,0.43291840702295303,Tech,2020-Q1,18,103,0.14754098360655737
AAPL,2020-Q1,"Jan 28, 2020, 5:00 p.m. ET",0.44424036145210266,0.011321954429149628,0.5444376468658447,0.43291840702295303,Tech,2020-Q1,18,103,0.14754098360655737
AAPL,2020-Q1,"Jan 28, 2020, 5:00 p.m. ET",0.44424036145210266,0.011321954429149628,0.5444376468658447,0.43291840702295303,Tech,2020-Q1,18,103,0.14754098360655737
AAPL,2020-Q1,"Jan 28, 2020, 5:00 p.m. ET",0.44424036145210266,0.011321954429149628,0.5444376468658447,0.43291840702295303,Tech,2020-Q1,18,103,0.14754098360655737
AAPL,2020-Q1,"Jan 28, 2020, 5:00 p.m. ET",0.44424036145210266,0.011321954429149628,0.5444376468658447,0.43291840702295303,Tech,2020-Q1,18,103,0.14754098360655737
AAPL,2020-Q1,"Jan 28, 2020, 5:00 p.m. ET",0.44424036145210266,0.011321954429149628,0.5444376468658447,0.43291840702295303,Tech,2020-Q1,18,103,0.14754098360655737
AAPL,2020-Q1,"Jan 28, 2020, 5:00 p.m. ET",0.44424036145210266,0.011321954429149628,0.5444376468658447,0.43291840702295303,Tech,2020-Q1,18,103,0.14754098360655737
AAPL,2020-Q1,"Jan 28, 2020, 5:00 p.m. ET",0.44424036145210266,0.011321954429149628,0.5444376468658447,0.43291840702295303,Tech,2020-Q1,18,103,0.14754098360655737
BLK,2021-Q1,"Apr 15, 2021, 8:30 a.m. ET",0.13088756799697876,0.014422114938497543,0.8546903729438782,0.11646545305848122,Finance,2021-Q1,40,115,0.2564102564102564
BLK,2021-Q1,"Apr 15, 2021, 8:30 a.m. ET",0.13088756799697876,0.014422114938497543,0.8546903729438782,0.11646545305848122,Finance,2021-Q1,40,115,0.2564102564102564
DIS,2020-Q3,"Aug 04, 2020, 4:30 p.m. ET",0.028005406260490417,0.08130818605422974,0.8906863927841187,-0.05330277979373932,Media,2020-Q3,32,44,0.4155844155844156
DIS,2020-Q3,"Aug 04, 2020, 4:30 p.m. ET",0.028005406260490417,0.08130818605422974,0.8906863927841187,-0.05330277979373932,Media,2020-Q3,32,44,0.4155844155844156
DIS,2020-Q3,"Aug 04, 2020, 4:30 p.m. ET",0.028005406260490417,0.08130818605422974,0.8906863927841187,-0.05330277979373932,Media,2020-Q3,32,44,0.4155844155844156
DIS,2020-Q3,"Aug 04, 2020, 4:30 p.m. ET",0.028005406260490417,0.08130818605422974,0.8906863927841187,-0.05330277979373932,Media,2020-Q3,32,44,0.4155844155844156
DIS,2020-Q3,"Aug 04, 2020, 4:30 p.m. ET",0.028005406260490417,0.08130818605422974,0.8906863927841187,-0.05330277979373932,Media,2020-Q3,32,44,0.4155844155844156
DIS,2020-Q3,"Aug 04, 2020, 4:30 p.m. ET",0.028005406260490417,0.08130818605422974,0.8906863927841187,-0.05330277979373932,Media,2020-Q3,32,44,0.4155844155844156
DIS,2020-Q3,"Aug 04, 2020, 4:30 p.m. ET",0.028005406260490417,0.08130818605422974,0.8906863927841187,-0.05330277979373932,Media,2020-Q3,32,44,0.4155844155844156
DIS,2020-Q3,"Aug 04, 2020, 4:30 p.m. ET",0.028005406260490417,0.08130818605422974,0.8906863927841187,-0.05330277979373932,Media,2020-Q3,32,44,0.4155844155844156
DIS,2020-Q3,"Aug 04, 2020, 4:30 p.m. ET",0.028005406260490417,0.08130818605422974,0.8906863927841187,-0.05330277979373932,Media,2020-Q3,32,44,0.4155844155844156
DIS,2020-Q3,"Aug 04, 2020, 4:30 p.m. ET",0.028005406260490417,0.08130818605422974,0.8906863927841187,-0.05330277979373932,Media,2020-Q3,32,44,0.4155844155844156
DIS,2020-Q3,"Aug 04, 2020, 4:30 p.m. ET",0.028005406260490417,0.08130818605422974,0.8906863927841187,-0.05330277979373932,Media,2020-Q3,32,44,0.4155844155844156
DIS,2020-Q3,"Aug 04, 2020, 4:30 p.m. ET",0.028005406260490417,0.08130818605422974,0.8906863927841187,-0.05330277979373932,Media,2020-Q3,32,44,0.4155844155844156
DIS,2020-Q3,"Aug 04, 2020, 4:30 p.m. ET",0.028005406260490417,0.08130818605422974,0.8906863927841187,-0.05330277979373932,Media,2020-Q3,32,44,0.4155844155844156
DIS,2020-Q3,"Aug 04, 2020, 4:30 p.m. ET",0.028005406260490417,0.08130818605422974,0.8906863927841187,-0.05330277979373932,Media,2020-Q3,32,44,0.4155844155844156
DIS,2020-Q3,"Aug 04, 2020, 4:30 p.m. ET",0.028005406260490417,0.08130818605422974,0.8906863927841187,-0.05330277979373932,Media,2020-Q3,32,44,0.4155844155844156
DIS,2020-Q3,"Aug 04, 2020, 4:30 p.m. ET",0.028005406260490417,0.08130818605422974,0.8906863927841187,-0.05330277979373932,Media,2020-Q3,32,44,0.4155844155844156
DIS,2020-Q3,"Aug 04, 2020, 4:30 p.m. ET",0.028005406260490417,0.08130818605422974,0.8906863927841187,-0.05330277979373932,Media,2020-Q3,32,44,0.4155844155844156
DIS,2020-Q3,"Aug 04, 2020, 4:30 p.m. ET",0.028005406260490417,0.08130818605422974,0.8906863927841187,-0.05330277979373932,Media,2020-Q3,32,44,0.4155844155844156
DIS,2020-Q3,"Aug 04, 2020, 4:30 p.m. ET",0.028005406260490417,0.08130818605422974,0.8906863927841187,-0.05330277979373932,Media,2020-Q3,32,44,0.4155844155844156
DIS,2020-Q3,"Aug 04, 2020, 4:30 p.m. ET",0.028005406260490417,0.08130818605422974,0.8906863927841187,-0.05330277979373932,Media,2020-Q3,32,44,0.4155844155844156
DIS,2020-Q3,"Aug 04, 2020, 4:30 p.m. ET",0.028005406260490417,0.08130818605422974,0.8906863927841187,-0.05330277979373932,Media,2020-Q3,32,44,0.4155844155844156
DIS,2020-Q3,"Aug 04, 2020, 4:30 p.m. ET",0.028005406260490417,0.08130818605422974,0.8906863927841187,-0.05330277979373932,Media,2020-Q3,32,44,0.4155844155844156
DIS,2020-Q3,"Aug 04, 2020, 4:30 p.m. ET",0.028005406260490417,0.08130818605422974,0.8906863927841187,-0.05330277979373932,Media,2020-Q3,32,44,0.4155844155844156
DIS,2020-Q3,"Aug 04, 2020, 4:30 p.m. ET",0.028005406260490417,0.08130818605422974,0.8906863927841187,-0.05330277979373932,Media,2020-Q3,32,44,0.4155844155844156
DIS,2020-Q3,"Aug 04, 2020, 4:30 p.m. ET",0.028005406260490417,0.08130818605422974,0.8906863927841187,-0.05330277979373932,Media,2020-Q3,32,44,0.4155844155844156
PFE,2020-Q4,"Feb 02, 2021, 10:00 a.m. ET",0.13924264907836914,0.00975427683442831,0.851003110408783,0.12948837224394083,Healthcare,2020-Q4,17,73,0.18681318681318682
BLK,2020-Q2,"Jul 17, 2020, 8:30 a.m. ET",0.13854119181632996,0.010168670676648617,0.8512901663780212,0.12837252113968134,Finance,2020-Q2,36,98,0.26666666666666666
BLK,2020-Q2,"Jul 17, 2020, 8:30 a.m. ET",0.13854119181632996,0.010168670676648617,0.8512901663780212,0.12837252113968134,Finance,2020-Q2,36,98,0.26666666666666666
BLK,2020-Q2,"Jul 17, 2020, 8:30 a.m. ET",0.13854119181632996,0.010168670676648617,0.8512901663780212,0.12837252113968134,Finance,2020-Q2,36,98,0.26666666666666666
DIS,2020-Q3,"Aug 04, 2020, 4:30 p.m. ET",0.028005406260490417,0.08130818605422974,0.8906863927841187,-0.05330277979373932,Media,2020-Q3,32,44,0.4155844155844156
DIS,2020-Q3,"Aug 04, 2020, 4:30 p.m. ET",0.028005406260490417,0.08130818605422974,0.8906863927841187,-0.05330277979373932,Media,2020-Q3,32,44,0.4155844155844156
DIS,2020-Q3,"Aug 04, 2020, 4:30 p.m. ET",0.028005406260490417,0.08130818605422974,0.8906863927841187,-0.05330277979373932,Media,2020-Q3,32,44,0.4155844155844156
DIS,2020-Q3,"Aug 04, 2020, 4:30 p.m. ET",0.028005406260490417,0.08130818605422974,0.8906863927841187,-0.05330277979373932,Media,2020-Q3,32,44,0.4155844155844156
DIS,2020-Q3,"Aug 04, 2020, 4:30 p.m. ET",0.028005406260490417,0.08130818605422974,0.8906863927841187,-0.05330277979373932,Media,2020-Q3,32,44,0.4155844155844156
DIS,2020-Q3,"Aug 04, 2020, 4:30 p.m. ET",0.028005406260490417,0.08130818605422974,0.8906863927841187,-0.05330277979373932,Media,2020-Q3,32,44,0.4155844155844156
DIS,2020-Q3,"Aug 04, 2020, 4:30 p.m. ET",0.028005406260490417,0.08130818605422974,0.8906863927841187,-0.05330277979373932,Media,2020-Q3,32,44,0.4155844155844156
DIS,2020-Q3,"Aug 04, 2020, 4:30 p.m. ET",0.028005406260490417,0.08130818605422974,0.8906863927841187,-0.05330277979373932,Media,2020-Q3,32,44,0.4155844155844156
DIS,2020-Q3,"Aug 04, 2020, 4:30 p.m. ET",0.028005406260490417,0.08130818605422974,0.8906863927841187,-0.05330277979373932,Media,2020-Q3,32,44,0.4155844155844156
DIS,2020-Q3,"Aug 04, 2020, 4:30 p.m. ET",0.028005406260490417,0.08130818605422974,0.8906863927841187,-0.05330277979373932,Media,2020-Q3,32,44,0.4155844155844156
DIS,2020-Q3,"Aug 04, 2020, 4:30 p.m. ET",0.028005406260490417,0.08130818605422974,0.8906863927841187,-0.05330277979373932,Media,2020-Q3,32,44,0.4155844155844156
DIS,2020-Q3,"Aug 04, 2020, 4:30 p.m. ET",0.028005406260490417,0.08130818605422974,0.8906863927841187,-0.05330277979373932,Media,2020-Q3,32,44,0.4155844155844156
DIS,2020-Q3,"Aug 04, 2020, 4:30 p.m. ET",0.028005406260490417,0.08130818605422974,0.8906863927841187,-0.05330277979373932,Media,2020-Q3,32,44,0.4155844155844156
DIS,2020-Q3,"Aug 04, 2020, 4:30 p.m. ET",0.028005406260490417,0.08130818605422974,0.8906863927841187,-0.05330277979373932,Media,2020-Q3,32,44,0.4155844155844156
DIS,2020-Q3,"Aug 04, 2020, 4:30 p.m. ET",0.028005406260490417,0.08130818605422974,0.8906863927841187,-0.05330277979373932,Media,2020-Q3,32,44,0.4155844155844156
DIS,2020-Q3,"Aug 04, 2020, 4:30 p.m. ET",0.028005406260490417,0.08130818605422974,0.8906863927841187,-0.05330277979373932,Media,2020-Q3,32,44,0.4155844155844156
DIS,2020-Q3,"Aug 04, 2020, 4:30 p.m. ET",0.028005406260490417,0.08130818605422974,0.8906863927841187,-0.05330277979373932,Media,2020-Q3,32,44,0.4155844155844156
DIS,2020-Q3,"Aug 04, 2020, 4:30 p.m. ET",0.028005406260490417,0.08130818605422974,0.8906863927841187,-0.05330277979373932,Media,2020-Q3,32,44,0.4155844155844156
DIS,2020-Q3,"Aug 04, 2020, 4:30 p.m. ET",0.028005406260490417,0.08130818605422974,0.8906863927841187,-0.05330277979373932,Media,2020-Q3,32,44,0.4155844155844156
DIS,2020-Q3,"Aug 04, 2020, 4:30 p.m. ET",0.028005406260490417,0.08130818605422974,0.8906863927841187,-0.05330277979373932,Media,2020-Q3,32,44,0.4155844155844156
DIS,2020-Q3,"Aug 04, 2020, 4:30 p.m. ET",0.028005406260490417,0.08130818605422974,0.8906863927841187,-0.05330277979373932,Media,2020-Q3,32,44,0.4155844155844156
DIS,2020-Q3,"Aug 04, 2020, 4:30 p.m. ET",0.028005406260490417,0.08130818605422974,0.8906863927841187,-0.05330277979373932,Media,2020-Q3,32,44,0.4155844155844156
DIS,2020-Q3,"Aug 04, 2020, 4:30 p.m. ET",0.028005406260490417,0.08130818605422974,0.8906863927841187,-0.05330277979373932,Media,2020-Q3,32,44,0.4155844155844156
DIS,2020-Q3,"Aug 04, 2020, 4:30 p.m. ET",0.028005406260490417,0.08130818605422974,0.8906863927841187,-0.05330277979373932,Media,2020-Q3,32,44,0.4155844155844156
DIS,2020-Q3,"Aug 04, 2020, 4:30 p.m. ET",0.028005406260490417,0.08130818605422974,0.8906863927841187,-0.05330277979373932,Media,2020-Q3,32,44,0.4155844155844156
GOOGL,2021-Q2,"Jul 27, 2021, 4:30 p.m. ET",0.24937154352664948,0.00945959985256195,0.7411688566207886,0.23991194367408752,Tech,2021-Q2,12,78,0.13186813186813187
GOOGL,2021-Q2,"Jul 27, 2021, 4:30 p.m. ET",0.24937154352664948,0.00945959985256195,0.7411688566207886,0.23991194367408752,Tech,2021-Q2,12,78,0.13186813186813187
GOOGL,2021-Q2,"Jul 27, 2021, 4:30 p.m. ET",0.24937154352664948,0.00945959985256195,0.7411688566207886,0.23991194367408752,Tech,2021-Q2,12,78,0.13186813186813187
GOOGL,2021-Q2,"Jul 27, 2021, 4:30 p.m. ET",0.24937154352664948,0.00945959985256195,0.7411688566207886,0.23991194367408752,Tech,2021-Q2,12,78,0.13186813186813187
GOOGL,2021-Q2,"Jul 27, 2021, 4:30 p.m. ET",0.24937154352664948,0.00945959985256195,0.7411688566207886,0.23991194367408752,Tech,2021-Q2,12,78,0.13186813186813187
GOOGL,2021-Q2,"Jul 27, 2021, 4:30 p.m. ET",0.24937154352664948,0.00945959985256195,0.7411688566207886,0.23991194367408752,Tech,2021-Q2,12,78,0.13186813186813187
GOOGL,2021-Q2,"Jul 27, 2021, 4:30 p.m. ET",0.24937154352664948,0.00945959985256195,0.7411688566207886,0.23991194367408752,Tech,2021-Q2,12,78,0.13186813186813187
GOOGL,2021-Q2,"Jul 27, 2021, 4:30 p.m. ET",0.24937154352664948,0.00945959985256195,0.7411688566207886,0.23991194367408752,Tech,2021-Q2,12,78,0.13186813186813187
GOOGL,2021-Q2,"Jul 27, 2021, 4:30 p.m. ET",0.24937154352664948,0.00945959985256195,0.7411688566207886,0.23991194367408752,Tech,2021-Q2,12,78,0.13186813186813187
GOOGL,2021-Q2,"Jul 27, 2021, 4:30 p.m. ET",0.24937154352664948,0.00945959985256195,0.7411688566207886,0.23991194367408752,Tech,2021-Q2,12,78,0.13186813186813187
GOOGL,2021-Q2,"Jul 27, 2021, 4:30 p.m. ET",0.24937154352664948,0.00945959985256195,0.7411688566207886,0.23991194367408752,Tech,2021-Q2,12,78,0.13186813186813187
GOOGL,2021-Q2,"Jul 27, 2021, 4:30 p.m. ET",0.24937154352664948,0.00945959985256195,0.7411688566207886,0.23991194367408752,Tech,2021-Q2,12,78,0.13186813186813187
GOOGL,2021-Q2,"Jul 27, 2021, 4:30 p.m. ET",0.24937154352664948,0.00945959985256195,0.7411688566207886,0.23991194367408752,Tech,2021-Q2,12,78,0.13186813186813187
GOOGL,2021-Q2,"Jul 27, 2021, 4:30 p.m. ET",0.24937154352664948,0.00945959985256195,0.7411688566207886,0.23991194367408752,Tech,2021-Q2,12,78,0.13186813186813187
AAPL,2020-Q1,"Jan 28, 2020, 5:00 p.m. ET",0.44424036145210266,0.011321954429149628,0.5444376468658447,0.43291840702295303,Tech,2020-Q1,18,103,0.14754098360655737
AAPL,2020-Q1,"Jan 28, 2020, 5:00 p.m. ET",0.44424036145210266,0.011321954429149628,0.5444376468658447,0.43291840702295303,Tech,2020-Q1,18,103,0.14754098360655737
AAPL,2020-Q1,"Jan 28, 2020, 5:00 p.m. ET",0.44424036145210266,0.011321954429149628,0.5444376468658447,0.43291840702295303,Tech,2020-Q1,18,103,0.14754098360655737
AAPL,2020-Q1,"Jan 28, 2020, 5:00 p.m. ET",0.44424036145210266,0.011321954429149628,0.5444376468658447,0.43291840702295303,Tech,2020-Q1,18,103,0.14754098360655737
AAPL,2020-Q1,"Jan 28, 2020, 5:00 p.m. ET",0.44424036145210266,0.011321954429149628,0.5444376468658447,0.43291840702295303,Tech,2020-Q1,18,103,0.14754098360655737
AAPL,2020-Q1,"Jan 28, 2020, 5:00 p.m. ET",0.44424036145210266,0.011321954429149628,0.5444376468658447,0.43291840702295303,Tech,2020-Q1,18,103,0.14754098360655737
AAPL,2020-Q1,"Jan 28, 2020, 5:00 p.m. ET",0.44424036145210266,0.011321954429149628,0.5444376468658447,0.43291840702295303,Tech,2020-Q1,18,103,0.14754098360655737
AAPL,2020-Q1,"Jan 28, 2020, 5:00 p.m. ET",0.44424036145210266,0.011321954429149628,0.5444376468658447,0.43291840702295303,Tech,2020-Q1,18,103,0.14754098360655737
AAPL,2020-Q1,"Jan 28, 2020, 5:00 p.m. ET",0.44424036145210266,0.011321954429149628,0.5444376468658447,0.43291840702295303,Tech,2020-Q1,18,103,0.14754098360655737
AAPL,2020-Q1,"Jan 28, 2020, 5:00 p.m. ET",0.44424036145210266,0.011321954429149628,0.5444376468658447,0.43291840702295303,Tech,2020-Q1,18,103,0.14754098360655737
AAPL,2020-Q1,"Jan 28, 2020, 5:00 p.m. ET",0.44424036145210266,0.011321954429149628,0.5444376468658447,0.43291840702295303,Tech,2020-Q1,18,103,0.14754098360655737
AAPL,2020-Q1,"Jan 28, 2020, 5:00 p.m. ET",0.44424036145210266,0.011321954429149628,0.5444376468658447,0.43291840702295303,Tech,2020-Q1,18,103,0.14754098360655737
AAPL,2020-Q1,"Jan 28, 2020, 5:00 p.m. ET",0.44424036145210266,0.011321954429149628,0.5444376468658447,0.43291840702295303,Tech,2020-Q1,18,103,0.14754098360655737
AAPL,2020-Q1,"Jan 28, 2020, 5:00 p.m. ET",0.44424036145210266,0.011321954429149628,0.5444376468658447,0.43291840702295303,Tech,2020-Q1,18,103,0.14754098360655737
AAPL,2020-Q1,"Jan 28, 2020, 5:00 p.m. ET",0.44424036145210266,0.011321954429149628,0.5444376468658447,0.43291840702295303,Tech,2020-Q1,18,103,0.14754098360655737
AAPL,2020-Q1,"Jan 28, 2020, 5:00 p.m. ET",0.44424036145210266,0.011321954429149628,0.5444376468658447,0.43291840702295303,Tech,2020-Q1,18,103,0.14754098360655737
AAPL,2020-Q1,"Jan 28, 2020, 5:00 p.m. ET",0.44424036145210266,0.011321954429149628,0.5444376468658447,0.43291840702295303,Tech,2020-Q1,18,103,0.14754098360655737
AAPL,2020-Q1,"Jan 28, 2020, 5:00 p.m. ET",0.44424036145210266,0.011321954429149628,0.5444376468658447,0.43291840702295303,Tech,2020-Q1,18,103,0.14754098360655737
AAPL,2020-Q1,"Jan 28, 2020, 5:00 p.m. ET",0.44424036145210266,0.011321954429149628,0.5444376468658447,0.43291840702295303,Tech,2020-Q1,18,103,0.14754098360655737
AAPL,2020-Q1,"Jan 28, 2020, 5:00 p.m. ET",0.44424036145210266,0.011321954429149628,0.5444376468658447,0.43291840702295303,Tech,2020-Q1,18,103,0.14754098360655737
AAPL,2020-Q1,"Jan 28, 2020, 5:00 p.m. ET",0.44424036145210266,0.011321954429149628,0.5444376468658447,0.43291840702295303,Tech,2020-Q1,18,103,0.14754098360655737
AAPL,2020-Q4,"Oct 29, 2020, 5:00 p.m. ET",0.1817723512649536,0.015319302678108215,0.8029083609580994,0.1664530485868454,Tech,2020-Q4,27,87,0.23478260869565218
WMT,2020-Q4,"Feb 18, 2021, 8:00 a.m. ET",0.7690935730934143,0.011415486223995686,0.21949100494384766,0.7576780868694186,Retail,2020-Q4,48,284,0.14414414414414414
WMT,2020-Q4,"Feb 18, 2021, 8:00 a.m. ET",0.7690935730934143,0.011415486223995686,0.21949100494384766,0.7576780868694186,Retail,2020-Q4,48,284,0.14414414414414414
TSLA,2020-Q2,"Jul 22, 2020, 6:00 p.m. ET",0.085098035633564,0.018818067386746407,0.8960838913917542,0.06627996824681759,Auto,2020-Q2,14,32,0.2978723404255319
TSLA,2020-Q2,"Jul 22, 2020, 6:00 p.m. ET",0.085098035633564,0.018818067386746407,0.8960838913917542,0.06627996824681759,Auto,2020-Q2,14,32,0.2978723404255319
TSLA,2020-Q2,"Jul 22, 2020, 6:00 p.m. ET",0.085098035633564,0.018818067386746407,0.8960838913917542,0.06627996824681759,Auto,2020-Q2,14,32,0.2978723404255319
TSLA,2020-Q2,"Jul 22, 2020, 6:00 p.m. ET",0.085098035633564,0.018818067386746407,0.8960838913917542,0.06627996824681759,Auto,2020-Q2,14,32,0.2978723404255319
TSLA,2020-Q2,"Jul 22, 2020, 6:00 p.m. ET",0.085098035633564,0.018818067386746407,0.8960838913917542,0.06627996824681759,Auto,2020-Q2,14,32,0.2978723404255319
TSLA,2020-Q2,"Jul 22, 2020, 6:00 p.m. ET",0.085098035633564,0.018818067386746407,0.8960838913917542,0.06627996824681759,Auto,2020-Q2,14,32,0.2978723404255319
TSLA,2020-Q2,"Jul 22, 2020, 6:00 p.m. ET",0.085098035633564,0.018818067386746407,0.8960838913917542,0.06627996824681759,Auto,2020-Q2,14,32,0.2978723404255319
TSLA,2020-Q2,"Jul 22, 2020, 6:00 p.m. ET",0.085098035633564,0.018818067386746407,0.8960838913917542,0.06627996824681759,Auto,2020-Q2,14,32,0.2978723404255319
TSLA,2020-Q2,"Jul 22, 2020, 6:00 p.m. ET",0.085098035633564,0.018818067386746407,0.8960838913917542,0.06627996824681759,Auto,2020-Q2,14,32,0.2978723404255319
TSLA,2020-Q2,"Jul 22, 2020, 6:00 p.m. ET",0.085098035633564,0.018818067386746407,0.8960838913917542,0.06627996824681759,Auto,2020-Q2,14,32,0.2978723404255319
TSLA,2020-Q2,"Jul 22, 2020, 6:00 p.m. ET",0.085098035633564,0.018818067386746407,0.8960838913917542,0.06627996824681759,Auto,2020-Q2,14,32,0.2978723404255319
TSLA,2020-Q2,"Jul 22, 2020, 6:00 p.m. ET",0.085098035633564,0.018818067386746407,0.8960838913917542,0.06627996824681759,Auto,2020-Q2,14,32,0.2978723404255319
TSLA,2020-Q2,"Jul 22, 2020, 6:00 p.m. ET",0.085098035633564,0.018818067386746407,0.8960838913917542,0.06627996824681759,Auto,2020-Q2,14,32,0.2978723404255319
TSLA,2020-Q2,"Jul 22, 2020, 6:00 p.m. ET",0.085098035633564,0.018818067386746407,0.8960838913917542,0.06627996824681759,Auto,2020-Q2,14,32,0.2978723404255319
TSLA,2020-Q2,"Jul 22, 2020, 6:00 p.m. ET",0.085098035633564,0.018818067386746407,0.8960838913917542,0.06627996824681759,Auto,2020-Q2,14,32,0.2978723404255319
TSLA,2020-Q2,"Jul 22, 2020, 6:00 p.m. ET",0.085098035633564,0.018818067386746407,0.8960838913917542,0.06627996824681759,Auto,2020-Q2,14,32,0.2978723404255319
TSLA,2020-Q2,"Jul 22, 2020, 6:00 p.m. ET",0.085098035633564,0.018818067386746407,0.8960838913917542,0.06627996824681759,Auto,2020-Q2,14,32,0.2978723404255319
TSLA,2020-Q2,"Jul 22, 2020, 6:00 p.m. ET",0.085098035633564,0.018818067386746407,0.8960838913917542,0.06627996824681759,Auto,2020-Q2,14,32,0.2978723404255319
TSLA,2020-Q2,"Jul 22, 2020, 6:00 p.m. ET",0.085098035633564,0.018818067386746407,0.8960838913917542,0.06627996824681759,Auto,2020-Q2,14,32,0.2978723404255319
TSLA,2020-Q2,"Jul 22, 2020, 6:00 p.m. ET",0.085098035633564,0.018818067386746407,0.8960838913917542,0.06627996824681759,Auto,2020-Q2,14,32,0.2978723404255319
TSLA,2020-Q2,"Jul 22, 2020, 6:00 p.m. ET",0.085098035633564,0.018818067386746407,0.8960838913917542,0.06627996824681759,Auto,2020-Q2,14,32,0.2978723404255319
TSLA,2020-Q2,"Jul 22, 2020, 6:00 p.m. ET",0.085098035633564,0.018818067386746407,0.8960838913917542,0.06627996824681759,Auto,2020-Q2,14,32,0.2978723404255319
TSLA,2020-Q2,"Jul 22, 2020, 6:00 p.m. ET",0.085098035633564,0.018818067386746407,0.8960838913917542,0.06627996824681759,Auto,2020-Q2,14,32,0.2978723404255319
TSLA,2020-Q2,"Jul 22, 2020, 6:00 p.m. ET",0.085098035633564,0.018818067386746407,0.8960838913917542,0.06627996824681759,Auto,2020-Q2,14,32,0.2978723404255319
TSLA,2020-Q2,"Jul 22, 2020, 6:00 p.m. ET",0.085098035633564,0.018818067386746407,0.8960838913917542,0.06627996824681759,Auto,2020-Q2,14,32,0.2978723404255319
TSLA,2020-Q2,"Jul 22, 2020, 6:00 p.m. ET",0.085098035633564,0.018818067386746407,0.8960838913917542,0.06627996824681759,Auto,2020-Q2,14,32,0.2978723404255319
TSLA,2020-Q2,"Jul 22, 2020, 6:00 p.m. ET",0.085098035633564,0.018818067386746407,0.8960838913917542,0.06627996824681759,Auto,2020-Q2,14,32,0.2978723404255319
TSLA,2020-Q2,"Jul 22, 2020, 6:00 p.m. ET",0.085098035633564,0.018818067386746407,0.8960838913917542,0.06627996824681759,Auto,2020-Q2,14,32,0.2978723404255319
TSLA,2020-Q2,"Jul 22, 2020, 6:00 p.m. ET",0.085098035633564,0.018818067386746407,0.8960838913917542,0.06627996824681759,Auto,2020-Q2,14,32,0.2978723404255319
TSLA,2020-Q2,"Jul 22, 2020, 6:00 p.m. ET",0.085098035633564,0.018818067386746407,0.8960838913917542,0.06627996824681759,Auto,2020-Q2,14,32,0.2978723404255319
TSLA,2020-Q2,"Jul 22, 2020, 6:00 p.m. ET",0.085098035633564,0.018818067386746407,0.8960838913917542,0.06627996824681759,Auto,2020-Q2,14,32,0.2978723404255319
TSLA,2020-Q2,"Jul 22, 2020, 6:00 p.m. ET",0.085098035633564,0.018818067386746407,0.8960838913917542,0.06627996824681759,Auto,2020-Q2,14,32,0.2978723404255319
GOOGL,2021-Q2,"Jul 27, 2021, 4:30 p.m. ET",0.24937154352664948,0.00945959985256195,0.7411688566207886,0.23991194367408752,Tech,2021-Q2,12,78,0.13186813186813187
GOOGL,2021-Q2,"Jul 27, 2021, 4:30 p.m. ET",0.24937154352664948,0.00945959985256195,0.7411688566207886,0.23991194367408752,Tech,2021-Q2,12,78,0.13186813186813187
GOOGL,2021-Q2,"Jul 27, 2021, 4:30 p.m. ET",0.24937154352664948,0.00945959985256195,0.7411688566207886,0.23991194367408752,Tech,2021-Q2,12,78,0.13186813186813187
GOOGL,2021-Q2,"Jul 27, 2021, 4:30 p.m. ET",0.24937154352664948,0.00945959985256195,0.7411688566207886,0.23991194367408752,Tech,2021-Q2,12,78,0.13186813186813187
GOOGL,2021-Q2,"Jul 27, 2021, 4:30 p.m. ET",0.24937154352664948,0.00945959985256195,0.7411688566207886,0.23991194367408752,Tech,2021-Q2,12,78,0.13186813186813187
GOOGL,2021-Q2,"Jul 27, 2021, 4:30 p.m. ET",0.24937154352664948,0.00945959985256195,0.7411688566207886,0.23991194367408752,Tech,2021-Q2,12,78,0.13186813186813187
GOOGL,2021-Q2,"Jul 27, 2021, 4:30 p.m. ET",0.24937154352664948,0.00945959985256195,0.7411688566207886,0.23991194367408752,Tech,2021-Q2,12,78,0.13186813186813187
GOOGL,2021-Q2,"Jul 27, 2021, 4:30 p.m. ET",0.24937154352664948,0.00945959985256195,0.7411688566207886,0.23991194367408752,Tech,2021-Q2,12,78,0.13186813186813187
GOOGL,2021-Q2,"Jul 27, 2021, 4:30 p.m. ET",0.24937154352664948,0.00945959985256195,0.7411688566207886,0.23991194367408752,Tech,2021-Q2,12,78,0.13186813186813187
GOOGL,2021-Q2,"Jul 27, 2021, 4:30 p.m. ET",0.24937154352664948,0.00945959985256195,0.7411688566207886,0.23991194367408752,Tech,2021-Q2,12,78,0.13186813186813187
GOOGL,2021-Q2,"Jul 27, 2021, 4:30 p.m. ET",0.24937154352664948,0.00945959985256195,0.7411688566207886,0.23991194367408752,Tech,2021-Q2,12,78,0.13186813186813187
GOOGL,2021-Q2,"Jul 27, 2021, 4:30 p.m. ET",0.24937154352664948,0.00945959985256195,0.7411688566207886,0.23991194367408752,Tech,2021-Q2,12,78,0.13186813186813187
GOOGL,2021-Q2,"Jul 27, 2021, 4:30 p.m. ET",0.24937154352664948,0.00945959985256195,0.7411688566207886,0.23991194367408752,Tech,2021-Q2,12,78,0.13186813186813187
GOOGL,2021-Q2,"Jul 27, 2021, 4:30 p.m. ET",0.24937154352664948,0.00945959985256195,0.7411688566207886,0.23991194367408752,Tech,2021-Q2,12,78,0.13186813186813187
GOOGL,2021-Q3,"Oct 26, 2021, 4:30 p.m. ET",0.11727912724018097,0.011122782714664936,0.8715981245040894,0.10615634452551603,Tech,2021-Q3,19,80,0.19
GOOGL,2021-Q3,"Oct 26, 2021, 4:30 p.m. ET",0.11727912724018097,0.011122782714664936,0.8715981245040894,0.10615634452551603,Tech,2021-Q3,19,80,0.19
GOOGL,2021-Q3,"Oct 26, 2021, 4:30 p.m. ET",0.11727912724018097,0.011122782714664936,0.8715981245040894,0.10615634452551603,Tech,2021-Q3,19,80,0.19
GM,2021-Q4,"Feb 01, 2022, 5:00 p.m. ET",0.10720546543598175,0.01500472892075777,0.8777897953987122,0.09220073651522398,Auto,2021-Q4,22,106,0.17054263565891473
GM,2021-Q4,"Feb 01, 2022, 5:00 p.m. ET",0.10720546543598175,0.01500472892075777,0.8777897953987122,0.09220073651522398,Auto,2021-Q4,22,106,0.17054263565891473
AAPL,2020-Q1,"Jan 28, 2020, 5:00 p.m. ET",0.44424036145210266,0.011321954429149628,0.5444376468658447,0.43291840702295303,Tech,2020-Q1,18,103,0.14754098360655737
AAPL,2020-Q1,"Jan 28, 2020, 5:00 p.m. ET",0.44424036145210266,0.011321954429149628,0.5444376468658447,0.43291840702295303,Tech,2020-Q1,18,103,0.14754098360655737
AAPL,2020-Q1,"Jan 28, 2020, 5:00 p.m. ET",0.44424036145210266,0.011321954429149628,0.5444376468658447,0.43291840702295303,Tech,2020-Q1,18,103,0.14754098360655737
AAPL,2020-Q1,"Jan 28, 2020, 5:00 p.m. ET",0.44424036145210266,0.011321954429149628,0.5444376468658447,0.43291840702295303,Tech,2020-Q1,18,103,0.14754098360655737
AAPL,2020-Q1,"Jan 28, 2020, 5:00 p.m. ET",0.44424036145210266,0.011321954429149628,0.5444376468658447,0.43291840702295303,Tech,2020-Q1,18,103,0.14754098360655737
AAPL,2020-Q1,"Jan 28, 2020, 5:00 p.m. ET",0.44424036145210266,0.011321954429149628,0.5444376468658447,0.43291840702295303,Tech,2020-Q1,18,103,0.14754098360655737
AAPL,2020-Q1,"Jan 28, 2020, 5:00 p.m. ET",0.44424036145210266,0.011321954429149628,0.5444376468658447,0.43291840702295303,Tech,2020-Q1,18,103,0.14754098360655737
AAPL,2020-Q1,"Jan 28, 2020, 5:00 p.m. ET",0.44424036145210266,0.011321954429149628,0.5444376468658447,0.43291840702295303,Tech,2020-Q1,18,103,0.14754098360655737
AAPL,2020-Q1,"Jan 28, 2020, 5:00 p.m. ET",0.44424036145210266,0.011321954429149628,0.5444376468658447,0.43291840702295303,Tech,2020-Q1,18,103,0.14754098360655737
AAPL,2020-Q1,"Jan 28, 2020, 5:00 p.m. ET",0.44424036145210266,0.011321954429149628,0.5444376468658447,0.43291840702295303,Tech,2020-Q1,18,103,0.14754098360655737
AAPL,2020-Q1,"Jan 28, 2020, 5:00 p.m. ET",0.44424036145210266,0.011321954429149628,0.5444376468658447,0.43291840702295303,Tech,2020-Q1,18,103,0.14754098360655737
AAPL,2020-Q1,"Jan 28, 2020, 5:00 p.m. ET",0.44424036145210266,0.011321954429149628,0.5444376468658447,0.43291840702295303,Tech,2020-Q1,18,103,0.14754098360655737
AAPL,2020-Q1,"Jan 28, 2020, 5:00 p.m. ET",0.44424036145210266,0.011321954429149628,0.5444376468658447,0.43291840702295303,Tech,2020-Q1,18,103,0.14754098360655737
AAPL,2020-Q1,"Jan 28, 2020, 5:00 p.m. ET",0.44424036145210266,0.011321954429149628,0.5444376468658447,0.43291840702295303,Tech,2020-Q1,18,103,0.14754098360655737
AAPL,2020-Q1,"Jan 28, 2020, 5:00 p.m. ET",0.44424036145210266,0.011321954429149628,0.5444376468658447,0.43291840702295303,Tech,2020-Q1,18,103,0.14754098360655737
AAPL,2020-Q1,"Jan 28, 2020, 5:00 p.m. ET",0.44424036145210266,0.011321954429149628,0.5444376468658447,0.43291840702295303,Tech,2020-Q1,18,103,0.14754098360655737
AAPL,2020-Q1,"Jan 28, 2020, 5:00 p.m. ET",0.44424036145210266,0.011321954429149628,0.5444376468658447,0.43291840702295303,Tech,2020-Q1,18,103,0.14754098360655737
AAPL,2020-Q1,"Jan 28, 2020, 5:00 p.m. ET",0.44424036145210266,0.011321954429149628,0.5444376468658447,0.43291840702295303,Tech,2020-Q1,18,103,0.14754098360655737
AAPL,2020-Q1,"Jan 28, 2020, 5:00 p.m. ET",0.44424036145210266,0.011321954429149628,0.5444376468658447,0.43291840702295303,Tech,2020-Q1,18,103,0.14754098360655737
AAPL,2020-Q1,"Jan 28, 2020, 5:00 p.m. ET",0.44424036145210266,0.011321954429149628,0.5444376468658447,0.43291840702295303,Tech,2020-Q1,18,103,0.14754098360655737
AAPL,2020-Q1,"Jan 28, 2020, 5:00 p.m. ET",0.44424036145210266,0.011321954429149628,0.5444376468658447,0.43291840702295303,Tech,2020-Q1,18,103,0.14754098360655737
KO,2020-Q4,"Feb 10, 2021, 8:30 a.m. ET",0.599564254283905,0.013237076811492443,0.38719868659973145,0.5863271774724126,Consumer,2020-Q4,49,89,0.35251798561151076
KO,2020-Q4,"Feb 10, 2021, 8:30 a.m. ET",0.599564254283905,0.013237076811492443,0.38719868659973145,0.5863271774724126,Consumer,2020-Q4,49,89,0.35251798561151076
KO,2020-Q4,"Feb 10, 2021, 8:30 a.m. ET",0.599564254283905,0.013237076811492443,0.38719868659973145,0.5863271774724126,Consumer,2020-Q4,49,89,0.35251798561151076
KO,2020-Q4,"Feb 10, 2021, 8:30 a.m. ET",0.599564254283905,0.013237076811492443,0.38719868659973145,0.5863271774724126,Consumer,2020-Q4,49,89,0.35251798561151076
KO,2020-Q4,"Feb 10, 2021, 8:30 a.m. ET",0.599564254283905,0.013237076811492443,0.38719868659973145,0.5863271774724126,Consumer,2020-Q4,49,89,0.35251798561151076
WMT,2019-Q4,"['Wal-Mart Stores Inc.\xa0 (WMT 0.08%)Q4\xa02019 ', 'Feb. 19, 2019, 8:00 a.m. ET']",0.029645590111613274,0.022639168426394463,0.9477152824401855,0.007006421685218811,Retail,2019-Q4,45,92,0.32608695652173914
WMT,2019-Q4,"['Wal-Mart Stores Inc.\xa0 (WMT 0.08%)Q4\xa02019 ', 'Feb. 19, 2019, 8:00 a.m. ET']",0.029645590111613274,0.022639168426394463,0.9477152824401855,0.007006421685218811,Retail,2019-Q4,45,92,0.32608695652173914
BLK,2021-Q1,"Apr 15, 2021, 8:30 a.m. ET",0.13088756799697876,0.014422114938497543,0.8546903729438782,0.11646545305848122,Finance,2021-Q1,40,115,0.2564102564102564
BLK,2021-Q1,"Apr 15, 2021, 8:30 a.m. ET",0.13088756799697876,0.014422114938497543,0.8546903729438782,0.11646545305848122,Finance,2021-Q1,40,115,0.2564102564102564
GOOGL,2020-Q2,"Jul. 30, 2020, 4:30 p.m. ET",0.1512448489665985,0.011366554535925388,0.8373885750770569,0.13987829443067312,Tech,2020-Q2,21,63,0.24705882352941178
XOM,2021-Q1,"Apr 30, 2021, 9:30 a.m. ET",0.5222968459129333,0.012627325020730495,0.465075820684433,0.5096695208922029,Energy,2021-Q1,24,57,0.2926829268292683
TSLA,2020-Q2,"Jul 22, 2020, 6:00 p.m. ET",0.085098035633564,0.018818067386746407,0.8960838913917542,0.06627996824681759,Auto,2020-Q2,14,32,0.2978723404255319
TSLA,2020-Q2,"Jul 22, 2020, 6:00 p.m. ET",0.085098035633564,0.018818067386746407,0.8960838913917542,0.06627996824681759,Auto,2020-Q2,14,32,0.2978723404255319
TSLA,2020-Q2,"Jul 22, 2020, 6:00 p.m. ET",0.085098035633564,0.018818067386746407,0.8960838913917542,0.06627996824681759,Auto,2020-Q2,14,32,0.2978723404255319
TSLA,2020-Q2,"Jul 22, 2020, 6:00 p.m. ET",0.085098035633564,0.018818067386746407,0.8960838913917542,0.06627996824681759,Auto,2020-Q2,14,32,0.2978723404255319
TSLA,2020-Q2,"Jul 22, 2020, 6:00 p.m. ET",0.085098035633564,0.018818067386746407,0.8960838913917542,0.06627996824681759,Auto,2020-Q2,14,32,0.2978723404255319
TSLA,2020-Q2,"Jul 22, 2020, 6:00 p.m. ET",0.085098035633564,0.018818067386746407,0.8960838913917542,0.06627996824681759,Auto,2020-Q2,14,32,0.2978723404255319
TSLA,2020-Q2,"Jul 22, 2020, 6:00 p.m. ET",0.085098035633564,0.018818067386746407,0.8960838913917542,0.06627996824681759,Auto,2020-Q2,14,32,0.2978723404255319
TSLA,2020-Q2,"Jul 22, 2020, 6:00 p.m. ET",0.085098035633564,0.018818067386746407,0.8960838913917542,0.06627996824681759,Auto,2020-Q2,14,32,0.2978723404255319
TSLA,2020-Q2,"Jul 22, 2020, 6:00 p.m. ET",0.085098035633564,0.018818067386746407,0.8960838913917542,0.06627996824681759,Auto,2020-Q2,14,32,0.2978723404255319
TSLA,2020-Q2,"Jul 22, 2020, 6:00 p.m. ET",0.085098035633564,0.018818067386746407,0.8960838913917542,0.06627996824681759,Auto,2020-Q2,14,32,0.2978723404255319
TSLA,2020-Q2,"Jul 22, 2020, 6:00 p.m. ET",0.085098035633564,0.018818067386746407,0.8960838913917542,0.06627996824681759,Auto,2020-Q2,14,32,0.2978723404255319
TSLA,2020-Q2,"Jul 22, 2020, 6:00 p.m. ET",0.085098035633564,0.018818067386746407,0.8960838913917542,0.06627996824681759,Auto,2020-Q2,14,32,0.2978723404255319
TSLA,2020-Q2,"Jul 22, 2020, 6:00 p.m. ET",0.085098035633564,0.018818067386746407,0.8960838913917542,0.06627996824681759,Auto,2020-Q2,14,32,0.2978723404255319
TSLA,2020-Q2,"Jul 22, 2020, 6:00 p.m. ET",0.085098035633564,0.018818067386746407,0.8960838913917542,0.06627996824681759,Auto,2020-Q2,14,32,0.2978723404255319
TSLA,2020-Q2,"Jul 22, 2020, 6:00 p.m. ET",0.085098035633564,0.018818067386746407,0.8960838913917542,0.06627996824681759,Auto,2020-Q2,14,32,0.2978723404255319
TSLA,2020-Q2,"Jul 22, 2020, 6:00 p.m. ET",0.085098035633564,0.018818067386746407,0.8960838913917542,0.06627996824681759,Auto,2020-Q2,14,32,0.2978723404255319
TSLA,2020-Q2,"Jul 22, 2020, 6:00 p.m. ET",0.085098035633564,0.018818067386746407,0.8960838913917542,0.06627996824681759,Auto,2020-Q2,14,32,0.2978723404255319
TSLA,2020-Q2,"Jul 22, 2020, 6:00 p.m. ET",0.085098035633564,0.018818067386746407,0.8960838913917542,0.06627996824681759,Auto,2020-Q2,14,32,0.2978723404255319
TSLA,2020-Q2,"Jul 22, 2020, 6:00 p.m. ET",0.085098035633564,0.018818067386746407,0.8960838913917542,0.06627996824681759,Auto,2020-Q2,14,32,0.2978723404255319
TSLA,2020-Q2,"Jul 22, 2020, 6:00 p.m. ET",0.085098035633564,0.018818067386746407,0.8960838913917542,0.06627996824681759,Auto,2020-Q2,14,32,0.2978723404255319
TSLA,2020-Q2,"Jul 22, 2020, 6:00 p.m. ET",0.085098035633564,0.018818067386746407,0.8960838913917542,0.06627996824681759,Auto,2020-Q2,14,32,0.2978723404255319
TSLA,2020-Q2,"Jul 22, 2020, 6:00 p.m. ET",0.085098035633564,0.018818067386746407,0.8960838913917542,0.06627996824681759,Auto,2020-Q2,14,32,0.2978723404255319
TSLA,2020-Q2,"Jul 22, 2020, 6:00 p.m. ET",0.085098035633564,0.018818067386746407,0.8960838913917542,0.06627996824681759,Auto,2020-Q2,14,32,0.2978723404255319
TSLA,2020-Q2,"Jul 22, 2020, 6:00 p.m. ET",0.085098035633564,0.018818067386746407,0.8960838913917542,0.06627996824681759,Auto,2020-Q2,14,32,0.2978723404255319
TSLA,2020-Q2,"Jul 22, 2020, 6:00 p.m. ET",0.085098035633564,0.018818067386746407,0.8960838913917542,0.06627996824681759,Auto,2020-Q2,14,32,0.2978723404255319
TSLA,2020-Q2,"Jul 22, 2020, 6:00 p.m. ET",0.085098035633564,0.018818067386746407,0.8960838913917542,0.06627996824681759,Auto,2020-Q2,14,32,0.2978723404255319
TSLA,2020-Q2,"Jul 22, 2020, 6:00 p.m. ET",0.085098035633564,0.018818067386746407,0.8960838913917542,0.06627996824681759,Auto,2020-Q2,14,32,0.2978723404255319
TSLA,2020-Q2,"Jul 22, 2020, 6:00 p.m. ET",0.085098035633564,0.018818067386746407,0.8960838913917542,0.06627996824681759,Auto,2020-Q2,14,32,0.2978723404255319
TSLA,2020-Q2,"Jul 22, 2020, 6:00 p.m. ET",0.085098035633564,0.018818067386746407,0.8960838913917542,0.06627996824681759,Auto,2020-Q2,14,32,0.2978723404255319
TSLA,2020-Q2,"Jul 22, 2020, 6:00 p.m. ET",0.085098035633564,0.018818067386746407,0.8960838913917542,0.06627996824681759,Auto,2020-Q2,14,32,0.2978723404255319
TSLA,2020-Q2,"Jul 22, 2020, 6:00 p.m. ET",0.085098035633564,0.018818067386746407,0.8960838913917542,0.06627996824681759,Auto,2020-Q2,14,32,0.2978723404255319
TSLA,2020-Q2,"Jul 22, 2020, 6:00 p.m. ET",0.085098035633564,0.018818067386746407,0.8960838913917542,0.06627996824681759,Auto,2020-Q2,14,32,0.2978723404255319
AMZN,2018-Q2,"['Amazon (AMZN 0.11%) Q2 2018 ', 'Jul. 26, 2018 5:30 p.m. ET']",0.6185957193374634,0.011877297423779964,0.3695269823074341,0.6067184219136834,Tech,2018-Q2,3,58,0.04838709677419355
DIS,2020-Q3,"Aug 04, 2020, 4:30 p.m. ET",0.028005406260490417,0.08130818605422974,0.8906863927841187,-0.05330277979373932,Media,2020-Q3,32,44,0.4155844155844156
DIS,2020-Q3,"Aug 04, 2020, 4:30 p.m. ET",0.028005406260490417,0.08130818605422974,0.8906863927841187,-0.05330277979373932,Media,2020-Q3,32,44,0.4155844155844156
DIS,2020-Q3,"Aug 04, 2020, 4:30 p.m. ET",0.028005406260490417,0.08130818605422974,0.8906863927841187,-0.05330277979373932,Media,2020-Q3,32,44,0.4155844155844156
DIS,2020-Q3,"Aug 04, 2020, 4:30 p.m. ET",0.028005406260490417,0.08130818605422974,0.8906863927841187,-0.05330277979373932,Media,2020-Q3,32,44,0.4155844155844156
DIS,2020-Q3,"Aug 04, 2020, 4:30 p.m. ET",0.028005406260490417,0.08130818605422974,0.8906863927841187,-0.05330277979373932,Media,2020-Q3,32,44,0.4155844155844156
DIS,2020-Q3,"Aug 04, 2020, 4:30 p.m. ET",0.028005406260490417,0.08130818605422974,0.8906863927841187,-0.05330277979373932,Media,2020-Q3,32,44,0.4155844155844156
DIS,2020-Q3,"Aug 04, 2020, 4:30 p.m. ET",0.028005406260490417,0.08130818605422974,0.8906863927841187,-0.05330277979373932,Media,2020-Q3,32,44,0.4155844155844156
DIS,2020-Q3,"Aug 04, 2020, 4:30 p.m. ET",0.028005406260490417,0.08130818605422974,0.8906863927841187,-0.05330277979373932,Media,2020-Q3,32,44,0.4155844155844156
DIS,2020-Q3,"Aug 04, 2020, 4:30 p.m. ET",0.028005406260490417,0.08130818605422974,0.8906863927841187,-0.05330277979373932,Media,2020-Q3,32,44,0.4155844155844156
DIS,2020-Q3,"Aug 04, 2020, 4:30 p.m. ET",0.028005406260490417,0.08130818605422974,0.8906863927841187,-0.05330277979373932,Media,2020-Q3,32,44,0.4155844155844156
DIS,2020-Q3,"Aug 04, 2020, 4:30 p.m. ET",0.028005406260490417,0.08130818605422974,0.8906863927841187,-0.05330277979373932,Media,2020-Q3,32,44,0.4155844155844156
DIS,2020-Q3,"Aug 04, 2020, 4:30 p.m. ET",0.028005406260490417,0.08130818605422974,0.8906863927841187,-0.05330277979373932,Media,2020-Q3,32,44,0.4155844155844156
DIS,2020-Q3,"Aug 04, 2020, 4:30 p.m. ET",0.028005406260490417,0.08130818605422974,0.8906863927841187,-0.05330277979373932,Media,2020-Q3,32,44,0.4155844155844156
DIS,2020-Q3,"Aug 04, 2020, 4:30 p.m. ET",0.028005406260490417,0.08130818605422974,0.8906863927841187,-0.05330277979373932,Media,2020-Q3,32,44,0.4155844155844156
DIS,2020-Q3,"Aug 04, 2020, 4:30 p.m. ET",0.028005406260490417,0.08130818605422974,0.8906863927841187,-0.05330277979373932,Media,2020-Q3,32,44,0.4155844155844156
DIS,2020-Q3,"Aug 04, 2020, 4:30 p.m. ET",0.028005406260490417,0.08130818605422974,0.8906863927841187,-0.05330277979373932,Media,2020-Q3,32,44,0.4155844155844156
DIS,2020-Q3,"Aug 04, 2020, 4:30 p.m. ET",0.028005406260490417,0.08130818605422974,0.8906863927841187,-0.05330277979373932,Media,2020-Q3,32,44,0.4155844155844156
DIS,2020-Q3,"Aug 04, 2020, 4:30 p.m. ET",0.028005406260490417,0.08130818605422974,0.8906863927841187,-0.05330277979373932,Media,2020-Q3,32,44,0.4155844155844156
DIS,2020-Q3,"Aug 04, 2020, 4:30 p.m. ET",0.028005406260490417,0.08130818605422974,0.8906863927841187,-0.05330277979373932,Media,2020-Q3,32,44,0.4155844155844156
DIS,2020-Q3,"Aug 04, 2020, 4:30 p.m. ET",0.028005406260490417,0.08130818605422974,0.8906863927841187,-0.05330277979373932,Media,2020-Q3,32,44,0.4155844155844156
DIS,2020-Q3,"Aug 04, 2020, 4:30 p.m. ET",0.028005406260490417,0.08130818605422974,0.8906863927841187,-0.05330277979373932,Media,2020-Q3,32,44,0.4155844155844156
DIS,2020-Q3,"Aug 04, 2020, 4:30 p.m. ET",0.028005406260490417,0.08130818605422974,0.8906863927841187,-0.05330277979373932,Media,2020-Q3,32,44,0.4155844155844156
DIS,2020-Q3,"Aug 04, 2020, 4:30 p.m. ET",0.028005406260490417,0.08130818605422974,0.8906863927841187,-0.05330277979373932,Media,2020-Q3,32,44,0.4155844155844156
DIS,2020-Q3,"Aug 04, 2020, 4:30 p.m. ET",0.028005406260490417,0.08130818605422974,0.8906863927841187,-0.05330277979373932,Media,2020-Q3,32,44,0.4155844155844156
DIS,2020-Q3,"Aug 04, 2020, 4:30 p.m. ET",0.028005406260490417,0.08130818605422974,0.8906863927841187,-0.05330277979373932,Media,2020-Q3,32,44,0.4155844155844156
TSLA,2020-Q2,"Jul 22, 2020, 6:00 p.m. ET",0.085098035633564,0.018818067386746407,0.8960838913917542,0.06627996824681759,Auto,2020-Q2,14,32,0.2978723404255319
TSLA,2020-Q2,"Jul 22, 2020, 6:00 p.m. ET",0.085098035633564,0.018818067386746407,0.8960838913917542,0.06627996824681759,Auto,2020-Q2,14,32,0.2978723404255319
TSLA,2020-Q2,"Jul 22, 2020, 6:00 p.m. ET",0.085098035633564,0.018818067386746407,0.8960838913917542,0.06627996824681759,Auto,2020-Q2,14,32,0.2978723404255319
TSLA,2020-Q2,"Jul 22, 2020, 6:00 p.m. ET",0.085098035633564,0.018818067386746407,0.8960838913917542,0.06627996824681759,Auto,2020-Q2,14,32,0.2978723404255319
TSLA,2020-Q2,"Jul 22, 2020, 6:00 p.m. ET",0.085098035633564,0.018818067386746407,0.8960838913917542,0.06627996824681759,Auto,2020-Q2,14,32,0.2978723404255319
TSLA,2020-Q2,"Jul 22, 2020, 6:00 p.m. ET",0.085098035633564,0.018818067386746407,0.8960838913917542,0.06627996824681759,Auto,2020-Q2,14,32,0.2978723404255319
TSLA,2020-Q2,"Jul 22, 2020, 6:00 p.m. ET",0.085098035633564,0.018818067386746407,0.8960838913917542,0.06627996824681759,Auto,2020-Q2,14,32,0.2978723404255319
TSLA,2020-Q2,"Jul 22, 2020, 6:00 p.m. ET",0.085098035633564,0.018818067386746407,0.8960838913917542,0.06627996824681759,Auto,2020-Q2,14,32,0.2978723404255319
TSLA,2020-Q2,"Jul 22, 2020, 6:00 p.m. ET",0.085098035633564,0.018818067386746407,0.8960838913917542,0.06627996824681759,Auto,2020-Q2,14,32,0.2978723404255319
TSLA,2020-Q2,"Jul 22, 2020, 6:00 p.m. ET",0.085098035633564,0.018818067386746407,0.8960838913917542,0.06627996824681759,Auto,2020-Q2,14,32,0.2978723404255319
TSLA,2020-Q2,"Jul 22, 2020, 6:00 p.m. ET",0.085098035633564,0.018818067386746407,0.8960838913917542,0.06627996824681759,Auto,2020-Q2,14,32,0.2978723404255319
TSLA,2020-Q2,"Jul 22, 2020, 6:00 p.m. ET",0.085098035633564,0.018818067386746407,0.8960838913917542,0.06627996824681759,Auto,2020-Q2,14,32,0.2978723404255319
TSLA,2020-Q2,"Jul 22, 2020, 6:00 p.m. ET",0.085098035633564,0.018818067386746407,0.8960838913917542,0.06627996824681759,Auto,2020-Q2,14,32,0.2978723404255319
TSLA,2020-Q2,"Jul 22, 2020, 6:00 p.m. ET",0.085098035633564,0.018818067386746407,0.8960838913917542,0.06627996824681759,Auto,2020-Q2,14,32,0.2978723404255319
TSLA,2020-Q2,"Jul 22, 2020, 6:00 p.m. ET",0.085098035633564,0.018818067386746407,0.8960838913917542,0.06627996824681759,Auto,2020-Q2,14,32,0.2978723404255319
TSLA,2020-Q2,"Jul 22, 2020, 6:00 p.m. ET",0.085098035633564,0.018818067386746407,0.8960838913917542,0.06627996824681759,Auto,2020-Q2,14,32,0.2978723404255319
TSLA,2020-Q2,"Jul 22, 2020, 6:00 p.m. ET",0.085098035633564,0.018818067386746407,0.8960838913917542,0.06627996824681759,Auto,2020-Q2,14,32,0.2978723404255319
TSLA,2020-Q2,"Jul 22, 2020, 6:00 p.m. ET",0.085098035633564,0.018818067386746407,0.8960838913917542,0.06627996824681759,Auto,2020-Q2,14,32,0.2978723404255319
TSLA,2020-Q2,"Jul 22, 2020, 6:00 p.m. ET",0.085098035633564,0.018818067386746407,0.8960838913917542,0.06627996824681759,Auto,2020-Q2,14,32,0.2978723404255319
TSLA,2020-Q2,"Jul 22, 2020, 6:00 p.m. ET",0.085098035633564,0.018818067386746407,0.8960838913917542,0.06627996824681759,Auto,2020-Q2,14,32,0.2978723404255319
TSLA,2020-Q2,"Jul 22, 2020, 6:00 p.m. ET",0.085098035633564,0.018818067386746407,0.8960838913917542,0.06627996824681759,Auto,2020-Q2,14,32,0.2978723404255319
TSLA,2020-Q2,"Jul 22, 2020, 6:00 p.m. ET",0.085098035633564,0.018818067386746407,0.8960838913917542,0.06627996824681759,Auto,2020-Q2,14,32,0.2978723404255319
TSLA,2020-Q2,"Jul 22, 2020, 6:00 p.m. ET",0.085098035633564,0.018818067386746407,0.8960838913917542,0.06627996824681759,Auto,2020-Q2,14,32,0.2978723404255319
TSLA,2020-Q2,"Jul 22, 2020, 6:00 p.m. ET",0.085098035633564,0.018818067386746407,0.8960838913917542,0.06627996824681759,Auto,2020-Q2,14,32,0.2978723404255319
TSLA,2020-Q2,"Jul 22, 2020, 6:00 p.m. ET",0.085098035633564,0.018818067386746407,0.8960838913917542,0.06627996824681759,Auto,2020-Q2,14,32,0.2978723404255319
TSLA,2020-Q2,"Jul 22, 2020, 6:00 p.m. ET",0.085098035633564,0.018818067386746407,0.8960838913917542,0.06627996824681759,Auto,2020-Q2,14,32,0.2978723404255319
TSLA,2020-Q2,"Jul 22, 2020, 6:00 p.m. ET",0.085098035633564,0.018818067386746407,0.8960838913917542,0.06627996824681759,Auto,2020-Q2,14,32,0.2978723404255319
TSLA,2020-Q2,"Jul 22, 2020, 6:00 p.m. ET",0.085098035633564,0.018818067386746407,0.8960838913917542,0.06627996824681759,Auto,2020-Q2,14,32,0.2978723404255319
TSLA,2020-Q2,"Jul 22, 2020, 6:00 p.m. ET",0.085098035633564,0.018818067386746407,0.8960838913917542,0.06627996824681759,Auto,2020-Q2,14,32,0.2978723404255319
TSLA,2020-Q2,"Jul 22, 2020, 6:00 p.m. ET",0.085098035633564,0.018818067386746407,0.8960838913917542,0.06627996824681759,Auto,2020-Q2,14,32,0.2978723404255319
TSLA,2020-Q2,"Jul 22, 2020, 6:00 p.m. ET",0.085098035633564,0.018818067386746407,0.8960838913917542,0.06627996824681759,Auto,2020-Q2,14,32,0.2978723404255319
TSLA,2020-Q2,"Jul 22, 2020, 6:00 p.m. ET",0.085098035633564,0.018818067386746407,0.8960838913917542,0.06627996824681759,Auto,2020-Q2,14,32,0.2978723404255319
MSFT,2021-Q2,"Jan 26, 2021, 5:30 p.m. ET",0.07782077044248581,0.021157080307602882,0.9010221362113953,0.05666369013488293,Tech,2021-Q2,7,133,0.04964539007092199
MSFT,2021-Q2,"Jan 26, 2021, 5:30 p.m. ET",0.07782077044248581,0.021157080307602882,0.9010221362113953,0.05666369013488293,Tech,2021-Q2,7,133,0.04964539007092199
BLK,2020-Q2,"Jul 17, 2020, 8:30 a.m. ET",0.13854119181632996,0.010168670676648617,0.8512901663780212,0.12837252113968134,Finance,2020-Q2,36,98,0.26666666666666666
BLK,2020-Q2,"Jul 17, 2020, 8:30 a.m. ET",0.13854119181632996,0.010168670676648617,0.8512901663780212,0.12837252113968134,Finance,2020-Q2,36,98,0.26666666666666666
BLK,2020-Q2,"Jul 17, 2020, 8:30 a.m. ET",0.13854119181632996,0.010168670676648617,0.8512901663780212,0.12837252113968134,Finance,2020-Q2,36,98,0.26666666666666666
AMZN,2020-Q2,"Jul 30, 2020, 5:30 p.m. ET",0.09640108048915863,0.015877222642302513,0.8877217173576355,0.08052385784685612,Tech,2020-Q2,11,54,0.16666666666666666
AMZN,2020-Q2,"Jul 30, 2020, 5:30 p.m. ET",0.09640108048915863,0.015877222642302513,0.8877217173576355,0.08052385784685612,Tech,2020-Q2,11,54,0.16666666666666666
AMZN,2020-Q2,"Jul 30, 2020, 5:30 p.m. ET",0.09640108048915863,0.015877222642302513,0.8877217173576355,0.08052385784685612,Tech,2020-Q2,11,54,0.16666666666666666
AMZN,2020-Q2,"Jul 30, 2020, 5:30 p.m. ET",0.09640108048915863,0.015877222642302513,0.8877217173576355,0.08052385784685612,Tech,2020-Q2,11,54,0.16666666666666666
AMZN,2020-Q2,"Jul 30, 2020, 5:30 p.m. ET",0.09640108048915863,0.015877222642302513,0.8877217173576355,0.08052385784685612,Tech,2020-Q2,11,54,0.16666666666666666
AMZN,2020-Q2,"Jul 30, 2020, 5:30 p.m. ET",0.09640108048915863,0.015877222642302513,0.8877217173576355,0.08052385784685612,Tech,2020-Q2,11,54,0.16666666666666666
AMZN,2020-Q2,"Jul 30, 2020, 5:30 p.m. ET",0.09640108048915863,0.015877222642302513,0.8877217173576355,0.08052385784685612,Tech,2020-Q2,11,54,0.16666666666666666
AMZN,2020-Q2,"Jul 30, 2020, 5:30 p.m. ET",0.09640108048915863,0.015877222642302513,0.8877217173576355,0.08052385784685612,Tech,2020-Q2,11,54,0.16666666666666666
AMZN,2020-Q2,"Jul 30, 2020, 5:30 p.m. ET",0.09640108048915863,0.015877222642302513,0.8877217173576355,0.08052385784685612,Tech,2020-Q2,11,54,0.16666666666666666
AMZN,2020-Q2,"Jul 30, 2020, 5:30 p.m. ET",0.09640108048915863,0.015877222642302513,0.8877217173576355,0.08052385784685612,Tech,2020-Q2,11,54,0.16666666666666666
AMZN,2020-Q2,"Jul 30, 2020, 5:30 p.m. ET",0.09640108048915863,0.015877222642302513,0.8877217173576355,0.08052385784685612,Tech,2020-Q2,11,54,0.16666666666666666
AMZN,2020-Q2,"Jul 30, 2020, 5:30 p.m. ET",0.09640108048915863,0.015877222642302513,0.8877217173576355,0.08052385784685612,Tech,2020-Q2,11,54,0.16666666666666666
AMZN,2020-Q2,"Jul 30, 2020, 5:30 p.m. ET",0.09640108048915863,0.015877222642302513,0.8877217173576355,0.08052385784685612,Tech,2020-Q2,11,54,0.16666666666666666
AMZN,2020-Q2,"Jul 30, 2020, 5:30 p.m. ET",0.09640108048915863,0.015877222642302513,0.8877217173576355,0.08052385784685612,Tech,2020-Q2,11,54,0.16666666666666666
AMZN,2020-Q2,"Jul 30, 2020, 5:30 p.m. ET",0.09640108048915863,0.015877222642302513,0.8877217173576355,0.08052385784685612,Tech,2020-Q2,11,54,0.16666666666666666
AMZN,2020-Q2,"Jul 30, 2020, 5:30 p.m. ET",0.09640108048915863,0.015877222642302513,0.8877217173576355,0.08052385784685612,Tech,2020-Q2,11,54,0.16666666666666666
AMZN,2020-Q2,"Jul 30, 2020, 5:30 p.m. ET",0.09640108048915863,0.015877222642302513,0.8877217173576355,0.08052385784685612,Tech,2020-Q2,11,54,0.16666666666666666
AMZN,2020-Q2,"Jul 30, 2020, 5:30 p.m. ET",0.09640108048915863,0.015877222642302513,0.8877217173576355,0.08052385784685612,Tech,2020-Q2,11,54,0.16666666666666666
AMZN,2020-Q2,"Jul 30, 2020, 5:30 p.m. ET",0.09640108048915863,0.015877222642302513,0.8877217173576355,0.08052385784685612,Tech,2020-Q2,11,54,0.16666666666666666
AMZN,2020-Q2,"Jul 30, 2020, 5:30 p.m. ET",0.09640108048915863,0.015877222642302513,0.8877217173576355,0.08052385784685612,Tech,2020-Q2,11,54,0.16666666666666666
AMZN,2020-Q2,"Jul 30, 2020, 5:30 p.m. ET",0.09640108048915863,0.015877222642302513,0.8877217173576355,0.08052385784685612,Tech,2020-Q2,11,54,0.16666666666666666
AMZN,2020-Q2,"Jul 30, 2020, 5:30 p.m. ET",0.09640108048915863,0.015877222642302513,0.8877217173576355,0.08052385784685612,Tech,2020-Q2,11,54,0.16666666666666666
AMZN,2020-Q2,"Jul 30, 2020, 5:30 p.m. ET",0.09640108048915863,0.015877222642302513,0.8877217173576355,0.08052385784685612,Tech,2020-Q2,11,54,0.16666666666666666
AMZN,2020-Q2,"Jul 30, 2020, 5:30 p.m. ET",0.09640108048915863,0.015877222642302513,0.8877217173576355,0.08052385784685612,Tech,2020-Q2,11,54,0.16666666666666666
AMZN,2020-Q2,"Jul 30, 2020, 5:30 p.m. ET",0.09640108048915863,0.015877222642302513,0.8877217173576355,0.08052385784685612,Tech,2020-Q2,11,54,0.16666666666666666
AAPL,2020-Q1,"Jan 28, 2020, 5:00 p.m. ET",0.44424036145210266,0.011321954429149628,0.5444376468658447,0.43291840702295303,Tech,2020-Q1,18,103,0.14754098360655737
AAPL,2020-Q1,"Jan 28, 2020, 5:00 p.m. ET",0.44424036145210266,0.011321954429149628,0.5444376468658447,0.43291840702295303,Tech,2020-Q1,18,103,0.14754098360655737
AAPL,2020-Q1,"Jan 28, 2020, 5:00 p.m. ET",0.44424036145210266,0.011321954429149628,0.5444376468658447,0.43291840702295303,Tech,2020-Q1,18,103,0.14754098360655737
AAPL,2020-Q1,"Jan 28, 2020, 5:00 p.m. ET",0.44424036145210266,0.011321954429149628,0.5444376468658447,0.43291840702295303,Tech,2020-Q1,18,103,0.14754098360655737
AAPL,2020-Q1,"Jan 28, 2020, 5:00 p.m. ET",0.44424036145210266,0.011321954429149628,0.5444376468658447,0.43291840702295303,Tech,2020-Q1,18,103,0.14754098360655737
AAPL,2020-Q1,"Jan 28, 2020, 5:00 p.m. ET",0.44424036145210266,0.011321954429149628,0.5444376468658447,0.43291840702295303,Tech,2020-Q1,18,103,0.14754098360655737
AAPL,2020-Q1,"Jan 28, 2020, 5:00 p.m. ET",0.44424036145210266,0.011321954429149628,0.5444376468658447,0.43291840702295303,Tech,2020-Q1,18,103,0.14754098360655737
AAPL,2020-Q1,"Jan 28, 2020, 5:00 p.m. ET",0.44424036145210266,0.011321954429149628,0.5444376468658447,0.43291840702295303,Tech,2020-Q1,18,103,0.14754098360655737
AAPL,2020-Q1,"Jan 28, 2020, 5:00 p.m. ET",0.44424036145210266,0.011321954429149628,0.5444376468658447,0.43291840702295303,Tech,2020-Q1,18,103,0.14754098360655737
AAPL,2020-Q1,"Jan 28, 2020, 5:00 p.m. ET",0.44424036145210266,0.011321954429149628,0.5444376468658447,0.43291840702295303,Tech,2020-Q1,18,103,0.14754098360655737
AAPL,2020-Q1,"Jan 28, 2020, 5:00 p.m. ET",0.44424036145210266,0.011321954429149628,0.5444376468658447,0.43291840702295303,Tech,2020-Q1,18,103,0.14754098360655737
AAPL,2020-Q1,"Jan 28, 2020, 5:00 p.m. ET",0.44424036145210266,0.011321954429149628,0.5444376468658447,0.43291840702295303,Tech,2020-Q1,18,103,0.14754098360655737
AAPL,2020-Q1,"Jan 28, 2020, 5:00 p.m. ET",0.44424036145210266,0.011321954429149628,0.5444376468658447,0.43291840702295303,Tech,2020-Q1,18,103,0.14754098360655737
AAPL,2020-Q1,"Jan 28, 2020, 5:00 p.m. ET",0.44424036145210266,0.011321954429149628,0.5444376468658447,0.43291840702295303,Tech,2020-Q1,18,103,0.14754098360655737
AAPL,2020-Q1,"Jan 28, 2020, 5:00 p.m. ET",0.44424036145210266,0.011321954429149628,0.5444376468658447,0.43291840702295303,Tech,2020-Q1,18,103,0.14754098360655737
AAPL,2020-Q1,"Jan 28, 2020, 5:00 p.m. ET",0.44424036145210266,0.011321954429149628,0.5444376468658447,0.43291840702295303,Tech,2020-Q1,18,103,0.14754098360655737
AAPL,2020-Q1,"Jan 28, 2020, 5:00 p.m. ET",0.44424036145210266,0.011321954429149628,0.5444376468658447,0.43291840702295303,Tech,2020-Q1,18,103,0.14754098360655737
AAPL,2020-Q1,"Jan 28, 2020, 5:00 p.m. ET",0.44424036145210266,0.011321954429149628,0.5444376468658447,0.43291840702295303,Tech,2020-Q1,18,103,0.14754098360655737
AAPL,2020-Q1,"Jan 28, 2020, 5:00 p.m. ET",0.44424036145210266,0.011321954429149628,0.5444376468658447,0.43291840702295303,Tech,2020-Q1,18,103,0.14754098360655737
AAPL,2020-Q1,"Jan 28, 2020, 5:00 p.m. ET",0.44424036145210266,0.011321954429149628,0.5444376468658447,0.43291840702295303,Tech,2020-Q1,18,103,0.14754098360655737
AAPL,2020-Q1,"Jan 28, 2020, 5:00 p.m. ET",0.44424036145210266,0.011321954429149628,0.5444376468658447,0.43291840702295303,Tech,2020-Q1,18,103,0.14754098360655737
BLK,2020-Q4,"Jan 14, 2021, 8:30 a.m. ET",0.1290874481201172,0.013040523044764996,0.8578720092773438,0.11604692507535219,Finance,2020-Q4,27,113,0.19148936170212766
BLK,2020-Q4,"Jan 14, 2021, 8:30 a.m. ET",0.1290874481201172,0.013040523044764996,0.8578720092773438,0.11604692507535219,Finance,2020-Q4,27,113,0.19148936170212766
BLK,2020-Q4,"Jan 14, 2021, 8:30 a.m. ET",0.1290874481201172,0.013040523044764996,0.8578720092773438,0.11604692507535219,Finance,2020-Q4,27,113,0.19148936170212766
BLK,2020-Q4,"Jan 14, 2021, 8:30 a.m. ET",0.1290874481201172,0.013040523044764996,0.8578720092773438,0.11604692507535219,Finance,2020-Q4,27,113,0.19148936170212766
BLK,2020-Q4,"Jan 14, 2021, 8:30 a.m. ET",0.1290874481201172,0.013040523044764996,0.8578720092773438,0.11604692507535219,Finance,2020-Q4,27,113,0.19148936170212766
GOOGL,2021-Q2,"Jul 27, 2021, 4:30 p.m. ET",0.24937154352664948,0.00945959985256195,0.7411688566207886,0.23991194367408752,Tech,2021-Q2,12,78,0.13186813186813187
GOOGL,2021-Q2,"Jul 27, 2021, 4:30 p.m. ET",0.24937154352664948,0.00945959985256195,0.7411688566207886,0.23991194367408752,Tech,2021-Q2,12,78,0.13186813186813187
GOOGL,2021-Q2,"Jul 27, 2021, 4:30 p.m. ET",0.24937154352664948,0.00945959985256195,0.7411688566207886,0.23991194367408752,Tech,2021-Q2,12,78,0.13186813186813187
GOOGL,2021-Q2,"Jul 27, 2021, 4:30 p.m. ET",0.24937154352664948,0.00945959985256195,0.7411688566207886,0.23991194367408752,Tech,2021-Q2,12,78,0.13186813186813187
GOOGL,2021-Q2,"Jul 27, 2021, 4:30 p.m. ET",0.24937154352664948,0.00945959985256195,0.7411688566207886,0.23991194367408752,Tech,2021-Q2,12,78,0.13186813186813187
GOOGL,2021-Q2,"Jul 27, 2021, 4:30 p.m. ET",0.24937154352664948,0.00945959985256195,0.7411688566207886,0.23991194367408752,Tech,2021-Q2,12,78,0.13186813186813187
GOOGL,2021-Q2,"Jul 27, 2021, 4:30 p.m. ET",0.24937154352664948,0.00945959985256195,0.7411688566207886,0.23991194367408752,Tech,2021-Q2,12,78,0.13186813186813187
GOOGL,2021-Q2,"Jul 27, 2021, 4:30 p.m. ET",0.24937154352664948,0.00945959985256195,0.7411688566207886,0.23991194367408752,Tech,2021-Q2,12,78,0.13186813186813187
GOOGL,2021-Q2,"Jul 27, 2021, 4:30 p.m. ET",0.24937154352664948,0.00945959985256195,0.7411688566207886,0.23991194367408752,Tech,2021-Q2,12,78,0.13186813186813187
GOOGL,2021-Q2,"Jul 27, 2021, 4:30 p.m. ET",0.24937154352664948,0.00945959985256195,0.7411688566207886,0.23991194367408752,Tech,2021-Q2,12,78,0.13186813186813187
GOOGL,2021-Q2,"Jul 27, 2021, 4:30 p.m. ET",0.24937154352664948,0.00945959985256195,0.7411688566207886,0.23991194367408752,Tech,2021-Q2,12,78,0.13186813186813187
GOOGL,2021-Q2,"Jul 27, 2021, 4:30 p.m. ET",0.24937154352664948,0.00945959985256195,0.7411688566207886,0.23991194367408752,Tech,2021-Q2,12,78,0.13186813186813187
GOOGL,2021-Q2,"Jul 27, 2021, 4:30 p.m. ET",0.24937154352664948,0.00945959985256195,0.7411688566207886,0.23991194367408752,Tech,2021-Q2,12,78,0.13186813186813187
GOOGL,2021-Q2,"Jul 27, 2021, 4:30 p.m. ET",0.24937154352664948,0.00945959985256195,0.7411688566207886,0.23991194367408752,Tech,2021-Q2,12,78,0.13186813186813187
AAPL,2020-Q2,"Apr 30, 2020, 5:00 p.m. ET",0.2375384420156479,0.012087523937225342,0.7503740191459656,0.22545091807842255,Tech,2020-Q2,33,61,0.3473684210526316
AAPL,2020-Q2,"Apr 30, 2020, 5:00 p.m. ET",0.2375384420156479,0.012087523937225342,0.7503740191459656,0.22545091807842255,Tech,2020-Q2,33,61,0.3473684210526316
AAPL,2020-Q2,"Apr 30, 2020, 5:00 p.m. ET",0.2375384420156479,0.012087523937225342,0.7503740191459656,0.22545091807842255,Tech,2020-Q2,33,61,0.3473684210526316
AAPL,2020-Q2,"Apr 30, 2020, 5:00 p.m. ET",0.2375384420156479,0.012087523937225342,0.7503740191459656,0.22545091807842255,Tech,2020-Q2,33,61,0.3473684210526316
AAPL,2020-Q2,"Apr 30, 2020, 5:00 p.m. ET",0.2375384420156479,0.012087523937225342,0.7503740191459656,0.22545091807842255,Tech,2020-Q2,33,61,0.3473684210526316
AAPL,2020-Q2,"Apr 30, 2020, 5:00 p.m. ET",0.2375384420156479,0.012087523937225342,0.7503740191459656,0.22545091807842255,Tech,2020-Q2,33,61,0.3473684210526316
AAPL,2020-Q2,"Apr 30, 2020, 5:00 p.m. ET",0.2375384420156479,0.012087523937225342,0.7503740191459656,0.22545091807842255,Tech,2020-Q2,33,61,0.3473684210526316
AAPL,2020-Q2,"Apr 30, 2020, 5:00 p.m. ET",0.2375384420156479,0.012087523937225342,0.7503740191459656,0.22545091807842255,Tech,2020-Q2,33,61,0.3473684210526316
AAPL,2020-Q2,"Apr 30, 2020, 5:00 p.m. ET",0.2375384420156479,0.012087523937225342,0.7503740191459656,0.22545091807842255,Tech,2020-Q2,33,61,0.3473684210526316
AAPL,2020-Q2,"Apr 30, 2020, 5:00 p.m. ET",0.2375384420156479,0.012087523937225342,0.7503740191459656,0.22545091807842255,Tech,2020-Q2,33,61,0.3473684210526316
AAPL,2020-Q2,"Apr 30, 2020, 5:00 p.m. ET",0.2375384420156479,0.012087523937225342,0.7503740191459656,0.22545091807842255,Tech,2020-Q2,33,61,0.3473684210526316
AAPL,2020-Q2,"Apr 30, 2020, 5:00 p.m. ET",0.2375384420156479,0.012087523937225342,0.7503740191459656,0.22545091807842255,Tech,2020-Q2,33,61,0.3473684210526316
AAPL,2020-Q2,"Apr 30, 2020, 5:00 p.m. ET",0.2375384420156479,0.012087523937225342,0.7503740191459656,0.22545091807842255,Tech,2020-Q2,33,61,0.3473684210526316
AAPL,2020-Q2,"Apr 30, 2020, 5:00 p.m. ET",0.2375384420156479,0.012087523937225342,0.7503740191459656,0.22545091807842255,Tech,2020-Q2,33,61,0.3473684210526316
AAPL,2020-Q2,"Apr 30, 2020, 5:00 p.m. ET",0.2375384420156479,0.012087523937225342,0.7503740191459656,0.22545091807842255,Tech,2020-Q2,33,61,0.3473684210526316
AAPL,2020-Q2,"Apr 30, 2020, 5:00 p.m. ET",0.2375384420156479,0.012087523937225342,0.7503740191459656,0.22545091807842255,Tech,2020-Q2,33,61,0.3473684210526316
AAPL,2020-Q2,"Apr 30, 2020, 5:00 p.m. ET",0.2375384420156479,0.012087523937225342,0.7503740191459656,0.22545091807842255,Tech,2020-Q2,33,61,0.3473684210526316
AAPL,2020-Q2,"Apr 30, 2020, 5:00 p.m. ET",0.2375384420156479,0.012087523937225342,0.7503740191459656,0.22545091807842255,Tech,2020-Q2,33,61,0.3473684210526316
AAPL,2020-Q2,"Apr 30, 2020, 5:00 p.m. ET",0.2375384420156479,0.012087523937225342,0.7503740191459656,0.22545091807842255,Tech,2020-Q2,33,61,0.3473684210526316
AAPL,2020-Q2,"Apr 30, 2020, 5:00 p.m. ET",0.2375384420156479,0.012087523937225342,0.7503740191459656,0.22545091807842255,Tech,2020-Q2,33,61,0.3473684210526316
AAPL,2020-Q2,"Apr 30, 2020, 5:00 p.m. ET",0.2375384420156479,0.012087523937225342,0.7503740191459656,0.22545091807842255,Tech,2020-Q2,33,61,0.3473684210526316
AAPL,2020-Q2,"Apr 30, 2020, 5:00 p.m. ET",0.2375384420156479,0.012087523937225342,0.7503740191459656,0.22545091807842255,Tech,2020-Q2,33,61,0.3473684210526316
AAPL,2020-Q2,"Apr 30, 2020, 5:00 p.m. ET",0.2375384420156479,0.012087523937225342,0.7503740191459656,0.22545091807842255,Tech,2020-Q2,33,61,0.3473684210526316
AAPL,2020-Q2,"Apr 30, 2020, 5:00 p.m. ET",0.2375384420156479,0.012087523937225342,0.7503740191459656,0.22545091807842255,Tech,2020-Q2,33,61,0.3473684210526316
AAPL,2020-Q2,"Apr 30, 2020, 5:00 p.m. ET",0.2375384420156479,0.012087523937225342,0.7503740191459656,0.22545091807842255,Tech,2020-Q2,33,61,0.3473684210526316
JPM,2021-Q1,"Apr 14, 2021, 8:30 a.m. ET",0.18000057339668274,0.020010171458125114,0.7999892234802246,0.15999040193855762,Finance,2021-Q1,42,75,0.3559322033898305
WMT,2019-Q4,"['Wal-Mart Stores Inc.\xa0 (WMT 0.24%)Q4\xa02019 ', 'Feb. 19, 2019, 8:00 a.m. ET']",0.029645590111613274,0.022639168426394463,0.9477152824401855,0.007006421685218811,Retail,2019-Q4,45,92,0.32608695652173914
WMT,2019-Q4,"['Wal-Mart Stores Inc.\xa0 (WMT 0.24%)Q4\xa02019 ', 'Feb. 19, 2019, 8:00 a.m. ET']",0.029645590111613274,0.022639168426394463,0.9477152824401855,0.007006421685218811,Retail,2019-Q4,45,92,0.32608695652173914
DIS,2020-Q3,"Aug 04, 2020, 4:30 p.m. ET",0.028005406260490417,0.08130818605422974,0.8906863927841187,-0.05330277979373932,Media,2020-Q3,32,44,0.4155844155844156
DIS,2020-Q3,"Aug 04, 2020, 4:30 p.m. ET",0.028005406260490417,0.08130818605422974,0.8906863927841187,-0.05330277979373932,Media,2020-Q3,32,44,0.4155844155844156
DIS,2020-Q3,"Aug 04, 2020, 4:30 p.m. ET",0.028005406260490417,0.08130818605422974,0.8906863927841187,-0.05330277979373932,Media,2020-Q3,32,44,0.4155844155844156
DIS,2020-Q3,"Aug 04, 2020, 4:30 p.m. ET",0.028005406260490417,0.08130818605422974,0.8906863927841187,-0.05330277979373932,Media,2020-Q3,32,44,0.4155844155844156
DIS,2020-Q3,"Aug 04, 2020, 4:30 p.m. ET",0.028005406260490417,0.08130818605422974,0.8906863927841187,-0.05330277979373932,Media,2020-Q3,32,44,0.4155844155844156
DIS,2020-Q3,"Aug 04, 2020, 4:30 p.m. ET",0.028005406260490417,0.08130818605422974,0.8906863927841187,-0.05330277979373932,Media,2020-Q3,32,44,0.4155844155844156
DIS,2020-Q3,"Aug 04, 2020, 4:30 p.m. ET",0.028005406260490417,0.08130818605422974,0.8906863927841187,-0.05330277979373932,Media,2020-Q3,32,44,0.4155844155844156
DIS,2020-Q3,"Aug 04, 2020, 4:30 p.m. ET",0.028005406260490417,0.08130818605422974,0.8906863927841187,-0.05330277979373932,Media,2020-Q3,32,44,0.4155844155844156
DIS,2020-Q3,"Aug 04, 2020, 4:30 p.m. ET",0.028005406260490417,0.08130818605422974,0.8906863927841187,-0.05330277979373932,Media,2020-Q3,32,44,0.4155844155844156
DIS,2020-Q3,"Aug 04, 2020, 4:30 p.m. ET",0.028005406260490417,0.08130818605422974,0.8906863927841187,-0.05330277979373932,Media,2020-Q3,32,44,0.4155844155844156
DIS,2020-Q3,"Aug 04, 2020, 4:30 p.m. ET",0.028005406260490417,0.08130818605422974,0.8906863927841187,-0.05330277979373932,Media,2020-Q3,32,44,0.4155844155844156
DIS,2020-Q3,"Aug 04, 2020, 4:30 p.m. ET",0.028005406260490417,0.08130818605422974,0.8906863927841187,-0.05330277979373932,Media,2020-Q3,32,44,0.4155844155844156
DIS,2020-Q3,"Aug 04, 2020, 4:30 p.m. ET",0.028005406260490417,0.08130818605422974,0.8906863927841187,-0.05330277979373932,Media,2020-Q3,32,44,0.4155844155844156
DIS,2020-Q3,"Aug 04, 2020, 4:30 p.m. ET",0.028005406260490417,0.08130818605422974,0.8906863927841187,-0.05330277979373932,Media,2020-Q3,32,44,0.4155844155844156
DIS,2020-Q3,"Aug 04, 2020, 4:30 p.m. ET",0.028005406260490417,0.08130818605422974,0.8906863927841187,-0.05330277979373932,Media,2020-Q3,32,44,0.4155844155844156
DIS,2020-Q3,"Aug 04, 2020, 4:30 p.m. ET",0.028005406260490417,0.08130818605422974,0.8906863927841187,-0.05330277979373932,Media,2020-Q3,32,44,0.4155844155844156
DIS,2020-Q3,"Aug 04, 2020, 4:30 p.m. ET",0.028005406260490417,0.08130818605422974,0.8906863927841187,-0.05330277979373932,Media,2020-Q3,32,44,0.4155844155844156
DIS,2020-Q3,"Aug 04, 2020, 4:30 p.m. ET",0.028005406260490417,0.08130818605422974,0.8906863927841187,-0.05330277979373932,Media,2020-Q3,32,44,0.4155844155844156
DIS,2020-Q3,"Aug 04, 2020, 4:30 p.m. ET",0.028005406260490417,0.08130818605422974,0.8906863927841187,-0.05330277979373932,Media,2020-Q3,32,44,0.4155844155844156
DIS,2020-Q3,"Aug 04, 2020, 4:30 p.m. ET",0.028005406260490417,0.08130818605422974,0.8906863927841187,-0.05330277979373932,Media,2020-Q3,32,44,0.4155844155844156
DIS,2020-Q3,"Aug 04, 2020, 4:30 p.m. ET",0.028005406260490417,0.08130818605422974,0.8906863927841187,-0.05330277979373932,Media,2020-Q3,32,44,0.4155844155844156
DIS,2020-Q3,"Aug 04, 2020, 4:30 p.m. ET",0.028005406260490417,0.08130818605422974,0.8906863927841187,-0.05330277979373932,Media,2020-Q3,32,44,0.4155844155844156
DIS,2020-Q3,"Aug 04, 2020, 4:30 p.m. ET",0.028005406260490417,0.08130818605422974,0.8906863927841187,-0.05330277979373932,Media,2020-Q3,32,44,0.4155844155844156
DIS,2020-Q3,"Aug 04, 2020, 4:30 p.m. ET",0.028005406260490417,0.08130818605422974,0.8906863927841187,-0.05330277979373932,Media,2020-Q3,32,44,0.4155844155844156
DIS,2020-Q3,"Aug 04, 2020, 4:30 p.m. ET",0.028005406260490417,0.08130818605422974,0.8906863927841187,-0.05330277979373932,Media,2020-Q3,32,44,0.4155844155844156
CVX,2021-Q1,"Apr 30, 2021, 11:00 a.m. ET",0.10444957762956619,0.035961613059043884,0.8595888614654541,0.06848796457052231,Energy,2021-Q1,23,40,0.359375
MRNA,2021-Q1,"May 06, 2021, 8:00 a.m. ET",0.14075466990470886,0.011109570972621441,0.848135769367218,0.12964509893208742,Healthcare,2021-Q1,35,25,0.5737704918032787
MRNA,2021-Q1,"May 06, 2021, 8:00 a.m. ET",0.14075466990470886,0.011109570972621441,0.848135769367218,0.12964509893208742,Healthcare,2021-Q1,35,25,0.5737704918032787
MRNA,2021-Q1,"May 06, 2021, 8:00 a.m. ET",0.14075466990470886,0.011109570972621441,0.848135769367218,0.12964509893208742,Healthcare,2021-Q1,35,25,0.5737704918032787
MRNA,2021-Q1,"May 06, 2021, 8:00 a.m. ET",0.14075466990470886,0.011109570972621441,0.848135769367218,0.12964509893208742,Healthcare,2021-Q1,35,25,0.5737704918032787
MRNA,2021-Q1,"May 06, 2021, 8:00 a.m. ET",0.14075466990470886,0.011109570972621441,0.848135769367218,0.12964509893208742,Healthcare,2021-Q1,35,25,0.5737704918032787
MRNA,2021-Q1,"May 06, 2021, 8:00 a.m. ET",0.14075466990470886,0.011109570972621441,0.848135769367218,0.12964509893208742,Healthcare,2021-Q1,35,25,0.5737704918032787
MRNA,2021-Q1,"May 06, 2021, 8:00 a.m. ET",0.14075466990470886,0.011109570972621441,0.848135769367218,0.12964509893208742,Healthcare,2021-Q1,35,25,0.5737704918032787
MRNA,2021-Q1,"May 06, 2021, 8:00 a.m. ET",0.14075466990470886,0.011109570972621441,0.848135769367218,0.12964509893208742,Healthcare,2021-Q1,35,25,0.5737704918032787
XOM,2021-Q4,"Feb 01, 2022, 9:30 a.m. ET",0.6390502452850342,0.022137945517897606,0.33881184458732605,0.6169122997671366,Energy,2021-Q4,18,50,0.2608695652173913
TSLA,2021-Q3,"Oct 20, 2021, 8:30 a.m. ET",0.9512682557106018,0.016672834753990173,0.032058894634246826,0.9345954209566116,Auto,2021-Q3,38,25,0.59375
TSLA,2021-Q3,"Oct 20, 2021, 8:30 a.m. ET",0.9512682557106018,0.016672834753990173,0.032058894634246826,0.9345954209566116,Auto,2021-Q3,38,25,0.59375
AAPL,2020-Q1,"Jan 28, 2020, 5:00 p.m. ET",0.44424036145210266,0.011321954429149628,0.5444376468658447,0.43291840702295303,Tech,2020-Q1,18,103,0.14754098360655737
AAPL,2020-Q1,"Jan 28, 2020, 5:00 p.m. ET",0.44424036145210266,0.011321954429149628,0.5444376468658447,0.43291840702295303,Tech,2020-Q1,18,103,0.14754098360655737
AAPL,2020-Q1,"Jan 28, 2020, 5:00 p.m. ET",0.44424036145210266,0.011321954429149628,0.5444376468658447,0.43291840702295303,Tech,2020-Q1,18,103,0.14754098360655737
AAPL,2020-Q1,"Jan 28, 2020, 5:00 p.m. ET",0.44424036145210266,0.011321954429149628,0.5444376468658447,0.43291840702295303,Tech,2020-Q1,18,103,0.14754098360655737
AAPL,2020-Q1,"Jan 28, 2020, 5:00 p.m. ET",0.44424036145210266,0.011321954429149628,0.5444376468658447,0.43291840702295303,Tech,2020-Q1,18,103,0.14754098360655737
AAPL,2020-Q1,"Jan 28, 2020, 5:00 p.m. ET",0.44424036145210266,0.011321954429149628,0.5444376468658447,0.43291840702295303,Tech,2020-Q1,18,103,0.14754098360655737
AAPL,2020-Q1,"Jan 28, 2020, 5:00 p.m. ET",0.44424036145210266,0.011321954429149628,0.5444376468658447,0.43291840702295303,Tech,2020-Q1,18,103,0.14754098360655737
AAPL,2020-Q1,"Jan 28, 2020, 5:00 p.m. ET",0.44424036145210266,0.011321954429149628,0.5444376468658447,0.43291840702295303,Tech,2020-Q1,18,103,0.14754098360655737
AAPL,2020-Q1,"Jan 28, 2020, 5:00 p.m. ET",0.44424036145210266,0.011321954429149628,0.5444376468658447,0.43291840702295303,Tech,2020-Q1,18,103,0.14754098360655737
AAPL,2020-Q1,"Jan 28, 2020, 5:00 p.m. ET",0.44424036145210266,0.011321954429149628,0.5444376468658447,0.43291840702295303,Tech,2020-Q1,18,103,0.14754098360655737
AAPL,2020-Q1,"Jan 28, 2020, 5:00 p.m. ET",0.44424036145210266,0.011321954429149628,0.5444376468658447,0.43291840702295303,Tech,2020-Q1,18,103,0.14754098360655737
AAPL,2020-Q1,"Jan 28, 2020, 5:00 p.m. ET",0.44424036145210266,0.011321954429149628,0.5444376468658447,0.43291840702295303,Tech,2020-Q1,18,103,0.14754098360655737
AAPL,2020-Q1,"Jan 28, 2020, 5:00 p.m. ET",0.44424036145210266,0.011321954429149628,0.5444376468658447,0.43291840702295303,Tech,2020-Q1,18,103,0.14754098360655737
AAPL,2020-Q1,"Jan 28, 2020, 5:00 p.m. ET",0.44424036145210266,0.011321954429149628,0.5444376468658447,0.43291840702295303,Tech,2020-Q1,18,103,0.14754098360655737
AAPL,2020-Q1,"Jan 28, 2020, 5:00 p.m. ET",0.44424036145210266,0.011321954429149628,0.5444376468658447,0.43291840702295303,Tech,2020-Q1,18,103,0.14754098360655737
AAPL,2020-Q1,"Jan 28, 2020, 5:00 p.m. ET",0.44424036145210266,0.011321954429149628,0.5444376468658447,0.43291840702295303,Tech,2020-Q1,18,103,0.14754098360655737
AAPL,2020-Q1,"Jan 28, 2020, 5:00 p.m. ET",0.44424036145210266,0.011321954429149628,0.5444376468658447,0.43291840702295303,Tech,2020-Q1,18,103,0.14754098360655737
AAPL,2020-Q1,"Jan 28, 2020, 5:00 p.m. ET",0.44424036145210266,0.011321954429149628,0.5444376468658447,0.43291840702295303,Tech,2020-Q1,18,103,0.14754098360655737
AAPL,2020-Q1,"Jan 28, 2020, 5:00 p.m. ET",0.44424036145210266,0.011321954429149628,0.5444376468658447,0.43291840702295303,Tech,2020-Q1,18,103,0.14754098360655737
AAPL,2020-Q1,"Jan 28, 2020, 5:00 p.m. ET",0.44424036145210266,0.011321954429149628,0.5444376468658447,0.43291840702295303,Tech,2020-Q1,18,103,0.14754098360655737
AAPL,2020-Q1,"Jan 28, 2020, 5:00 p.m. ET",0.44424036145210266,0.011321954429149628,0.5444376468658447,0.43291840702295303,Tech,2020-Q1,18,103,0.14754098360655737
AAPL,2020-Q2,"Apr 30, 2020, 5:00 p.m. ET",0.2375384420156479,0.012087523937225342,0.7503740191459656,0.22545091807842255,Tech,2020-Q2,33,61,0.3473684210526316
AAPL,2020-Q2,"Apr 30, 2020, 5:00 p.m. ET",0.2375384420156479,0.012087523937225342,0.7503740191459656,0.22545091807842255,Tech,2020-Q2,33,61,0.3473684210526316
AAPL,2020-Q2,"Apr 30, 2020, 5:00 p.m. ET",0.2375384420156479,0.012087523937225342,0.7503740191459656,0.22545091807842255,Tech,2020-Q2,33,61,0.3473684210526316
AAPL,2020-Q2,"Apr 30, 2020, 5:00 p.m. ET",0.2375384420156479,0.012087523937225342,0.7503740191459656,0.22545091807842255,Tech,2020-Q2,33,61,0.3473684210526316
AAPL,2020-Q2,"Apr 30, 2020, 5:00 p.m. ET",0.2375384420156479,0.012087523937225342,0.7503740191459656,0.22545091807842255,Tech,2020-Q2,33,61,0.3473684210526316
AAPL,2020-Q2,"Apr 30, 2020, 5:00 p.m. ET",0.2375384420156479,0.012087523937225342,0.7503740191459656,0.22545091807842255,Tech,2020-Q2,33,61,0.3473684210526316
AAPL,2020-Q2,"Apr 30, 2020, 5:00 p.m. ET",0.2375384420156479,0.012087523937225342,0.7503740191459656,0.22545091807842255,Tech,2020-Q2,33,61,0.3473684210526316
AAPL,2020-Q2,"Apr 30, 2020, 5:00 p.m. ET",0.2375384420156479,0.012087523937225342,0.7503740191459656,0.22545091807842255,Tech,2020-Q2,33,61,0.3473684210526316
AAPL,2020-Q2,"Apr 30, 2020, 5:00 p.m. ET",0.2375384420156479,0.012087523937225342,0.7503740191459656,0.22545091807842255,Tech,2020-Q2,33,61,0.3473684210526316
AAPL,2020-Q2,"Apr 30, 2020, 5:00 p.m. ET",0.2375384420156479,0.012087523937225342,0.7503740191459656,0.22545091807842255,Tech,2020-Q2,33,61,0.3473684210526316
AAPL,2020-Q2,"Apr 30, 2020, 5:00 p.m. ET",0.2375384420156479,0.012087523937225342,0.7503740191459656,0.22545091807842255,Tech,2020-Q2,33,61,0.3473684210526316
AAPL,2020-Q2,"Apr 30, 2020, 5:00 p.m. ET",0.2375384420156479,0.012087523937225342,0.7503740191459656,0.22545091807842255,Tech,2020-Q2,33,61,0.3473684210526316
AAPL,2020-Q2,"Apr 30, 2020, 5:00 p.m. ET",0.2375384420156479,0.012087523937225342,0.7503740191459656,0.22545091807842255,Tech,2020-Q2,33,61,0.3473684210526316
AAPL,2020-Q2,"Apr 30, 2020, 5:00 p.m. ET",0.2375384420156479,0.012087523937225342,0.7503740191459656,0.22545091807842255,Tech,2020-Q2,33,61,0.3473684210526316
AAPL,2020-Q2,"Apr 30, 2020, 5:00 p.m. ET",0.2375384420156479,0.012087523937225342,0.7503740191459656,0.22545091807842255,Tech,2020-Q2,33,61,0.3473684210526316
AAPL,2020-Q2,"Apr 30, 2020, 5:00 p.m. ET",0.2375384420156479,0.012087523937225342,0.7503740191459656,0.22545091807842255,Tech,2020-Q2,33,61,0.3473684210526316
AAPL,2020-Q2,"Apr 30, 2020, 5:00 p.m. ET",0.2375384420156479,0.012087523937225342,0.7503740191459656,0.22545091807842255,Tech,2020-Q2,33,61,0.3473684210526316
AAPL,2020-Q2,"Apr 30, 2020, 5:00 p.m. ET",0.2375384420156479,0.012087523937225342,0.7503740191459656,0.22545091807842255,Tech,2020-Q2,33,61,0.3473684210526316
AAPL,2020-Q2,"Apr 30, 2020, 5:00 p.m. ET",0.2375384420156479,0.012087523937225342,0.7503740191459656,0.22545091807842255,Tech,2020-Q2,33,61,0.3473684210526316
AAPL,2020-Q2,"Apr 30, 2020, 5:00 p.m. ET",0.2375384420156479,0.012087523937225342,0.7503740191459656,0.22545091807842255,Tech,2020-Q2,33,61,0.3473684210526316
AAPL,2020-Q2,"Apr 30, 2020, 5:00 p.m. ET",0.2375384420156479,0.012087523937225342,0.7503740191459656,0.22545091807842255,Tech,2020-Q2,33,61,0.3473684210526316
AAPL,2020-Q2,"Apr 30, 2020, 5:00 p.m. ET",0.2375384420156479,0.012087523937225342,0.7503740191459656,0.22545091807842255,Tech,2020-Q2,33,61,0.3473684210526316
AAPL,2020-Q2,"Apr 30, 2020, 5:00 p.m. ET",0.2375384420156479,0.012087523937225342,0.7503740191459656,0.22545091807842255,Tech,2020-Q2,33,61,0.3473684210526316
AAPL,2020-Q2,"Apr 30, 2020, 5:00 p.m. ET",0.2375384420156479,0.012087523937225342,0.7503740191459656,0.22545091807842255,Tech,2020-Q2,33,61,0.3473684210526316
AAPL,2020-Q2,"Apr 30, 2020, 5:00 p.m. ET",0.2375384420156479,0.012087523937225342,0.7503740191459656,0.22545091807842255,Tech,2020-Q2,33,61,0.3473684210526316
GOOGL,2020-Q1,"April 28, 2020, 4:30 p.m. ET",0.08496109396219254,0.014933321624994278,0.9001055955886841,0.07002777233719826,Tech,2020-Q1,38,80,0.31932773109243695
GOOGL,2020-Q1,"April 28, 2020, 4:30 p.m. ET",0.08496109396219254,0.014933321624994278,0.9001055955886841,0.07002777233719826,Tech,2020-Q1,38,80,0.31932773109243695
GOOGL,2020-Q1,"April 28, 2020, 4:30 p.m. ET",0.08496109396219254,0.014933321624994278,0.9001055955886841,0.07002777233719826,Tech,2020-Q1,38,80,0.31932773109243695
GOOGL,2020-Q1,"April 28, 2020, 4:30 p.m. ET",0.08496109396219254,0.014933321624994278,0.9001055955886841,0.07002777233719826,Tech,2020-Q1,38,80,0.31932773109243695
GOOGL,2020-Q1,"April 28, 2020, 4:30 p.m. ET",0.08496109396219254,0.014933321624994278,0.9001055955886841,0.07002777233719826,Tech,2020-Q1,38,80,0.31932773109243695
GOOGL,2020-Q1,"April 28, 2020, 4:30 p.m. ET",0.08496109396219254,0.014933321624994278,0.9001055955886841,0.07002777233719826,Tech,2020-Q1,38,80,0.31932773109243695
GOOGL,2020-Q1,"April 28, 2020, 4:30 p.m. ET",0.08496109396219254,0.014933321624994278,0.9001055955886841,0.07002777233719826,Tech,2020-Q1,38,80,0.31932773109243695
GOOGL,2020-Q1,"April 28, 2020, 4:30 p.m. ET",0.08496109396219254,0.014933321624994278,0.9001055955886841,0.07002777233719826,Tech,2020-Q1,38,80,0.31932773109243695
GOOGL,2020-Q1,"April 28, 2020, 4:30 p.m. ET",0.08496109396219254,0.014933321624994278,0.9001055955886841,0.07002777233719826,Tech,2020-Q1,38,80,0.31932773109243695
GOOGL,2020-Q1,"April 28, 2020, 4:30 p.m. ET",0.08496109396219254,0.014933321624994278,0.9001055955886841,0.07002777233719826,Tech,2020-Q1,38,80,0.31932773109243695
GOOGL,2020-Q1,"April 28, 2020, 4:30 p.m. ET",0.08496109396219254,0.014933321624994278,0.9001055955886841,0.07002777233719826,Tech,2020-Q1,38,80,0.31932773109243695
GOOGL,2020-Q1,"April 28, 2020, 4:30 p.m. ET",0.08496109396219254,0.014933321624994278,0.9001055955886841,0.07002777233719826,Tech,2020-Q1,38,80,0.31932773109243695
GOOGL,2020-Q1,"April 28, 2020, 4:30 p.m. ET",0.08496109396219254,0.014933321624994278,0.9001055955886841,0.07002777233719826,Tech,2020-Q1,38,80,0.31932773109243695
GOOGL,2020-Q1,"April 28, 2020, 4:30 p.m. ET",0.08496109396219254,0.014933321624994278,0.9001055955886841,0.07002777233719826,Tech,2020-Q1,38,80,0.31932773109243695
GOOGL,2020-Q1,"April 28, 2020, 4:30 p.m. ET",0.08496109396219254,0.014933321624994278,0.9001055955886841,0.07002777233719826,Tech,2020-Q1,38,80,0.31932773109243695
DIS,2020-Q3,"Aug 04, 2020, 4:30 p.m. ET",0.028005406260490417,0.08130818605422974,0.8906863927841187,-0.05330277979373932,Media,2020-Q3,32,44,0.4155844155844156
DIS,2020-Q3,"Aug 04, 2020, 4:30 p.m. ET",0.028005406260490417,0.08130818605422974,0.8906863927841187,-0.05330277979373932,Media,2020-Q3,32,44,0.4155844155844156
DIS,2020-Q3,"Aug 04, 2020, 4:30 p.m. ET",0.028005406260490417,0.08130818605422974,0.8906863927841187,-0.05330277979373932,Media,2020-Q3,32,44,0.4155844155844156
DIS,2020-Q3,"Aug 04, 2020, 4:30 p.m. ET",0.028005406260490417,0.08130818605422974,0.8906863927841187,-0.05330277979373932,Media,2020-Q3,32,44,0.4155844155844156
DIS,2020-Q3,"Aug 04, 2020, 4:30 p.m. ET",0.028005406260490417,0.08130818605422974,0.8906863927841187,-0.05330277979373932,Media,2020-Q3,32,44,0.4155844155844156
DIS,2020-Q3,"Aug 04, 2020, 4:30 p.m. ET",0.028005406260490417,0.08130818605422974,0.8906863927841187,-0.05330277979373932,Media,2020-Q3,32,44,0.4155844155844156
DIS,2020-Q3,"Aug 04, 2020, 4:30 p.m. ET",0.028005406260490417,0.08130818605422974,0.8906863927841187,-0.05330277979373932,Media,2020-Q3,32,44,0.4155844155844156
DIS,2020-Q3,"Aug 04, 2020, 4:30 p.m. ET",0.028005406260490417,0.08130818605422974,0.8906863927841187,-0.05330277979373932,Media,2020-Q3,32,44,0.4155844155844156
DIS,2020-Q3,"Aug 04, 2020, 4:30 p.m. ET",0.028005406260490417,0.08130818605422974,0.8906863927841187,-0.05330277979373932,Media,2020-Q3,32,44,0.4155844155844156
DIS,2020-Q3,"Aug 04, 2020, 4:30 p.m. ET",0.028005406260490417,0.08130818605422974,0.8906863927841187,-0.05330277979373932,Media,2020-Q3,32,44,0.4155844155844156
DIS,2020-Q3,"Aug 04, 2020, 4:30 p.m. ET",0.028005406260490417,0.08130818605422974,0.8906863927841187,-0.05330277979373932,Media,2020-Q3,32,44,0.4155844155844156
DIS,2020-Q3,"Aug 04, 2020, 4:30 p.m. ET",0.028005406260490417,0.08130818605422974,0.8906863927841187,-0.05330277979373932,Media,2020-Q3,32,44,0.4155844155844156
DIS,2020-Q3,"Aug 04, 2020, 4:30 p.m. ET",0.028005406260490417,0.08130818605422974,0.8906863927841187,-0.05330277979373932,Media,2020-Q3,32,44,0.4155844155844156
DIS,2020-Q3,"Aug 04, 2020, 4:30 p.m. ET",0.028005406260490417,0.08130818605422974,0.8906863927841187,-0.05330277979373932,Media,2020-Q3,32,44,0.4155844155844156
DIS,2020-Q3,"Aug 04, 2020, 4:30 p.m. ET",0.028005406260490417,0.08130818605422974,0.8906863927841187,-0.05330277979373932,Media,2020-Q3,32,44,0.4155844155844156
DIS,2020-Q3,"Aug 04, 2020, 4:30 p.m. ET",0.028005406260490417,0.08130818605422974,0.8906863927841187,-0.05330277979373932,Media,2020-Q3,32,44,0.4155844155844156
DIS,2020-Q3,"Aug 04, 2020, 4:30 p.m. ET",0.028005406260490417,0.08130818605422974,0.8906863927841187,-0.05330277979373932,Media,2020-Q3,32,44,0.4155844155844156
DIS,2020-Q3,"Aug 04, 2020, 4:30 p.m. ET",0.028005406260490417,0.08130818605422974,0.8906863927841187,-0.05330277979373932,Media,2020-Q3,32,44,0.4155844155844156
DIS,2020-Q3,"Aug 04, 2020, 4:30 p.m. ET",0.028005406260490417,0.08130818605422974,0.8906863927841187,-0.05330277979373932,Media,2020-Q3,32,44,0.4155844155844156
DIS,2020-Q3,"Aug 04, 2020, 4:30 p.m. ET",0.028005406260490417,0.08130818605422974,0.8906863927841187,-0.05330277979373932,Media,2020-Q3,32,44,0.4155844155844156
DIS,2020-Q3,"Aug 04, 2020, 4:30 p.m. ET",0.028005406260490417,0.08130818605422974,0.8906863927841187,-0.05330277979373932,Media,2020-Q3,32,44,0.4155844155844156
DIS,2020-Q3,"Aug 04, 2020, 4:30 p.m. ET",0.028005406260490417,0.08130818605422974,0.8906863927841187,-0.05330277979373932,Media,2020-Q3,32,44,0.4155844155844156
DIS,2020-Q3,"Aug 04, 2020, 4:30 p.m. ET",0.028005406260490417,0.08130818605422974,0.8906863927841187,-0.05330277979373932,Media,2020-Q3,32,44,0.4155844155844156
DIS,2020-Q3,"Aug 04, 2020, 4:30 p.m. ET",0.028005406260490417,0.08130818605422974,0.8906863927841187,-0.05330277979373932,Media,2020-Q3,32,44,0.4155844155844156
DIS,2020-Q3,"Aug 04, 2020, 4:30 p.m. ET",0.028005406260490417,0.08130818605422974,0.8906863927841187,-0.05330277979373932,Media,2020-Q3,32,44,0.4155844155844156
DIS,2020-Q3,"Aug 04, 2020, 4:30 p.m. ET",0.028005406260490417,0.08130818605422974,0.8906863927841187,-0.05330277979373932,Media,2020-Q3,32,44,0.4155844155844156
DIS,2020-Q3,"Aug 04, 2020, 4:30 p.m. ET",0.028005406260490417,0.08130818605422974,0.8906863927841187,-0.05330277979373932,Media,2020-Q3,32,44,0.4155844155844156
DIS,2020-Q3,"Aug 04, 2020, 4:30 p.m. ET",0.028005406260490417,0.08130818605422974,0.8906863927841187,-0.05330277979373932,Media,2020-Q3,32,44,0.4155844155844156
DIS,2020-Q3,"Aug 04, 2020, 4:30 p.m. ET",0.028005406260490417,0.08130818605422974,0.8906863927841187,-0.05330277979373932,Media,2020-Q3,32,44,0.4155844155844156
DIS,2020-Q3,"Aug 04, 2020, 4:30 p.m. ET",0.028005406260490417,0.08130818605422974,0.8906863927841187,-0.05330277979373932,Media,2020-Q3,32,44,0.4155844155844156
DIS,2020-Q3,"Aug 04, 2020, 4:30 p.m. ET",0.028005406260490417,0.08130818605422974,0.8906863927841187,-0.05330277979373932,Media,2020-Q3,32,44,0.4155844155844156
DIS,2020-Q3,"Aug 04, 2020, 4:30 p.m. ET",0.028005406260490417,0.08130818605422974,0.8906863927841187,-0.05330277979373932,Media,2020-Q3,32,44,0.4155844155844156
DIS,2020-Q3,"Aug 04, 2020, 4:30 p.m. ET",0.028005406260490417,0.08130818605422974,0.8906863927841187,-0.05330277979373932,Media,2020-Q3,32,44,0.4155844155844156
DIS,2020-Q3,"Aug 04, 2020, 4:30 p.m. ET",0.028005406260490417,0.08130818605422974,0.8906863927841187,-0.05330277979373932,Media,2020-Q3,32,44,0.4155844155844156
DIS,2020-Q3,"Aug 04, 2020, 4:30 p.m. ET",0.028005406260490417,0.08130818605422974,0.8906863927841187,-0.05330277979373932,Media,2020-Q3,32,44,0.4155844155844156
DIS,2020-Q3,"Aug 04, 2020, 4:30 p.m. ET",0.028005406260490417,0.08130818605422974,0.8906863927841187,-0.05330277979373932,Media,2020-Q3,32,44,0.4155844155844156
DIS,2020-Q3,"Aug 04, 2020, 4:30 p.m. ET",0.028005406260490417,0.08130818605422974,0.8906863927841187,-0.05330277979373932,Media,2020-Q3,32,44,0.4155844155844156
DIS,2020-Q3,"Aug 04, 2020, 4:30 p.m. ET",0.028005406260490417,0.08130818605422974,0.8906863927841187,-0.05330277979373932,Media,2020-Q3,32,44,0.4155844155844156
DIS,2020-Q3,"Aug 04, 2020, 4:30 p.m. ET",0.028005406260490417,0.08130818605422974,0.8906863927841187,-0.05330277979373932,Media,2020-Q3,32,44,0.4155844155844156
DIS,2020-Q3,"Aug 04, 2020, 4:30 p.m. ET",0.028005406260490417,0.08130818605422974,0.8906863927841187,-0.05330277979373932,Media,2020-Q3,32,44,0.4155844155844156
DIS,2020-Q3,"Aug 04, 2020, 4:30 p.m. ET",0.028005406260490417,0.08130818605422974,0.8906863927841187,-0.05330277979373932,Media,2020-Q3,32,44,0.4155844155844156
DIS,2020-Q3,"Aug 04, 2020, 4:30 p.m. ET",0.028005406260490417,0.08130818605422974,0.8906863927841187,-0.05330277979373932,Media,2020-Q3,32,44,0.4155844155844156
DIS,2020-Q3,"Aug 04, 2020, 4:30 p.m. ET",0.028005406260490417,0.08130818605422974,0.8906863927841187,-0.05330277979373932,Media,2020-Q3,32,44,0.4155844155844156
DIS,2020-Q3,"Aug 04, 2020, 4:30 p.m. ET",0.028005406260490417,0.08130818605422974,0.8906863927841187,-0.05330277979373932,Media,2020-Q3,32,44,0.4155844155844156
DIS,2020-Q3,"Aug 04, 2020, 4:30 p.m. ET",0.028005406260490417,0.08130818605422974,0.8906863927841187,-0.05330277979373932,Media,2020-Q3,32,44,0.4155844155844156
DIS,2020-Q3,"Aug 04, 2020, 4:30 p.m. ET",0.028005406260490417,0.08130818605422974,0.8906863927841187,-0.05330277979373932,Media,2020-Q3,32,44,0.4155844155844156
DIS,2020-Q3,"Aug 04, 2020, 4:30 p.m. ET",0.028005406260490417,0.08130818605422974,0.8906863927841187,-0.05330277979373932,Media,2020-Q3,32,44,0.4155844155844156
DIS,2020-Q3,"Aug 04, 2020, 4:30 p.m. ET",0.028005406260490417,0.08130818605422974,0.8906863927841187,-0.05330277979373932,Media,2020-Q3,32,44,0.4155844155844156
DIS,2020-Q3,"Aug 04, 2020, 4:30 p.m. ET",0.028005406260490417,0.08130818605422974,0.8906863927841187,-0.05330277979373932,Media,2020-Q3,32,44,0.4155844155844156
DIS,2020-Q3,"Aug 04, 2020, 4:30 p.m. ET",0.028005406260490417,0.08130818605422974,0.8906863927841187,-0.05330277979373932,Media,2020-Q3,32,44,0.4155844155844156
AMZN,2020-Q2,"Jul 30, 2020, 5:30 p.m. ET",0.09640108048915863,0.015877222642302513,0.8877217173576355,0.08052385784685612,Tech,2020-Q2,11,54,0.16666666666666666
AMZN,2020-Q2,"Jul 30, 2020, 5:30 p.m. ET",0.09640108048915863,0.015877222642302513,0.8877217173576355,0.08052385784685612,Tech,2020-Q2,11,54,0.16666666666666666
AMZN,2020-Q2,"Jul 30, 2020, 5:30 p.m. ET",0.09640108048915863,0.015877222642302513,0.8877217173576355,0.08052385784685612,Tech,2020-Q2,11,54,0.16666666666666666
AMZN,2020-Q2,"Jul 30, 2020, 5:30 p.m. ET",0.09640108048915863,0.015877222642302513,0.8877217173576355,0.08052385784685612,Tech,2020-Q2,11,54,0.16666666666666666
AMZN,2020-Q2,"Jul 30, 2020, 5:30 p.m. ET",0.09640108048915863,0.015877222642302513,0.8877217173576355,0.08052385784685612,Tech,2020-Q2,11,54,0.16666666666666666
AMZN,2020-Q2,"Jul 30, 2020, 5:30 p.m. ET",0.09640108048915863,0.015877222642302513,0.8877217173576355,0.08052385784685612,Tech,2020-Q2,11,54,0.16666666666666666
AMZN,2020-Q2,"Jul 30, 2020, 5:30 p.m. ET",0.09640108048915863,0.015877222642302513,0.8877217173576355,0.08052385784685612,Tech,2020-Q2,11,54,0.16666666666666666
AMZN,2020-Q2,"Jul 30, 2020, 5:30 p.m. ET",0.09640108048915863,0.015877222642302513,0.8877217173576355,0.08052385784685612,Tech,2020-Q2,11,54,0.16666666666666666
AMZN,2020-Q2,"Jul 30, 2020, 5:30 p.m. ET",0.09640108048915863,0.015877222642302513,0.8877217173576355,0.08052385784685612,Tech,2020-Q2,11,54,0.16666666666666666
AMZN,2020-Q2,"Jul 30, 2020, 5:30 p.m. ET",0.09640108048915863,0.015877222642302513,0.8877217173576355,0.08052385784685612,Tech,2020-Q2,11,54,0.16666666666666666
AMZN,2020-Q2,"Jul 30, 2020, 5:30 p.m. ET",0.09640108048915863,0.015877222642302513,0.8877217173576355,0.08052385784685612,Tech,2020-Q2,11,54,0.16666666666666666
AMZN,2020-Q2,"Jul 30, 2020, 5:30 p.m. ET",0.09640108048915863,0.015877222642302513,0.8877217173576355,0.08052385784685612,Tech,2020-Q2,11,54,0.16666666666666666
AMZN,2020-Q2,"Jul 30, 2020, 5:30 p.m. ET",0.09640108048915863,0.015877222642302513,0.8877217173576355,0.08052385784685612,Tech,2020-Q2,11,54,0.16666666666666666
AMZN,2020-Q2,"Jul 30, 2020, 5:30 p.m. ET",0.09640108048915863,0.015877222642302513,0.8877217173576355,0.08052385784685612,Tech,2020-Q2,11,54,0.16666666666666666
AMZN,2020-Q2,"Jul 30, 2020, 5:30 p.m. ET",0.09640108048915863,0.015877222642302513,0.8877217173576355,0.08052385784685612,Tech,2020-Q2,11,54,0.16666666666666666
AMZN,2020-Q2,"Jul 30, 2020, 5:30 p.m. ET",0.09640108048915863,0.015877222642302513,0.8877217173576355,0.08052385784685612,Tech,2020-Q2,11,54,0.16666666666666666
AMZN,2020-Q2,"Jul 30, 2020, 5:30 p.m. ET",0.09640108048915863,0.015877222642302513,0.8877217173576355,0.08052385784685612,Tech,2020-Q2,11,54,0.16666666666666666
AMZN,2020-Q2,"Jul 30, 2020, 5:30 p.m. ET",0.09640108048915863,0.015877222642302513,0.8877217173576355,0.08052385784685612,Tech,2020-Q2,11,54,0.16666666666666666
AMZN,2020-Q2,"Jul 30, 2020, 5:30 p.m. ET",0.09640108048915863,0.015877222642302513,0.8877217173576355,0.08052385784685612,Tech,2020-Q2,11,54,0.16666666666666666
AMZN,2020-Q2,"Jul 30, 2020, 5:30 p.m. ET",0.09640108048915863,0.015877222642302513,0.8877217173576355,0.08052385784685612,Tech,2020-Q2,11,54,0.16666666666666666
AMZN,2020-Q2,"Jul 30, 2020, 5:30 p.m. ET",0.09640108048915863,0.015877222642302513,0.8877217173576355,0.08052385784685612,Tech,2020-Q2,11,54,0.16666666666666666
AMZN,2020-Q2,"Jul 30, 2020, 5:30 p.m. ET",0.09640108048915863,0.015877222642302513,0.8877217173576355,0.08052385784685612,Tech,2020-Q2,11,54,0.16666666666666666
AMZN,2020-Q2,"Jul 30, 2020, 5:30 p.m. ET",0.09640108048915863,0.015877222642302513,0.8877217173576355,0.08052385784685612,Tech,2020-Q2,11,54,0.16666666666666666
AMZN,2020-Q2,"Jul 30, 2020, 5:30 p.m. ET",0.09640108048915863,0.015877222642302513,0.8877217173576355,0.08052385784685612,Tech,2020-Q2,11,54,0.16666666666666666
AMZN,2020-Q2,"Jul 30, 2020, 5:30 p.m. ET",0.09640108048915863,0.015877222642302513,0.8877217173576355,0.08052385784685612,Tech,2020-Q2,11,54,0.16666666666666666
AMZN,2020-Q2,"Jul 30, 2020, 5:30 p.m. ET",0.09640108048915863,0.015877222642302513,0.8877217173576355,0.08052385784685612,Tech,2020-Q2,11,54,0.16666666666666666
AMZN,2020-Q2,"Jul 30, 2020, 5:30 p.m. ET",0.09640108048915863,0.015877222642302513,0.8877217173576355,0.08052385784685612,Tech,2020-Q2,11,54,0.16666666666666666
AMZN,2020-Q2,"Jul 30, 2020, 5:30 p.m. ET",0.09640108048915863,0.015877222642302513,0.8877217173576355,0.08052385784685612,Tech,2020-Q2,11,54,0.16666666666666666
AMZN,2020-Q2,"Jul 30, 2020, 5:30 p.m. ET",0.09640108048915863,0.015877222642302513,0.8877217173576355,0.08052385784685612,Tech,2020-Q2,11,54,0.16666666666666666
AMZN,2020-Q2,"Jul 30, 2020, 5:30 p.m. ET",0.09640108048915863,0.015877222642302513,0.8877217173576355,0.08052385784685612,Tech,2020-Q2,11,54,0.16666666666666666
AMZN,2020-Q2,"Jul 30, 2020, 5:30 p.m. ET",0.09640108048915863,0.015877222642302513,0.8877217173576355,0.08052385784685612,Tech,2020-Q2,11,54,0.16666666666666666
AMZN,2020-Q2,"Jul 30, 2020, 5:30 p.m. ET",0.09640108048915863,0.015877222642302513,0.8877217173576355,0.08052385784685612,Tech,2020-Q2,11,54,0.16666666666666666
AMZN,2020-Q2,"Jul 30, 2020, 5:30 p.m. ET",0.09640108048915863,0.015877222642302513,0.8877217173576355,0.08052385784685612,Tech,2020-Q2,11,54,0.16666666666666666
AMZN,2020-Q2,"Jul 30, 2020, 5:30 p.m. ET",0.09640108048915863,0.015877222642302513,0.8877217173576355,0.08052385784685612,Tech,2020-Q2,11,54,0.16666666666666666
AMZN,2020-Q2,"Jul 30, 2020, 5:30 p.m. ET",0.09640108048915863,0.015877222642302513,0.8877217173576355,0.08052385784685612,Tech,2020-Q2,11,54,0.16666666666666666
AMZN,2020-Q2,"Jul 30, 2020, 5:30 p.m. ET",0.09640108048915863,0.015877222642302513,0.8877217173576355,0.08052385784685612,Tech,2020-Q2,11,54,0.16666666666666666
AMZN,2020-Q2,"Jul 30, 2020, 5:30 p.m. ET",0.09640108048915863,0.015877222642302513,0.8877217173576355,0.08052385784685612,Tech,2020-Q2,11,54,0.16666666666666666
AMZN,2020-Q2,"Jul 30, 2020, 5:30 p.m. ET",0.09640108048915863,0.015877222642302513,0.8877217173576355,0.08052385784685612,Tech,2020-Q2,11,54,0.16666666666666666
AMZN,2020-Q2,"Jul 30, 2020, 5:30 p.m. ET",0.09640108048915863,0.015877222642302513,0.8877217173576355,0.08052385784685612,Tech,2020-Q2,11,54,0.16666666666666666
AMZN,2020-Q2,"Jul 30, 2020, 5:30 p.m. ET",0.09640108048915863,0.015877222642302513,0.8877217173576355,0.08052385784685612,Tech,2020-Q2,11,54,0.16666666666666666
AMZN,2020-Q2,"Jul 30, 2020, 5:30 p.m. ET",0.09640108048915863,0.015877222642302513,0.8877217173576355,0.08052385784685612,Tech,2020-Q2,11,54,0.16666666666666666
AMZN,2020-Q2,"Jul 30, 2020, 5:30 p.m. ET",0.09640108048915863,0.015877222642302513,0.8877217173576355,0.08052385784685612,Tech,2020-Q2,11,54,0.16666666666666666
AMZN,2020-Q2,"Jul 30, 2020, 5:30 p.m. ET",0.09640108048915863,0.015877222642302513,0.8877217173576355,0.08052385784685612,Tech,2020-Q2,11,54,0.16666666666666666
AMZN,2020-Q2,"Jul 30, 2020, 5:30 p.m. ET",0.09640108048915863,0.015877222642302513,0.8877217173576355,0.08052385784685612,Tech,2020-Q2,11,54,0.16666666666666666
AMZN,2020-Q2,"Jul 30, 2020, 5:30 p.m. ET",0.09640108048915863,0.015877222642302513,0.8877217173576355,0.08052385784685612,Tech,2020-Q2,11,54,0.16666666666666666
AMZN,2020-Q2,"Jul 30, 2020, 5:30 p.m. ET",0.09640108048915863,0.015877222642302513,0.8877217173576355,0.08052385784685612,Tech,2020-Q2,11,54,0.16666666666666666
AMZN,2020-Q2,"Jul 30, 2020, 5:30 p.m. ET",0.09640108048915863,0.015877222642302513,0.8877217173576355,0.08052385784685612,Tech,2020-Q2,11,54,0.16666666666666666
AMZN,2020-Q2,"Jul 30, 2020, 5:30 p.m. ET",0.09640108048915863,0.015877222642302513,0.8877217173576355,0.08052385784685612,Tech,2020-Q2,11,54,0.16666666666666666
AMZN,2020-Q2,"Jul 30, 2020, 5:30 p.m. ET",0.09640108048915863,0.015877222642302513,0.8877217173576355,0.08052385784685612,Tech,2020-Q2,11,54,0.16666666666666666
AMZN,2020-Q2,"Jul 30, 2020, 5:30 p.m. ET",0.09640108048915863,0.015877222642302513,0.8877217173576355,0.08052385784685612,Tech,2020-Q2,11,54,0.16666666666666666
AAPL,2020-Q1,"Jan 28, 2020, 5:00 p.m. ET",0.44424036145210266,0.011321954429149628,0.5444376468658447,0.43291840702295303,Tech,2020-Q1,18,103,0.14754098360655737
AAPL,2020-Q1,"Jan 28, 2020, 5:00 p.m. ET",0.44424036145210266,0.011321954429149628,0.5444376468658447,0.43291840702295303,Tech,2020-Q1,18,103,0.14754098360655737
AAPL,2020-Q1,"Jan 28, 2020, 5:00 p.m. ET",0.44424036145210266,0.011321954429149628,0.5444376468658447,0.43291840702295303,Tech,2020-Q1,18,103,0.14754098360655737
AAPL,2020-Q1,"Jan 28, 2020, 5:00 p.m. ET",0.44424036145210266,0.011321954429149628,0.5444376468658447,0.43291840702295303,Tech,2020-Q1,18,103,0.14754098360655737
AAPL,2020-Q1,"Jan 28, 2020, 5:00 p.m. ET",0.44424036145210266,0.011321954429149628,0.5444376468658447,0.43291840702295303,Tech,2020-Q1,18,103,0.14754098360655737
AAPL,2020-Q1,"Jan 28, 2020, 5:00 p.m. ET",0.44424036145210266,0.011321954429149628,0.5444376468658447,0.43291840702295303,Tech,2020-Q1,18,103,0.14754098360655737
AAPL,2020-Q1,"Jan 28, 2020, 5:00 p.m. ET",0.44424036145210266,0.011321954429149628,0.5444376468658447,0.43291840702295303,Tech,2020-Q1,18,103,0.14754098360655737
AAPL,2020-Q1,"Jan 28, 2020, 5:00 p.m. ET",0.44424036145210266,0.011321954429149628,0.5444376468658447,0.43291840702295303,Tech,2020-Q1,18,103,0.14754098360655737
AAPL,2020-Q1,"Jan 28, 2020, 5:00 p.m. ET",0.44424036145210266,0.011321954429149628,0.5444376468658447,0.43291840702295303,Tech,2020-Q1,18,103,0.14754098360655737
AAPL,2020-Q1,"Jan 28, 2020, 5:00 p.m. ET",0.44424036145210266,0.011321954429149628,0.5444376468658447,0.43291840702295303,Tech,2020-Q1,18,103,0.14754098360655737
AAPL,2020-Q1,"Jan 28, 2020, 5:00 p.m. ET",0.44424036145210266,0.011321954429149628,0.5444376468658447,0.43291840702295303,Tech,2020-Q1,18,103,0.14754098360655737
AAPL,2020-Q1,"Jan 28, 2020, 5:00 p.m. ET",0.44424036145210266,0.011321954429149628,0.5444376468658447,0.43291840702295303,Tech,2020-Q1,18,103,0.14754098360655737
AAPL,2020-Q1,"Jan 28, 2020, 5:00 p.m. ET",0.44424036145210266,0.011321954429149628,0.5444376468658447,0.43291840702295303,Tech,2020-Q1,18,103,0.14754098360655737
AAPL,2020-Q1,"Jan 28, 2020, 5:00 p.m. ET",0.44424036145210266,0.011321954429149628,0.5444376468658447,0.43291840702295303,Tech,2020-Q1,18,103,0.14754098360655737
AAPL,2020-Q1,"Jan 28, 2020, 5:00 p.m. ET",0.44424036145210266,0.011321954429149628,0.5444376468658447,0.43291840702295303,Tech,2020-Q1,18,103,0.14754098360655737
AAPL,2020-Q1,"Jan 28, 2020, 5:00 p.m. ET",0.44424036145210266,0.011321954429149628,0.5444376468658447,0.43291840702295303,Tech,2020-Q1,18,103,0.14754098360655737
AAPL,2020-Q1,"Jan 28, 2020, 5:00 p.m. ET",0.44424036145210266,0.011321954429149628,0.5444376468658447,0.43291840702295303,Tech,2020-Q1,18,103,0.14754098360655737
AAPL,2020-Q1,"Jan 28, 2020, 5:00 p.m. ET",0.44424036145210266,0.011321954429149628,0.5444376468658447,0.43291840702295303,Tech,2020-Q1,18,103,0.14754098360655737
AAPL,2020-Q1,"Jan 28, 2020, 5:00 p.m. ET",0.44424036145210266,0.011321954429149628,0.5444376468658447,0.43291840702295303,Tech,2020-Q1,18,103,0.14754098360655737
AAPL,2020-Q1,"Jan 28, 2020, 5:00 p.m. ET",0.44424036145210266,0.011321954429149628,0.5444376468658447,0.43291840702295303,Tech,2020-Q1,18,103,0.14754098360655737
AAPL,2020-Q1,"Jan 28, 2020, 5:00 p.m. ET",0.44424036145210266,0.011321954429149628,0.5444376468658447,0.43291840702295303,Tech,2020-Q1,18,103,0.14754098360655737
GOOGL,2020-Q1,"April 28, 2020, 4:30 p.m. ET",0.08496109396219254,0.014933321624994278,0.9001055955886841,0.07002777233719826,Tech,2020-Q1,38,80,0.31932773109243695
GOOGL,2020-Q1,"April 28, 2020, 4:30 p.m. ET",0.08496109396219254,0.014933321624994278,0.9001055955886841,0.07002777233719826,Tech,2020-Q1,38,80,0.31932773109243695
GOOGL,2020-Q1,"April 28, 2020, 4:30 p.m. ET",0.08496109396219254,0.014933321624994278,0.9001055955886841,0.07002777233719826,Tech,2020-Q1,38,80,0.31932773109243695
GOOGL,2020-Q1,"April 28, 2020, 4:30 p.m. ET",0.08496109396219254,0.014933321624994278,0.9001055955886841,0.07002777233719826,Tech,2020-Q1,38,80,0.31932773109243695
GOOGL,2020-Q1,"April 28, 2020, 4:30 p.m. ET",0.08496109396219254,0.014933321624994278,0.9001055955886841,0.07002777233719826,Tech,2020-Q1,38,80,0.31932773109243695
GOOGL,2020-Q1,"April 28, 2020, 4:30 p.m. ET",0.08496109396219254,0.014933321624994278,0.9001055955886841,0.07002777233719826,Tech,2020-Q1,38,80,0.31932773109243695
GOOGL,2020-Q1,"April 28, 2020, 4:30 p.m. ET",0.08496109396219254,0.014933321624994278,0.9001055955886841,0.07002777233719826,Tech,2020-Q1,38,80,0.31932773109243695
GOOGL,2020-Q1,"April 28, 2020, 4:30 p.m. ET",0.08496109396219254,0.014933321624994278,0.9001055955886841,0.07002777233719826,Tech,2020-Q1,38,80,0.31932773109243695
GOOGL,2020-Q1,"April 28, 2020, 4:30 p.m. ET",0.08496109396219254,0.014933321624994278,0.9001055955886841,0.07002777233719826,Tech,2020-Q1,38,80,0.31932773109243695
GOOGL,2020-Q1,"April 28, 2020, 4:30 p.m. ET",0.08496109396219254,0.014933321624994278,0.9001055955886841,0.07002777233719826,Tech,2020-Q1,38,80,0.31932773109243695
GOOGL,2020-Q1,"April 28, 2020, 4:30 p.m. ET",0.08496109396219254,0.014933321624994278,0.9001055955886841,0.07002777233719826,Tech,2020-Q1,38,80,0.31932773109243695
GOOGL,2020-Q1,"April 28, 2020, 4:30 p.m. ET",0.08496109396219254,0.014933321624994278,0.9001055955886841,0.07002777233719826,Tech,2020-Q1,38,80,0.31932773109243695
GOOGL,2020-Q1,"April 28, 2020, 4:30 p.m. ET",0.08496109396219254,0.014933321624994278,0.9001055955886841,0.07002777233719826,Tech,2020-Q1,38,80,0.31932773109243695
GOOGL,2020-Q1,"April 28, 2020, 4:30 p.m. ET",0.08496109396219254,0.014933321624994278,0.9001055955886841,0.07002777233719826,Tech,2020-Q1,38,80,0.31932773109243695
GOOGL,2020-Q1,"April 28, 2020, 4:30 p.m. ET",0.08496109396219254,0.014933321624994278,0.9001055955886841,0.07002777233719826,Tech,2020-Q1,38,80,0.31932773109243695
JPM,2021-Q3,"Oct 13, 2021, 8:30 a.m. ET",0.14879897236824036,0.016180867329239845,0.8350201845169067,0.1326181050390005,Finance,2021-Q3,45,81,0.3543307086614173
AMZN,2020-Q2,"Jul 30, 2020, 5:30 p.m. ET",0.09640108048915863,0.015877222642302513,0.8877217173576355,0.08052385784685612,Tech,2020-Q2,11,54,0.16666666666666666
AMZN,2020-Q2,"Jul 30, 2020, 5:30 p.m. ET",0.09640108048915863,0.015877222642302513,0.8877217173576355,0.08052385784685612,Tech,2020-Q2,11,54,0.16666666666666666
AMZN,2020-Q2,"Jul 30, 2020, 5:30 p.m. ET",0.09640108048915863,0.015877222642302513,0.8877217173576355,0.08052385784685612,Tech,2020-Q2,11,54,0.16666666666666666
AMZN,2020-Q2,"Jul 30, 2020, 5:30 p.m. ET",0.09640108048915863,0.015877222642302513,0.8877217173576355,0.08052385784685612,Tech,2020-Q2,11,54,0.16666666666666666
AMZN,2020-Q2,"Jul 30, 2020, 5:30 p.m. ET",0.09640108048915863,0.015877222642302513,0.8877217173576355,0.08052385784685612,Tech,2020-Q2,11,54,0.16666666666666666
AMZN,2020-Q2,"Jul 30, 2020, 5:30 p.m. ET",0.09640108048915863,0.015877222642302513,0.8877217173576355,0.08052385784685612,Tech,2020-Q2,11,54,0.16666666666666666
AMZN,2020-Q2,"Jul 30, 2020, 5:30 p.m. ET",0.09640108048915863,0.015877222642302513,0.8877217173576355,0.08052385784685612,Tech,2020-Q2,11,54,0.16666666666666666
AMZN,2020-Q2,"Jul 30, 2020, 5:30 p.m. ET",0.09640108048915863,0.015877222642302513,0.8877217173576355,0.08052385784685612,Tech,2020-Q2,11,54,0.16666666666666666
AMZN,2020-Q2,"Jul 30, 2020, 5:30 p.m. ET",0.09640108048915863,0.015877222642302513,0.8877217173576355,0.08052385784685612,Tech,2020-Q2,11,54,0.16666666666666666
AMZN,2020-Q2,"Jul 30, 2020, 5:30 p.m. ET",0.09640108048915863,0.015877222642302513,0.8877217173576355,0.08052385784685612,Tech,2020-Q2,11,54,0.16666666666666666
AMZN,2020-Q2,"Jul 30, 2020, 5:30 p.m. ET",0.09640108048915863,0.015877222642302513,0.8877217173576355,0.08052385784685612,Tech,2020-Q2,11,54,0.16666666666666666
AMZN,2020-Q2,"Jul 30, 2020, 5:30 p.m. ET",0.09640108048915863,0.015877222642302513,0.8877217173576355,0.08052385784685612,Tech,2020-Q2,11,54,0.16666666666666666
AMZN,2020-Q2,"Jul 30, 2020, 5:30 p.m. ET",0.09640108048915863,0.015877222642302513,0.8877217173576355,0.08052385784685612,Tech,2020-Q2,11,54,0.16666666666666666
AMZN,2020-Q2,"Jul 30, 2020, 5:30 p.m. ET",0.09640108048915863,0.015877222642302513,0.8877217173576355,0.08052385784685612,Tech,2020-Q2,11,54,0.16666666666666666
AMZN,2020-Q2,"Jul 30, 2020, 5:30 p.m. ET",0.09640108048915863,0.015877222642302513,0.8877217173576355,0.08052385784685612,Tech,2020-Q2,11,54,0.16666666666666666
AMZN,2020-Q2,"Jul 30, 2020, 5:30 p.m. ET",0.09640108048915863,0.015877222642302513,0.8877217173576355,0.08052385784685612,Tech,2020-Q2,11,54,0.16666666666666666
AMZN,2020-Q2,"Jul 30, 2020, 5:30 p.m. ET",0.09640108048915863,0.015877222642302513,0.8877217173576355,0.08052385784685612,Tech,2020-Q2,11,54,0.16666666666666666
AMZN,2020-Q2,"Jul 30, 2020, 5:30 p.m. ET",0.09640108048915863,0.015877222642302513,0.8877217173576355,0.08052385784685612,Tech,2020-Q2,11,54,0.16666666666666666
AMZN,2020-Q2,"Jul 30, 2020, 5:30 p.m. ET",0.09640108048915863,0.015877222642302513,0.8877217173576355,0.08052385784685612,Tech,2020-Q2,11,54,0.16666666666666666
AMZN,2020-Q2,"Jul 30, 2020, 5:30 p.m. ET",0.09640108048915863,0.015877222642302513,0.8877217173576355,0.08052385784685612,Tech,2020-Q2,11,54,0.16666666666666666
AMZN,2020-Q2,"Jul 30, 2020, 5:30 p.m. ET",0.09640108048915863,0.015877222642302513,0.8877217173576355,0.08052385784685612,Tech,2020-Q2,11,54,0.16666666666666666
AMZN,2020-Q2,"Jul 30, 2020, 5:30 p.m. ET",0.09640108048915863,0.015877222642302513,0.8877217173576355,0.08052385784685612,Tech,2020-Q2,11,54,0.16666666666666666
AMZN,2020-Q2,"Jul 30, 2020, 5:30 p.m. ET",0.09640108048915863,0.015877222642302513,0.8877217173576355,0.08052385784685612,Tech,2020-Q2,11,54,0.16666666666666666
AMZN,2020-Q2,"Jul 30, 2020, 5:30 p.m. ET",0.09640108048915863,0.015877222642302513,0.8877217173576355,0.08052385784685612,Tech,2020-Q2,11,54,0.16666666666666666
AMZN,2020-Q2,"Jul 30, 2020, 5:30 p.m. ET",0.09640108048915863,0.015877222642302513,0.8877217173576355,0.08052385784685612,Tech,2020-Q2,11,54,0.16666666666666666
AAPL,2020-Q2,"Apr 30, 2020, 5:00 p.m. ET",0.2375384420156479,0.012087523937225342,0.7503740191459656,0.22545091807842255,Tech,2020-Q2,33,61,0.3473684210526316
AAPL,2020-Q2,"Apr 30, 2020, 5:00 p.m. ET",0.2375384420156479,0.012087523937225342,0.7503740191459656,0.22545091807842255,Tech,2020-Q2,33,61,0.3473684210526316
AAPL,2020-Q2,"Apr 30, 2020, 5:00 p.m. ET",0.2375384420156479,0.012087523937225342,0.7503740191459656,0.22545091807842255,Tech,2020-Q2,33,61,0.3473684210526316
AAPL,2020-Q2,"Apr 30, 2020, 5:00 p.m. ET",0.2375384420156479,0.012087523937225342,0.7503740191459656,0.22545091807842255,Tech,2020-Q2,33,61,0.3473684210526316
AAPL,2020-Q2,"Apr 30, 2020, 5:00 p.m. ET",0.2375384420156479,0.012087523937225342,0.7503740191459656,0.22545091807842255,Tech,2020-Q2,33,61,0.3473684210526316
AAPL,2020-Q2,"Apr 30, 2020, 5:00 p.m. ET",0.2375384420156479,0.012087523937225342,0.7503740191459656,0.22545091807842255,Tech,2020-Q2,33,61,0.3473684210526316
AAPL,2020-Q2,"Apr 30, 2020, 5:00 p.m. ET",0.2375384420156479,0.012087523937225342,0.7503740191459656,0.22545091807842255,Tech,2020-Q2,33,61,0.3473684210526316
AAPL,2020-Q2,"Apr 30, 2020, 5:00 p.m. ET",0.2375384420156479,0.012087523937225342,0.7503740191459656,0.22545091807842255,Tech,2020-Q2,33,61,0.3473684210526316
AAPL,2020-Q2,"Apr 30, 2020, 5:00 p.m. ET",0.2375384420156479,0.012087523937225342,0.7503740191459656,0.22545091807842255,Tech,2020-Q2,33,61,0.3473684210526316
AAPL,2020-Q2,"Apr 30, 2020, 5:00 p.m. ET",0.2375384420156479,0.012087523937225342,0.7503740191459656,0.22545091807842255,Tech,2020-Q2,33,61,0.3473684210526316
AAPL,2020-Q2,"Apr 30, 2020, 5:00 p.m. ET",0.2375384420156479,0.012087523937225342,0.7503740191459656,0.22545091807842255,Tech,2020-Q2,33,61,0.3473684210526316
AAPL,2020-Q2,"Apr 30, 2020, 5:00 p.m. ET",0.2375384420156479,0.012087523937225342,0.7503740191459656,0.22545091807842255,Tech,2020-Q2,33,61,0.3473684210526316
AAPL,2020-Q2,"Apr 30, 2020, 5:00 p.m. ET",0.2375384420156479,0.012087523937225342,0.7503740191459656,0.22545091807842255,Tech,2020-Q2,33,61,0.3473684210526316
AAPL,2020-Q2,"Apr 30, 2020, 5:00 p.m. ET",0.2375384420156479,0.012087523937225342,0.7503740191459656,0.22545091807842255,Tech,2020-Q2,33,61,0.3473684210526316
AAPL,2020-Q2,"Apr 30, 2020, 5:00 p.m. ET",0.2375384420156479,0.012087523937225342,0.7503740191459656,0.22545091807842255,Tech,2020-Q2,33,61,0.3473684210526316
AAPL,2020-Q2,"Apr 30, 2020, 5:00 p.m. ET",0.2375384420156479,0.012087523937225342,0.7503740191459656,0.22545091807842255,Tech,2020-Q2,33,61,0.3473684210526316
AAPL,2020-Q2,"Apr 30, 2020, 5:00 p.m. ET",0.2375384420156479,0.012087523937225342,0.7503740191459656,0.22545091807842255,Tech,2020-Q2,33,61,0.3473684210526316
AAPL,2020-Q2,"Apr 30, 2020, 5:00 p.m. ET",0.2375384420156479,0.012087523937225342,0.7503740191459656,0.22545091807842255,Tech,2020-Q2,33,61,0.3473684210526316
AAPL,2020-Q2,"Apr 30, 2020, 5:00 p.m. ET",0.2375384420156479,0.012087523937225342,0.7503740191459656,0.22545091807842255,Tech,2020-Q2,33,61,0.3473684210526316
AAPL,2020-Q2,"Apr 30, 2020, 5:00 p.m. ET",0.2375384420156479,0.012087523937225342,0.7503740191459656,0.22545091807842255,Tech,2020-Q2,33,61,0.3473684210526316
AAPL,2020-Q2,"Apr 30, 2020, 5:00 p.m. ET",0.2375384420156479,0.012087523937225342,0.7503740191459656,0.22545091807842255,Tech,2020-Q2,33,61,0.3473684210526316
AAPL,2020-Q2,"Apr 30, 2020, 5:00 p.m. ET",0.2375384420156479,0.012087523937225342,0.7503740191459656,0.22545091807842255,Tech,2020-Q2,33,61,0.3473684210526316
AAPL,2020-Q2,"Apr 30, 2020, 5:00 p.m. ET",0.2375384420156479,0.012087523937225342,0.7503740191459656,0.22545091807842255,Tech,2020-Q2,33,61,0.3473684210526316
AAPL,2020-Q2,"Apr 30, 2020, 5:00 p.m. ET",0.2375384420156479,0.012087523937225342,0.7503740191459656,0.22545091807842255,Tech,2020-Q2,33,61,0.3473684210526316
AAPL,2020-Q2,"Apr 30, 2020, 5:00 p.m. ET",0.2375384420156479,0.012087523937225342,0.7503740191459656,0.22545091807842255,Tech,2020-Q2,33,61,0.3473684210526316
META,2021-Q3,"Oct 25, 2021, 5:00 p.m. ET",0.048456642776727676,0.022102097049355507,0.9294412732124329,0.02635454572737217,Tech,2021-Q3,43,53,0.44329896907216493
ABT,2020-Q4,"Jan 27, 2021, 9:00 a.m. ET",0.2546195387840271,0.013794437982141972,0.7315860390663147,0.24082510080188513,Healthcare,2020-Q4,8,110,0.06722689075630252
DIS,2020-Q3,"Aug 04, 2020, 4:30 p.m. ET",0.028005406260490417,0.08130818605422974,0.8906863927841187,-0.05330277979373932,Media,2020-Q3,32,44,0.4155844155844156
DIS,2020-Q3,"Aug 04, 2020, 4:30 p.m. ET",0.028005406260490417,0.08130818605422974,0.8906863927841187,-0.05330277979373932,Media,2020-Q3,32,44,0.4155844155844156
DIS,2020-Q3,"Aug 04, 2020, 4:30 p.m. ET",0.028005406260490417,0.08130818605422974,0.8906863927841187,-0.05330277979373932,Media,2020-Q3,32,44,0.4155844155844156
DIS,2020-Q3,"Aug 04, 2020, 4:30 p.m. ET",0.028005406260490417,0.08130818605422974,0.8906863927841187,-0.05330277979373932,Media,2020-Q3,32,44,0.4155844155844156
DIS,2020-Q3,"Aug 04, 2020, 4:30 p.m. ET",0.028005406260490417,0.08130818605422974,0.8906863927841187,-0.05330277979373932,Media,2020-Q3,32,44,0.4155844155844156
DIS,2020-Q3,"Aug 04, 2020, 4:30 p.m. ET",0.028005406260490417,0.08130818605422974,0.8906863927841187,-0.05330277979373932,Media,2020-Q3,32,44,0.4155844155844156
DIS,2020-Q3,"Aug 04, 2020, 4:30 p.m. ET",0.028005406260490417,0.08130818605422974,0.8906863927841187,-0.05330277979373932,Media,2020-Q3,32,44,0.4155844155844156
DIS,2020-Q3,"Aug 04, 2020, 4:30 p.m. ET",0.028005406260490417,0.08130818605422974,0.8906863927841187,-0.05330277979373932,Media,2020-Q3,32,44,0.4155844155844156
DIS,2020-Q3,"Aug 04, 2020, 4:30 p.m. ET",0.028005406260490417,0.08130818605422974,0.8906863927841187,-0.05330277979373932,Media,2020-Q3,32,44,0.4155844155844156
DIS,2020-Q3,"Aug 04, 2020, 4:30 p.m. ET",0.028005406260490417,0.08130818605422974,0.8906863927841187,-0.05330277979373932,Media,2020-Q3,32,44,0.4155844155844156
DIS,2020-Q3,"Aug 04, 2020, 4:30 p.m. ET",0.028005406260490417,0.08130818605422974,0.8906863927841187,-0.05330277979373932,Media,2020-Q3,32,44,0.4155844155844156
DIS,2020-Q3,"Aug 04, 2020, 4:30 p.m. ET",0.028005406260490417,0.08130818605422974,0.8906863927841187,-0.05330277979373932,Media,2020-Q3,32,44,0.4155844155844156
DIS,2020-Q3,"Aug 04, 2020, 4:30 p.m. ET",0.028005406260490417,0.08130818605422974,0.8906863927841187,-0.05330277979373932,Media,2020-Q3,32,44,0.4155844155844156
DIS,2020-Q3,"Aug 04, 2020, 4:30 p.m. ET",0.028005406260490417,0.08130818605422974,0.8906863927841187,-0.05330277979373932,Media,2020-Q3,32,44,0.4155844155844156
DIS,2020-Q3,"Aug 04, 2020, 4:30 p.m. ET",0.028005406260490417,0.08130818605422974,0.8906863927841187,-0.05330277979373932,Media,2020-Q3,32,44,0.4155844155844156
DIS,2020-Q3,"Aug 04, 2020, 4:30 p.m. ET",0.028005406260490417,0.08130818605422974,0.8906863927841187,-0.05330277979373932,Media,2020-Q3,32,44,0.4155844155844156
DIS,2020-Q3,"Aug 04, 2020, 4:30 p.m. ET",0.028005406260490417,0.08130818605422974,0.8906863927841187,-0.05330277979373932,Media,2020-Q3,32,44,0.4155844155844156
DIS,2020-Q3,"Aug 04, 2020, 4:30 p.m. ET",0.028005406260490417,0.08130818605422974,0.8906863927841187,-0.05330277979373932,Media,2020-Q3,32,44,0.4155844155844156
DIS,2020-Q3,"Aug 04, 2020, 4:30 p.m. ET",0.028005406260490417,0.08130818605422974,0.8906863927841187,-0.05330277979373932,Media,2020-Q3,32,44,0.4155844155844156
DIS,2020-Q3,"Aug 04, 2020, 4:30 p.m. ET",0.028005406260490417,0.08130818605422974,0.8906863927841187,-0.05330277979373932,Media,2020-Q3,32,44,0.4155844155844156
DIS,2020-Q3,"Aug 04, 2020, 4:30 p.m. ET",0.028005406260490417,0.08130818605422974,0.8906863927841187,-0.05330277979373932,Media,2020-Q3,32,44,0.4155844155844156
DIS,2020-Q3,"Aug 04, 2020, 4:30 p.m. ET",0.028005406260490417,0.08130818605422974,0.8906863927841187,-0.05330277979373932,Media,2020-Q3,32,44,0.4155844155844156
DIS,2020-Q3,"Aug 04, 2020, 4:30 p.m. ET",0.028005406260490417,0.08130818605422974,0.8906863927841187,-0.05330277979373932,Media,2020-Q3,32,44,0.4155844155844156
DIS,2020-Q3,"Aug 04, 2020, 4:30 p.m. ET",0.028005406260490417,0.08130818605422974,0.8906863927841187,-0.05330277979373932,Media,2020-Q3,32,44,0.4155844155844156
DIS,2020-Q3,"Aug 04, 2020, 4:30 p.m. ET",0.028005406260490417,0.08130818605422974,0.8906863927841187,-0.05330277979373932,Media,2020-Q3,32,44,0.4155844155844156
JPM,2021-Q2,"Jul 13, 2021, 8:30 a.m. ET",0.06408970057964325,0.031668998301029205,0.9042413234710693,0.032420702278614044,Finance,2021-Q2,64,87,0.42105263157894735
TSLA,2020-Q2,"Jul 22, 2020, 6:00 p.m. ET",0.085098035633564,0.018818067386746407,0.8960838913917542,0.06627996824681759,Auto,2020-Q2,14,32,0.2978723404255319
TSLA,2020-Q2,"Jul 22, 2020, 6:00 p.m. ET",0.085098035633564,0.018818067386746407,0.8960838913917542,0.06627996824681759,Auto,2020-Q2,14,32,0.2978723404255319
TSLA,2020-Q2,"Jul 22, 2020, 6:00 p.m. ET",0.085098035633564,0.018818067386746407,0.8960838913917542,0.06627996824681759,Auto,2020-Q2,14,32,0.2978723404255319
TSLA,2020-Q2,"Jul 22, 2020, 6:00 p.m. ET",0.085098035633564,0.018818067386746407,0.8960838913917542,0.06627996824681759,Auto,2020-Q2,14,32,0.2978723404255319
TSLA,2020-Q2,"Jul 22, 2020, 6:00 p.m. ET",0.085098035633564,0.018818067386746407,0.8960838913917542,0.06627996824681759,Auto,2020-Q2,14,32,0.2978723404255319
TSLA,2020-Q2,"Jul 22, 2020, 6:00 p.m. ET",0.085098035633564,0.018818067386746407,0.8960838913917542,0.06627996824681759,Auto,2020-Q2,14,32,0.2978723404255319
TSLA,2020-Q2,"Jul 22, 2020, 6:00 p.m. ET",0.085098035633564,0.018818067386746407,0.8960838913917542,0.06627996824681759,Auto,2020-Q2,14,32,0.2978723404255319
TSLA,2020-Q2,"Jul 22, 2020, 6:00 p.m. ET",0.085098035633564,0.018818067386746407,0.8960838913917542,0.06627996824681759,Auto,2020-Q2,14,32,0.2978723404255319
TSLA,2020-Q2,"Jul 22, 2020, 6:00 p.m. ET",0.085098035633564,0.018818067386746407,0.8960838913917542,0.06627996824681759,Auto,2020-Q2,14,32,0.2978723404255319
TSLA,2020-Q2,"Jul 22, 2020, 6:00 p.m. ET",0.085098035633564,0.018818067386746407,0.8960838913917542,0.06627996824681759,Auto,2020-Q2,14,32,0.2978723404255319
TSLA,2020-Q2,"Jul 22, 2020, 6:00 p.m. ET",0.085098035633564,0.018818067386746407,0.8960838913917542,0.06627996824681759,Auto,2020-Q2,14,32,0.2978723404255319
TSLA,2020-Q2,"Jul 22, 2020, 6:00 p.m. ET",0.085098035633564,0.018818067386746407,0.8960838913917542,0.06627996824681759,Auto,2020-Q2,14,32,0.2978723404255319
TSLA,2020-Q2,"Jul 22, 2020, 6:00 p.m. ET",0.085098035633564,0.018818067386746407,0.8960838913917542,0.06627996824681759,Auto,2020-Q2,14,32,0.2978723404255319
TSLA,2020-Q2,"Jul 22, 2020, 6:00 p.m. ET",0.085098035633564,0.018818067386746407,0.8960838913917542,0.06627996824681759,Auto,2020-Q2,14,32,0.2978723404255319
TSLA,2020-Q2,"Jul 22, 2020, 6:00 p.m. ET",0.085098035633564,0.018818067386746407,0.8960838913917542,0.06627996824681759,Auto,2020-Q2,14,32,0.2978723404255319
TSLA,2020-Q2,"Jul 22, 2020, 6:00 p.m. ET",0.085098035633564,0.018818067386746407,0.8960838913917542,0.06627996824681759,Auto,2020-Q2,14,32,0.2978723404255319
TSLA,2020-Q2,"Jul 22, 2020, 6:00 p.m. ET",0.085098035633564,0.018818067386746407,0.8960838913917542,0.06627996824681759,Auto,2020-Q2,14,32,0.2978723404255319
TSLA,2020-Q2,"Jul 22, 2020, 6:00 p.m. ET",0.085098035633564,0.018818067386746407,0.8960838913917542,0.06627996824681759,Auto,2020-Q2,14,32,0.2978723404255319
TSLA,2020-Q2,"Jul 22, 2020, 6:00 p.m. ET",0.085098035633564,0.018818067386746407,0.8960838913917542,0.06627996824681759,Auto,2020-Q2,14,32,0.2978723404255319
TSLA,2020-Q2,"Jul 22, 2020, 6:00 p.m. ET",0.085098035633564,0.018818067386746407,0.8960838913917542,0.06627996824681759,Auto,2020-Q2,14,32,0.2978723404255319
TSLA,2020-Q2,"Jul 22, 2020, 6:00 p.m. ET",0.085098035633564,0.018818067386746407,0.8960838913917542,0.06627996824681759,Auto,2020-Q2,14,32,0.2978723404255319
TSLA,2020-Q2,"Jul 22, 2020, 6:00 p.m. ET",0.085098035633564,0.018818067386746407,0.8960838913917542,0.06627996824681759,Auto,2020-Q2,14,32,0.2978723404255319
TSLA,2020-Q2,"Jul 22, 2020, 6:00 p.m. ET",0.085098035633564,0.018818067386746407,0.8960838913917542,0.06627996824681759,Auto,2020-Q2,14,32,0.2978723404255319
TSLA,2020-Q2,"Jul 22, 2020, 6:00 p.m. ET",0.085098035633564,0.018818067386746407,0.8960838913917542,0.06627996824681759,Auto,2020-Q2,14,32,0.2978723404255319
TSLA,2020-Q2,"Jul 22, 2020, 6:00 p.m. ET",0.085098035633564,0.018818067386746407,0.8960838913917542,0.06627996824681759,Auto,2020-Q2,14,32,0.2978723404255319
TSLA,2020-Q2,"Jul 22, 2020, 6:00 p.m. ET",0.085098035633564,0.018818067386746407,0.8960838913917542,0.06627996824681759,Auto,2020-Q2,14,32,0.2978723404255319
TSLA,2020-Q2,"Jul 22, 2020, 6:00 p.m. ET",0.085098035633564,0.018818067386746407,0.8960838913917542,0.06627996824681759,Auto,2020-Q2,14,32,0.2978723404255319
TSLA,2020-Q2,"Jul 22, 2020, 6:00 p.m. ET",0.085098035633564,0.018818067386746407,0.8960838913917542,0.06627996824681759,Auto,2020-Q2,14,32,0.2978723404255319
TSLA,2020-Q2,"Jul 22, 2020, 6:00 p.m. ET",0.085098035633564,0.018818067386746407,0.8960838913917542,0.06627996824681759,Auto,2020-Q2,14,32,0.2978723404255319
TSLA,2020-Q2,"Jul 22, 2020, 6:00 p.m. ET",0.085098035633564,0.018818067386746407,0.8960838913917542,0.06627996824681759,Auto,2020-Q2,14,32,0.2978723404255319
TSLA,2020-Q2,"Jul 22, 2020, 6:00 p.m. ET",0.085098035633564,0.018818067386746407,0.8960838913917542,0.06627996824681759,Auto,2020-Q2,14,32,0.2978723404255319
TSLA,2020-Q2,"Jul 22, 2020, 6:00 p.m. ET",0.085098035633564,0.018818067386746407,0.8960838913917542,0.06627996824681759,Auto,2020-Q2,14,32,0.2978723404255319
GOOGL,2020-Q4,"Feb 2, 2021, 5:00 p.m. ET",0.16166003048419952,0.011462821625173092,0.8268771767616272,0.15019720885902643,Tech,2020-Q4,19,75,0.2
GOOGL,2020-Q4,"Feb 2, 2021, 5:00 p.m. ET",0.16166003048419952,0.011462821625173092,0.8268771767616272,0.15019720885902643,Tech,2020-Q4,19,75,0.2
GOOGL,2020-Q4,"Feb 2, 2021, 5:00 p.m. ET",0.16166003048419952,0.011462821625173092,0.8268771767616272,0.15019720885902643,Tech,2020-Q4,19,75,0.2
GOOGL,2020-Q4,"Feb 2, 2021, 5:00 p.m. ET",0.16166003048419952,0.011462821625173092,0.8268771767616272,0.15019720885902643,Tech,2020-Q4,19,75,0.2
GOOGL,2020-Q4,"Feb 2, 2021, 5:00 p.m. ET",0.16166003048419952,0.011462821625173092,0.8268771767616272,0.15019720885902643,Tech,2020-Q4,19,75,0.2
GOOGL,2020-Q4,"Feb 2, 2021, 5:00 p.m. ET",0.16166003048419952,0.011462821625173092,0.8268771767616272,0.15019720885902643,Tech,2020-Q4,19,75,0.2
GOOGL,2020-Q4,"Feb 2, 2021, 5:00 p.m. ET",0.16166003048419952,0.011462821625173092,0.8268771767616272,0.15019720885902643,Tech,2020-Q4,19,75,0.2
GOOGL,2020-Q4,"Feb 2, 2021, 5:00 p.m. ET",0.16166003048419952,0.011462821625173092,0.8268771767616272,0.15019720885902643,Tech,2020-Q4,19,75,0.2
GOOGL,2020-Q4,"Feb 2, 2021, 5:00 p.m. ET",0.16166003048419952,0.011462821625173092,0.8268771767616272,0.15019720885902643,Tech,2020-Q4,19,75,0.2
GOOGL,2020-Q4,"Feb 2, 2021, 5:00 p.m. ET",0.16166003048419952,0.011462821625173092,0.8268771767616272,0.15019720885902643,Tech,2020-Q4,19,75,0.2
AAPL,2020-Q2,"Apr 30, 2020, 5:00 p.m. ET",0.2375384420156479,0.012087523937225342,0.7503740191459656,0.22545091807842255,Tech,2020-Q2,33,61,0.3473684210526316
AAPL,2020-Q2,"Apr 30, 2020, 5:00 p.m. ET",0.2375384420156479,0.012087523937225342,0.7503740191459656,0.22545091807842255,Tech,2020-Q2,33,61,0.3473684210526316
AAPL,2020-Q2,"Apr 30, 2020, 5:00 p.m. ET",0.2375384420156479,0.012087523937225342,0.7503740191459656,0.22545091807842255,Tech,2020-Q2,33,61,0.3473684210526316
AAPL,2020-Q2,"Apr 30, 2020, 5:00 p.m. ET",0.2375384420156479,0.012087523937225342,0.7503740191459656,0.22545091807842255,Tech,2020-Q2,33,61,0.3473684210526316
AAPL,2020-Q2,"Apr 30, 2020, 5:00 p.m. ET",0.2375384420156479,0.012087523937225342,0.7503740191459656,0.22545091807842255,Tech,2020-Q2,33,61,0.3473684210526316
AAPL,2020-Q2,"Apr 30, 2020, 5:00 p.m. ET",0.2375384420156479,0.012087523937225342,0.7503740191459656,0.22545091807842255,Tech,2020-Q2,33,61,0.3473684210526316
AAPL,2020-Q2,"Apr 30, 2020, 5:00 p.m. ET",0.2375384420156479,0.012087523937225342,0.7503740191459656,0.22545091807842255,Tech,2020-Q2,33,61,0.3473684210526316
AAPL,2020-Q2,"Apr 30, 2020, 5:00 p.m. ET",0.2375384420156479,0.012087523937225342,0.7503740191459656,0.22545091807842255,Tech,2020-Q2,33,61,0.3473684210526316
AAPL,2020-Q2,"Apr 30, 2020, 5:00 p.m. ET",0.2375384420156479,0.012087523937225342,0.7503740191459656,0.22545091807842255,Tech,2020-Q2,33,61,0.3473684210526316
AAPL,2020-Q2,"Apr 30, 2020, 5:00 p.m. ET",0.2375384420156479,0.012087523937225342,0.7503740191459656,0.22545091807842255,Tech,2020-Q2,33,61,0.3473684210526316
AAPL,2020-Q2,"Apr 30, 2020, 5:00 p.m. ET",0.2375384420156479,0.012087523937225342,0.7503740191459656,0.22545091807842255,Tech,2020-Q2,33,61,0.3473684210526316
AAPL,2020-Q2,"Apr 30, 2020, 5:00 p.m. ET",0.2375384420156479,0.012087523937225342,0.7503740191459656,0.22545091807842255,Tech,2020-Q2,33,61,0.3473684210526316
AAPL,2020-Q2,"Apr 30, 2020, 5:00 p.m. ET",0.2375384420156479,0.012087523937225342,0.7503740191459656,0.22545091807842255,Tech,2020-Q2,33,61,0.3473684210526316
AAPL,2020-Q2,"Apr 30, 2020, 5:00 p.m. ET",0.2375384420156479,0.012087523937225342,0.7503740191459656,0.22545091807842255,Tech,2020-Q2,33,61,0.3473684210526316
AAPL,2020-Q2,"Apr 30, 2020, 5:00 p.m. ET",0.2375384420156479,0.012087523937225342,0.7503740191459656,0.22545091807842255,Tech,2020-Q2,33,61,0.3473684210526316
AAPL,2020-Q2,"Apr 30, 2020, 5:00 p.m. ET",0.2375384420156479,0.012087523937225342,0.7503740191459656,0.22545091807842255,Tech,2020-Q2,33,61,0.3473684210526316
AAPL,2020-Q2,"Apr 30, 2020, 5:00 p.m. ET",0.2375384420156479,0.012087523937225342,0.7503740191459656,0.22545091807842255,Tech,2020-Q2,33,61,0.3473684210526316
AAPL,2020-Q2,"Apr 30, 2020, 5:00 p.m. ET",0.2375384420156479,0.012087523937225342,0.7503740191459656,0.22545091807842255,Tech,2020-Q2,33,61,0.3473684210526316
AAPL,2020-Q2,"Apr 30, 2020, 5:00 p.m. ET",0.2375384420156479,0.012087523937225342,0.7503740191459656,0.22545091807842255,Tech,2020-Q2,33,61,0.3473684210526316
AAPL,2020-Q2,"Apr 30, 2020, 5:00 p.m. ET",0.2375384420156479,0.012087523937225342,0.7503740191459656,0.22545091807842255,Tech,2020-Q2,33,61,0.3473684210526316
AAPL,2020-Q2,"Apr 30, 2020, 5:00 p.m. ET",0.2375384420156479,0.012087523937225342,0.7503740191459656,0.22545091807842255,Tech,2020-Q2,33,61,0.3473684210526316
AAPL,2020-Q2,"Apr 30, 2020, 5:00 p.m. ET",0.2375384420156479,0.012087523937225342,0.7503740191459656,0.22545091807842255,Tech,2020-Q2,33,61,0.3473684210526316
AAPL,2020-Q2,"Apr 30, 2020, 5:00 p.m. ET",0.2375384420156479,0.012087523937225342,0.7503740191459656,0.22545091807842255,Tech,2020-Q2,33,61,0.3473684210526316
AAPL,2020-Q2,"Apr 30, 2020, 5:00 p.m. ET",0.2375384420156479,0.012087523937225342,0.7503740191459656,0.22545091807842255,Tech,2020-Q2,33,61,0.3473684210526316
AAPL,2020-Q2,"Apr 30, 2020, 5:00 p.m. ET",0.2375384420156479,0.012087523937225342,0.7503740191459656,0.22545091807842255,Tech,2020-Q2,33,61,0.3473684210526316
ABT,2022-Q1,"Apr 20, 2022, 9:00 a.m. ET",0.8449667096138,0.011727659963071346,0.14330564439296722,0.8332390496507287,Healthcare,2022-Q1,40,112,0.26143790849673204
AAPL,2020-Q3,"Jul 30, 2020, 5:00 p.m. ET",0.23028139770030975,0.009190441109240055,0.7605281472206116,0.2210909565910697,Tech,2020-Q3,17,88,0.16037735849056603
AAPL,2020-Q3,"Jul 30, 2020, 5:00 p.m. ET",0.23028139770030975,0.009190441109240055,0.7605281472206116,0.2210909565910697,Tech,2020-Q3,17,88,0.16037735849056603
AAPL,2020-Q3,"Jul 30, 2020, 5:00 p.m. ET",0.23028139770030975,0.009190441109240055,0.7605281472206116,0.2210909565910697,Tech,2020-Q3,17,88,0.16037735849056603
AAPL,2020-Q3,"Jul 30, 2020, 5:00 p.m. ET",0.23028139770030975,0.009190441109240055,0.7605281472206116,0.2210909565910697,Tech,2020-Q3,17,88,0.16037735849056603
AAPL,2020-Q3,"Jul 30, 2020, 5:00 p.m. ET",0.23028139770030975,0.009190441109240055,0.7605281472206116,0.2210909565910697,Tech,2020-Q3,17,88,0.16037735849056603
GOOGL,2020-Q1,"April 28, 2020, 4:30 p.m. ET",0.08496109396219254,0.014933321624994278,0.9001055955886841,0.07002777233719826,Tech,2020-Q1,38,80,0.31932773109243695
GOOGL,2020-Q1,"April 28, 2020, 4:30 p.m. ET",0.08496109396219254,0.014933321624994278,0.9001055955886841,0.07002777233719826,Tech,2020-Q1,38,80,0.31932773109243695
GOOGL,2020-Q1,"April 28, 2020, 4:30 p.m. ET",0.08496109396219254,0.014933321624994278,0.9001055955886841,0.07002777233719826,Tech,2020-Q1,38,80,0.31932773109243695
GOOGL,2020-Q1,"April 28, 2020, 4:30 p.m. ET",0.08496109396219254,0.014933321624994278,0.9001055955886841,0.07002777233719826,Tech,2020-Q1,38,80,0.31932773109243695
GOOGL,2020-Q1,"April 28, 2020, 4:30 p.m. ET",0.08496109396219254,0.014933321624994278,0.9001055955886841,0.07002777233719826,Tech,2020-Q1,38,80,0.31932773109243695
GOOGL,2020-Q1,"April 28, 2020, 4:30 p.m. ET",0.08496109396219254,0.014933321624994278,0.9001055955886841,0.07002777233719826,Tech,2020-Q1,38,80,0.31932773109243695
GOOGL,2020-Q1,"April 28, 2020, 4:30 p.m. ET",0.08496109396219254,0.014933321624994278,0.9001055955886841,0.07002777233719826,Tech,2020-Q1,38,80,0.31932773109243695
GOOGL,2020-Q1,"April 28, 2020, 4:30 p.m. ET",0.08496109396219254,0.014933321624994278,0.9001055955886841,0.07002777233719826,Tech,2020-Q1,38,80,0.31932773109243695
GOOGL,2020-Q1,"April 28, 2020, 4:30 p.m. ET",0.08496109396219254,0.014933321624994278,0.9001055955886841,0.07002777233719826,Tech,2020-Q1,38,80,0.31932773109243695
GOOGL,2020-Q1,"April 28, 2020, 4:30 p.m. ET",0.08496109396219254,0.014933321624994278,0.9001055955886841,0.07002777233719826,Tech,2020-Q1,38,80,0.31932773109243695
GOOGL,2020-Q1,"April 28, 2020, 4:30 p.m. ET",0.08496109396219254,0.014933321624994278,0.9001055955886841,0.07002777233719826,Tech,2020-Q1,38,80,0.31932773109243695
GOOGL,2020-Q1,"April 28, 2020, 4:30 p.m. ET",0.08496109396219254,0.014933321624994278,0.9001055955886841,0.07002777233719826,Tech,2020-Q1,38,80,0.31932773109243695
GOOGL,2020-Q1,"April 28, 2020, 4:30 p.m. ET",0.08496109396219254,0.014933321624994278,0.9001055955886841,0.07002777233719826,Tech,2020-Q1,38,80,0.31932773109243695
GOOGL,2020-Q1,"April 28, 2020, 4:30 p.m. ET",0.08496109396219254,0.014933321624994278,0.9001055955886841,0.07002777233719826,Tech,2020-Q1,38,80,0.31932773109243695
GOOGL,2020-Q1,"April 28, 2020, 4:30 p.m. ET",0.08496109396219254,0.014933321624994278,0.9001055955886841,0.07002777233719826,Tech,2020-Q1,38,80,0.31932773109243695
META,2019-Q2,"Jul 24, 2019, 5:00 p.m. ET",0.06570617109537125,0.01731485314667225,0.9169789552688599,0.048391317948699,Tech,2019-Q2,14,77,0.15217391304347827
MRNA,2021-Q1,"May 06, 2021, 8:00 a.m. ET",0.14075466990470886,0.011109570972621441,0.848135769367218,0.12964509893208742,Healthcare,2021-Q1,35,25,0.5737704918032787
MRNA,2021-Q1,"May 06, 2021, 8:00 a.m. ET",0.14075466990470886,0.011109570972621441,0.848135769367218,0.12964509893208742,Healthcare,2021-Q1,35,25,0.5737704918032787
MRNA,2021-Q1,"May 06, 2021, 8:00 a.m. ET",0.14075466990470886,0.011109570972621441,0.848135769367218,0.12964509893208742,Healthcare,2021-Q1,35,25,0.5737704918032787
MRNA,2021-Q1,"May 06, 2021, 8:00 a.m. ET",0.14075466990470886,0.011109570972621441,0.848135769367218,0.12964509893208742,Healthcare,2021-Q1,35,25,0.5737704918032787
MRNA,2021-Q1,"May 06, 2021, 8:00 a.m. ET",0.14075466990470886,0.011109570972621441,0.848135769367218,0.12964509893208742,Healthcare,2021-Q1,35,25,0.5737704918032787
MRNA,2021-Q1,"May 06, 2021, 8:00 a.m. ET",0.14075466990470886,0.011109570972621441,0.848135769367218,0.12964509893208742,Healthcare,2021-Q1,35,25,0.5737704918032787
MRNA,2021-Q1,"May 06, 2021, 8:00 a.m. ET",0.14075466990470886,0.011109570972621441,0.848135769367218,0.12964509893208742,Healthcare,2021-Q1,35,25,0.5737704918032787
MRNA,2021-Q1,"May 06, 2021, 8:00 a.m. ET",0.14075466990470886,0.011109570972621441,0.848135769367218,0.12964509893208742,Healthcare,2021-Q1,35,25,0.5737704918032787
WMT,2020-Q4,"Feb 18, 2021, 8:00 a.m. ET",0.7690935730934143,0.011415486223995686,0.21949100494384766,0.7576780868694186,Retail,2020-Q4,48,284,0.14414414414414414
WMT,2020-Q4,"Feb 18, 2021, 8:00 a.m. ET",0.7690935730934143,0.011415486223995686,0.21949100494384766,0.7576780868694186,Retail,2020-Q4,48,284,0.14414414414414414
DIS,2023-Q1,"Feb 08, 2023, 4:30 p.m. ET",0.21854761242866516,0.011385079473257065,0.7700672745704651,0.2071625329554081,Media,2023-Q1,31,40,0.4305555555555556
DIS,2023-Q1,"Feb 08, 2023, 4:30 p.m. ET",0.21854761242866516,0.011385079473257065,0.7700672745704651,0.2071625329554081,Media,2023-Q1,31,40,0.4305555555555556
DIS,2023-Q1,"Feb 08, 2023, 4:30 p.m. ET",0.21854761242866516,0.011385079473257065,0.7700672745704651,0.2071625329554081,Media,2023-Q1,31,40,0.4305555555555556
NVDA,2019-Q3,"Nov 14, 2019, 5:30 p.m. ET",0.14249876141548157,0.013976720161736012,0.8435244560241699,0.12852204125374556,Tech,2019-Q3,13,64,0.16666666666666666
NVDA,2019-Q3,"Nov 14, 2019, 5:30 p.m. ET",0.14249876141548157,0.013976720161736012,0.8435244560241699,0.12852204125374556,Tech,2019-Q3,18,80,0.18181818181818182
MCD,2018-Q3,"[""McDonald's Corp\xa0 (MCD 1.57%)Q3\xa02018 "", 'Oct. 23, 2018, 10:00 a.m. ET']",0.07104457169771194,0.02200889214873314,0.9069465398788452,0.049035679548978806,Consumer,2018-Q3,32,94,0.25196850393700787
NVDA,2020-Q2,"Aug 15, 2019, 5:30 p.m. ET",0.11272824555635452,0.014410758391022682,0.8728610277175903,0.09831748716533184,Tech,2020-Q2,10,70,0.12345679012345678
MCD,2018-Q2,"[""McDonald's Corporation (MCD 1.57%)Q2 2018 "", 'July 26, 2018, 11:00 a.m. ET']",0.02895352803170681,0.024310652166604996,0.9467358589172363,0.004642875865101814,Consumer,2018-Q2,29,73,0.2815533980582524
ABT,2019-Q2,"Jul 17, 2019, 9:00 a.m. ET",0.08450481295585632,0.02106606774032116,0.894429087638855,0.06343874521553516,Healthcare,2019-Q2,13,139,0.08496732026143791
PEP,2019-Q4,"Feb 13, 2020, 7:45 a.m. ET",0.18563830852508545,0.009911593049764633,0.8044500946998596,0.17572671547532082,Consumer,2019-Q4,21,178,0.105
META,2020-Q1,"Apr 29, 2020, 5:00 p.m. ET",0.048983391374349594,0.022132672369480133,0.928883969783783,0.02685071900486946,Tech,2020-Q1,42,38,0.5185185185185185
MCD,2018-Q4,"[""McDonald's Corp\xa0 (MCD 1.57%)Q4\xa02018 "", 'Jan. 30, 2019, 11:00 a.m. ET']",0.09109960496425629,0.01462723221629858,0.8942731618881226,0.0764723727479577,Consumer,2018-Q4,35,91,0.2755905511811024
PEP,2021-Q2,"Jul 13, 2021, 8:15 a.m. ET",0.11292741447687149,0.01231337245553732,0.8747591376304626,0.10061404202133417,Consumer,2021-Q2,20,59,0.25
BLK,2022-Q3,"Oct 13, 2022, 8:30 a.m. ET",0.6050488948822021,0.01135834027081728,0.38359275460243225,0.5936905546113849,Finance,2022-Q3,48,76,0.384
AMZN,2021-Q3,"Oct 28, 2021, 5:30 p.m. ET",0.5510674118995667,0.01715220883488655,0.4317803680896759,0.5339152030646801,Tech,2021-Q3,19,52,0.2638888888888889
WFC,2022-Q1,"Apr 14, 2022, 10:00 a.m. ET",0.06045197695493698,0.06460481137037277,0.874943196773529,-0.004152834415435791,Finance,2022-Q1,97,56,0.6298701298701299
PFE,2021-Q3,"Nov 02, 2021, 10:00 a.m. ET",0.11196134984493256,0.05319642275571823,0.8348422050476074,0.058764927089214325,Healthcare,2021-Q3,52,95,0.35135135135135137
WFC,2021-Q3,"Oct 14, 2021, 11:30 a.m. ET",0.03400163725018501,0.8594288229942322,0.10656953603029251,-0.8254271857440472,Finance,2021-Q3,77,61,0.5539568345323741
BAC,2022-Q3,"Oct 17, 2022, 8:30 a.m. ET",0.08264762908220291,0.020134160295128822,0.8972182273864746,0.06251346878707409,Finance,2022-Q3,72,109,0.3956043956043956
DIS,2022-Q4,"Nov 08, 2022, 4:30 p.m. ET",0.07345585525035858,0.01939222775399685,0.9071519374847412,0.05406362749636173,Media,2022-Q4,33,63,0.3402061855670103
AAPL,2021-Q3,"Jul 27, 2021, 5:00 p.m. ET",0.07229343801736832,0.01644596830010414,0.9112606644630432,0.055847469717264175,Tech,2021-Q3,22,103,0.1746031746031746
CVX,2022-Q2,"Jul 29, 2022, 11:00 a.m. ET",0.19877935945987701,0.011782837100327015,0.7894378304481506,0.18699652235955,Energy,2022-Q2,38,32,0.5352112676056338
JNJ,2022-Q2,"Jul 19, 2022, 8:30 a.m. ET",0.22130967676639557,0.009605947881937027,0.7690843939781189,0.21170372888445854,Healthcare,2022-Q2,58,138,0.29441624365482233
DIS,2021-Q3,"Aug 12, 2021, 4:30 p.m. ET",0.03682056441903114,0.12540516257286072,0.8377742767333984,-0.08858459815382957,Media,2021-Q3,13,50,0.203125
TGT,2022-Q1,"May 18, 2022, 8:00 a.m. ET",0.10237644612789154,0.04057295620441437,0.8570505976676941,0.06180348992347717,Retail,2022-Q1,94,93,0.5
KO,2022-Q1,"Apr 25, 2022, 8:30 a.m. ET",0.1645321398973465,0.022044241428375244,0.8134235739707947,0.14248789846897125,Consumer,2022-Q1,78,96,0.44571428571428573
META,2022-Q1,"Apr 27, 2022, 5:00 p.m. ET",0.04789767041802406,0.021896477788686752,0.9302058815956116,0.02600119262933731,Tech,2022-Q1,63,68,0.4772727272727273
META,2022-Q1,"Apr 27, 2022, 5:00 p.m. ET",0.04789767041802406,0.021896477788686752,0.9302058815956116,0.02600119262933731,Tech,2022-Q1,63,68,0.4772727272727273
AAPL,2022-Q1,"Jan 27, 2022, 5:00 p.m. ET",0.8198534846305847,0.013260483741760254,0.1668860763311386,0.8065930008888245,Tech,2022-Q1,19,93,0.168141592920354
GM,2022-Q1,"Apr 26, 2022, 5:00 p.m. ET",0.17059656977653503,0.013062880374491215,0.8163405656814575,0.15753368940204382,Auto,2022-Q1,36,81,0.3050847457627119
XOM,2022-Q2,"Jul 29, 2022, 9:30 a.m. ET",0.14366686344146729,0.00995108112692833,0.8463820815086365,0.13371578231453896,Energy,2022-Q2,37,39,0.4805194805194805
GOOGL,2022-Q1,"Apr 26, 2022, 5:00 p.m. ET",0.07115064561367035,0.021848812699317932,0.9070006012916565,0.04930183291435242,Tech,2022-Q1,18,40,0.3050847457627119
WMT,2022-Q4,"Feb 17, 2022, 8:00 a.m. ET",0.17154370248317719,0.03297828137874603,0.7954779863357544,0.13856542110443115,Retail,2022-Q4,52,138,0.27225130890052357
WFC,2022-Q4,"Jan 13, 2023, 12:00 p.m. ET",0.22225984930992126,0.1525449901819229,0.6251951456069946,0.06971485912799835,Finance,2022-Q4,90,70,0.5590062111801242
WMT,2022-Q2,"Aug 17, 2021, 8:00 a.m. ET",0.126206174492836,0.019815707579255104,0.8539780974388123,0.1063904669135809,Retail,2022-Q2,19,145,0.11515151515151516
CVX,2022-Q1,"Apr 29, 2022, 11:00 a.m. ET",0.15244877338409424,0.038533180952072144,0.809018075466156,0.1139155924320221,Energy,2022-Q1,28,31,0.4666666666666667
F,2022-Q1,"Apr 27, 2022, 5:00 p.m. ET",0.06472691893577576,0.029353909194469452,0.9059191942214966,0.035373009741306305,Auto,2022-Q1,43,65,0.3944954128440367
META,2021-Q4,"Feb 02, 2022, 5:00 p.m. ET",0.07954046130180359,0.014549873769283295,0.9059095978736877,0.0649905875325203,Tech,2021-Q4,62,70,0.46616541353383456
KO,2022-Q2,"Jul 26, 2022, 8:30 a.m. ET",0.020080674439668655,0.9349957704544067,0.044923555105924606,-0.9149150960147381,Consumer,2022-Q2,75,106,0.41208791208791207
NVDA,2021-Q3,"Nov 17, 2021, 5:00 p.m. ET",0.06291578710079193,0.015616824850440025,0.9214674234390259,0.047298962250351906,Tech,2021-Q3,20,78,0.20202020202020202
GM,2021-Q3,"Oct 27, 2021, 10:00 a.m. ET",0.18136462569236755,0.015279268845915794,0.8033561706542969,0.16608535684645176,Auto,2021-Q3,45,64,0.4090909090909091
WMT,2023-Q3,"Nov 15, 2022, 8:00 a.m. ET",0.07982960343360901,0.019016725942492485,0.9011536836624146,0.060812877491116524,Retail,2023-Q3,84,118,0.41379310344827586
WMT,2023-Q3,"Nov 15, 2022, 8:00 a.m. ET",0.07982960343360901,0.019016725942492485,0.9011536836624146,0.060812877491116524,Retail,2023-Q3,84,118,0.41379310344827586
WMT,2023-Q3,"Nov 15, 2022, 8:00 a.m. ET",0.07982960343360901,0.019016725942492485,0.9011536836624146,0.060812877491116524,Retail,2023-Q3,84,118,0.41379310344827586
COST,2022-Q4,"Sep 22, 2022, 5:00 p.m. ET",0.05553358793258667,0.03564220294356346,0.9088241457939148,0.01989138498902321,Retail,2022-Q4,63,11,0.84
ABT,2021-Q3,"Oct 20, 2021, 9:00 a.m. ET",0.2662228047847748,0.010722997598350048,0.7230541706085205,0.25549980718642473,Healthcare,2021-Q3,22,84,0.205607476635514
WMT,2023-Q1,"May 17, 2022, 8:00 a.m. ET",0.09849078953266144,0.07492757588624954,0.826581597328186,0.023563213646411896,Retail,2023-Q1,76,86,0.4662576687116564
WMT,2023-Q1,"May 17, 2022, 8:00 a.m. ET",0.09849078953266144,0.07492757588624954,0.826581597328186,0.023563213646411896,Retail,2023-Q1,76,86,0.4662576687116564
AMZN,2021-Q2,"Jul 29, 2021, 5:30 p.m. ET",0.057997386902570724,0.05450785160064697,0.8874948024749756,0.003489535301923752,Tech,2021-Q2,14,75,0.15555555555555556
GOOGL,2022-Q4,"Feb 02, 2023, 4:30 p.m. ET",0.05320672690868378,0.05143466964364052,0.8953586220741272,0.0017720572650432587,Tech,2022-Q4,25,75,0.24752475247524752
JPM,2021-Q4,"Jan 14, 2022, 8:30 a.m. ET",0.03679744526743889,0.027438994497060776,0.9357635974884033,0.009358450770378113,Finance,2021-Q4,53,101,0.3419354838709677
AAPL,2021-Q4,"Oct 28, 2021, 5:00 p.m. ET",0.1310485452413559,0.015517882071435452,0.8534334897994995,0.11553066316992044,Tech,2021-Q4,25,87,0.22123893805309736
NFLX,2021-Q3,"Oct 19, 2021, 6:00 p.m. ET",0.06522414833307266,0.017525767907500267,0.9172500967979431,0.047698380425572395,Media,2021-Q3,2,39,0.047619047619047616
GOOGL,2021-Q4,"Feb 01, 2022, 5:00 p.m. ET",0.20101289451122284,0.012852774932980537,0.7861343026161194,0.1881601195782423,Tech,2021-Q4,18,85,0.17307692307692307
GOOGL,2021-Q4,"Feb 01, 2022, 5:00 p.m. ET",0.20101289451122284,0.012852774932980537,0.7861343026161194,0.1881601195782423,Tech,2021-Q4,18,85,0.17307692307692307
NFLX,2021-Q4,"Jan 20, 2022, 6:00 p.m. ET",0.06014041230082512,0.0858684703707695,0.8539911508560181,-0.02572805806994438,Media,2021-Q4,3,32,0.08333333333333333
XOM,2022-Q1,"Apr 29, 2022, 9:30 a.m. ET",0.04544365033507347,0.019595008343458176,0.9349613785743713,0.025848641991615295,Energy,2022-Q1,37,26,0.578125
XOM,2022-Q3,"Oct 28, 2022, 8:30 a.m. ET",0.7937300205230713,0.010410374961793423,0.1958596408367157,0.7833196455612779,Energy,2022-Q3,44,43,0.5
META,2022-Q2,"Jul 27, 2022, 5:00 p.m. ET",0.11506220698356628,0.01877172663807869,0.8661660552024841,0.0962904803454876,Tech,2022-Q2,66,70,0.48175182481751827
TSLA,2021-Q4,"Jan 26, 2022, 5:30 p.m. ET",0.04911508038640022,0.06112520396709442,0.8897596597671509,-0.012010123580694199,Auto,2021-Q4,29,26,0.5178571428571429
MSFT,2023-Q2,"Jan 24, 2023, 5:30 p.m. ET",0.1271723210811615,0.009947950951755047,0.862879753112793,0.11722437012940645,Tech,2023-Q2,57,102,0.35625
ABT,2021-Q4,"Jan 26, 2022, 9:00 a.m. ET",0.13905198872089386,0.014553675428032875,0.8463943600654602,0.12449831329286098,Healthcare,2021-Q4,42,107,0.28
MRNA,2021-Q4,"Feb 24, 2022, 8:00 a.m. ET",0.09553026407957077,0.012065433897078037,0.8924042582511902,0.08346483018249273,Healthcare,2021-Q4,52,40,0.5591397849462365
NVDA,2023-Q3,"Nov 16, 2022, 5:00 p.m. ET",0.07007183879613876,0.04661807417869568,0.8833101391792297,0.023453764617443085,Tech,2023-Q3,19,48,0.27941176470588236
NVDA,2023-Q3,"Nov 16, 2022, 5:00 p.m. ET",0.07007183879613876,0.04661807417869568,0.8833101391792297,0.023453764617443085,Tech,2023-Q3,19,48,0.27941176470588236
AMD,2022-Q2,"Aug 02, 2022, 5:00 p.m. ET",0.10883809626102448,0.01679057814180851,0.8743712902069092,0.09204751811921597,Tech,2022-Q2,15,102,0.1271186440677966
PFE,2022-Q2,"Jul 28, 2022, 10:00 a.m. ET",0.0915922299027443,0.02653898485004902,0.8818687200546265,0.06505324505269527,Healthcare,2022-Q2,31,65,0.31958762886597936
XOM,2021-Q3,"Oct 29, 2021, 9:30 a.m. ET",0.1744399517774582,0.012896961532533169,0.8126631379127502,0.16154299024492502,Energy,2021-Q3,23,49,0.3150684931506849
JPM,2022-Q1,"Apr 13, 2022, 8:30 a.m. ET",0.1113365963101387,0.02219679020345211,0.8664665818214417,0.08913980610668659,Finance,2022-Q1,69,43,0.6106194690265486
CVX,2022-Q3,"Oct 28, 2022, 11:00 a.m. ET",0.08989780396223068,0.13556097447872162,0.7745411992073059,-0.045663170516490936,Energy,2022-Q3,33,53,0.3793103448275862
MRNA,2022-Q2,"Aug 03, 2022, 8:00 a.m. ET",0.09995166212320328,0.014598719775676727,0.8854495882987976,0.08535294234752655,Healthcare,2022-Q2,19,38,0.3275862068965517
MRNA,2022-Q2,"Aug 03, 2022, 8:00 a.m. ET",0.09995166212320328,0.014598719775676727,0.8854495882987976,0.08535294234752655,Healthcare,2022-Q2,19,38,0.3275862068965517
JPM,2022-Q3,"Oct 14, 2022, 8:30 a.m. ET",0.12948335707187653,0.020651860162615776,0.8498647809028625,0.10883149690926075,Finance,2022-Q3,65,37,0.6310679611650486
WFC,2022-Q2,"Jul 15, 2022, 10:00 a.m. ET",0.12067995220422745,0.09395742416381836,0.7853626608848572,0.026722528040409088,Finance,2022-Q2,104,64,0.6153846153846154
TGT,2021-Q2,"Aug 18, 2021, 8:00 a.m. ET",0.07237483561038971,0.020831674337387085,0.9067935347557068,0.051543161273002625,Retail,2021-Q2,39,155,0.2
GM,2021-Q2,"Aug 04, 2021, 10:00 a.m. ET",0.04510845988988876,0.4208337962627411,0.5340577363967896,-0.3757253363728523,Auto,2021-Q2,51,90,0.3591549295774648
AMZN,2022-Q2,"Jul 28, 2022, 5:30 p.m. ET",0.17177174985408783,0.015186412259936333,0.8130418658256531,0.1565853375941515,Tech,2022-Q2,36,49,0.4186046511627907
AAPL,2023-Q1,"Feb 02, 2023, 5:00 p.m. ET",0.10164477676153183,0.314592570066452,0.5837625861167908,-0.2129477933049202,Tech,2023-Q1,45,72,0.3813559322033898
XOM,2021-Q2,"Jul 30, 2021, 9:30 a.m. ET",0.060736034065485,0.020745495334267616,0.9185184836387634,0.039990538731217384,Energy,2021-Q2,15,59,0.2
INTC,2021-Q3,"Oct 21, 2021, 5:00 p.m. ET",0.06809026747941971,0.028283923864364624,0.9036258459091187,0.039806343615055084,Tech,2021-Q3,17,124,0.11971830985915492
JPM,2022-Q2,"Jul 14, 2022, 8:30 a.m. ET",0.48189324140548706,0.015514368191361427,0.5025923252105713,0.46637887321412563,Finance,2022-Q2,76,46,0.6178861788617886
TSLA,2022-Q2,"Jul 20, 2022, 5:30 p.m. ET",0.8838866949081421,0.028279583901166916,0.08783367276191711,0.8556071110069752,Auto,2022-Q2,59,38,0.6020408163265306
TSLA,2022-Q2,"Jul 20, 2022, 5:30 p.m. ET",0.8838866949081421,0.028279583901166916,0.08783367276191711,0.8556071110069752,Auto,2022-Q2,59,38,0.6020408163265306
COST,2022-Q3,"May 26, 2022, 5:00 p.m. ET",0.05882801488041878,0.018428897485136986,0.9227431416511536,0.04039911739528179,Retail,2022-Q3,59,25,0.6941176470588235
MSFT,2023-Q1,"Oct 25, 2022, 5:30 p.m. ET",0.11454790085554123,0.06283774226903915,0.822614312171936,0.051710158586502075,Tech,2023-Q1,52,116,0.3076923076923077
ABT,2022-Q2,"Jul 20, 2022, 9:00 a.m. ET",0.1918511688709259,0.021666087210178375,0.7864827513694763,0.17018508166074753,Healthcare,2022-Q2,54,73,0.421875
PFE,2022-Q3,"Nov 01, 2022, 10:00 a.m. ET",0.042556919157505035,0.018308237195014954,0.9391348361968994,0.024248681962490082,Healthcare,2022-Q3,22,57,0.275
NFLX,2022-Q4,"Jan 19, 2023, 6:00 p.m. ET",0.04106834903359413,0.0230842474848032,0.9358474612236023,0.01798410154879093,Media,2022-Q4,8,39,0.16666666666666666
TGT,2021-Q4,"Mar 01, 2022, 9:00 a.m. ET",0.09008380025625229,0.020406480878591537,0.8895097374916077,0.06967731937766075,Retail,2021-Q4,37,212,0.148
MCD,2021-Q2,"Jul 28, 2021, 8:30 a.m. ET",0.32859933376312256,0.00866956077516079,0.6627311110496521,0.31992977298796177,Consumer,2021-Q2,29,81,0.26126126126126126
MCD,2021-Q2,"Jul 28, 2021, 8:30 a.m. ET",0.32859933376312256,0.00866956077516079,0.6627311110496521,0.31992977298796177,Consumer,2021-Q2,29,81,0.26126126126126126
MCD,2021-Q2,"Jul 28, 2021, 8:30 a.m. ET",0.32859933376312256,0.00866956077516079,0.6627311110496521,0.31992977298796177,Consumer,2021-Q2,29,81,0.26126126126126126
MSFT,2022-Q1,"Oct 26, 2021, 5:30 p.m. ET",0.23025843501091003,0.011949561536312103,0.757792055606842,0.21830887347459793,Tech,2022-Q1,36,94,0.2748091603053435
CVX,2021-Q2,"Jul 30, 2021, 10:32 a.m. ET",0.23279327154159546,0.009957882575690746,0.7572488188743591,0.2228353889659047,Energy,2021-Q2,17,28,0.3695652173913043
GM,2021-Q4,"Feb 01, 2022, 5:00 p.m. ET",0.10720546543598175,0.01500472892075777,0.8777897953987122,0.09220073651522398,Auto,2021-Q4,22,106,0.17054263565891473
GM,2021-Q4,"Feb 01, 2022, 5:00 p.m. ET",0.10720546543598175,0.01500472892075777,0.8777897953987122,0.09220073651522398,Auto,2021-Q4,22,106,0.17054263565891473
GM,2022-Q3,"Oct 25, 2022, 8:30 a.m. ET",0.07824018597602844,0.02623976767063141,0.8955199718475342,0.052000418305397034,Auto,2022-Q3,31,86,0.2627118644067797
DIS,2021-Q4,"Nov 10, 2021, 4:30 p.m. ET",0.0591622069478035,0.31370940804481506,0.6271284222602844,-0.25454720109701157,Media,2021-Q4,26,50,0.33766233766233766
AMZN,2021-Q4,"Feb 03, 2022, 5:30 p.m. ET",0.0529184490442276,0.018181847408413887,0.9288997054100037,0.03473660163581371,Tech,2021-Q4,19,57,0.24675324675324675
AAPL,2022-Q2,"Apr 28, 2022, 5:00 p.m. ET",0.06902897357940674,0.021112844347953796,0.909858226776123,0.04791612923145294,Tech,2022-Q2,41,74,0.35344827586206895
MRNA,2022-Q3,"Nov 03, 2022, 8:00 a.m. ET",0.10114191472530365,0.012367986142635345,0.8864901661872864,0.0887739285826683,Healthcare,2022-Q3,9,36,0.1956521739130435
MRNA,2022-Q3,"Nov 03, 2022, 8:00 a.m. ET",0.10114191472530365,0.012367986142635345,0.8864901661872864,0.0887739285826683,Healthcare,2022-Q3,9,36,0.1956521739130435
BLK,2022-Q4,"Jan 13, 2023, 8:30 a.m. ET",0.12091729789972305,0.01526809111237526,0.8638145923614502,0.1056492067873478,Finance,2022-Q4,57,92,0.38
KO,2022-Q3,"Oct 25, 2022, 8:30 a.m. ET",0.05873490497469902,0.021621519699692726,0.9196435809135437,0.037113385275006294,Consumer,2022-Q3,60,166,0.2643171806167401
NFLX,2022-Q2,"Jul 19, 2022, 6:00 p.m. ET",0.05084970220923424,0.02445843815803528,0.924691915512085,0.02639126405119896,Media,2022-Q2,11,47,0.1864406779661017
TSLA,2021-Q3,"Oct 20, 2021, 8:30 a.m. ET",0.9512682557106018,0.016672834753990173,0.032058894634246826,0.9345954209566116,Auto,2021-Q3,38,25,0.59375
TSLA,2021-Q3,"Oct 20, 2021, 8:30 a.m. ET",0.9512682557106018,0.016672834753990173,0.032058894634246826,0.9345954209566116,Auto,2021-Q3,38,25,0.59375
JNJ,2022-Q4,"Jan 24, 2023, 8:30 a.m. ET",0.0849468782544136,0.02218828722834587,0.8928648233413696,0.06275859102606773,Healthcare,2022-Q4,77,137,0.3581395348837209
MSFT,2022-Q4,"Jul 26, 2022, 5:30 p.m. ET",0.5040910840034485,0.01531829871237278,0.4805905520915985,0.4887727852910757,Tech,2022-Q4,56,103,0.35
DIS,2022-Q2,"May 11, 2022, 4:30 p.m. ET",0.08540857583284378,0.0157199427485466,0.8988714218139648,0.06968863308429718,Media,2022-Q2,33,60,0.35106382978723405
INTC,2022-Q3,"Oct 27, 2022, 5:00 p.m. ET",0.014628632925450802,0.8999217748641968,0.08544962108135223,-0.885293141938746,Tech,2022-Q3,48,63,0.42857142857142855
PFE,2021-Q4,"Feb 08, 2022, 10:00 a.m. ET",0.07142707705497742,0.020799851045012474,0.9077731370925903,0.05062722600996494,Healthcare,2021-Q4,52,101,0.33766233766233766
JNJ,2022-Q3,"Oct 18, 2022, 8:30 a.m. ET",0.07950583845376968,0.5104973316192627,0.40999677777290344,-0.430991493165493,Healthcare,2022-Q3,65,136,0.3217821782178218
PFE,2021-Q2,"Jul 28, 2021, 10:00 a.m. ET",0.05376746505498886,0.01694844290614128,0.9292841553688049,0.03681902214884758,Healthcare,2021-Q2,38,62,0.37623762376237624
AMD,2022-Q3,"Nov 01, 2022, 5:00 p.m. ET",0.03476470708847046,0.17298606038093567,0.7922492623329163,-0.1382213532924652,Tech,2022-Q3,52,74,0.4094488188976378
F,2021-Q4,"Feb 03, 2022, 5:00 p.m. ET",0.09007139503955841,0.014285927638411522,0.8956426382064819,0.07578546740114689,Auto,2021-Q4,31,68,0.31
CVX,2021-Q4,"Jan 28, 2022, 11:00 a.m. ET",0.12157449871301651,0.026361681520938873,0.8520638942718506,0.09521281719207764,Energy,2021-Q4,24,43,0.35294117647058826
INTC,2021-Q4,"Jan 26, 2022, 5:00 p.m. ET",0.1889311522245407,0.017746249213814735,0.7933225631713867,0.17118490301072598,Tech,2021-Q4,17,127,0.11724137931034483
NFLX,2022-Q3,"Oct 18, 2022, 6:00 p.m. ET",0.04931490123271942,0.022269129753112793,0.9284160137176514,0.02704577147960663,Media,2022-Q3,4,31,0.1111111111111111
GM,2022-Q2,"Jul 26, 2022, 8:30 a.m. ET",0.09645508974790573,0.01935255341231823,0.8841923475265503,0.0771025363355875,Auto,2022-Q2,52,69,0.4262295081967213
WFC,2022-Q3,"Oct 14, 2022, 10:00 a.m. ET",0.048166655004024506,0.290837824344635,0.6609954833984375,-0.2426711693406105,Finance,2022-Q3,129,60,0.6789473684210526
F,2021-Q2,"Jul 28, 2021, 5:00 p.m. ET",0.08140747249126434,0.019827071577310562,0.898765504360199,0.06158040091395378,Auto,2021-Q2,33,45,0.4177215189873418
INTC,2022-Q4,"Jan 26, 2023, 5:00 p.m. ET",0.03998028114438057,0.351915180683136,0.6081045866012573,-0.3119348995387554,Tech,2022-Q4,60,88,0.40268456375838924
COST,2022-Q1,"Dec 09, 2021, 5:00 p.m. ET",0.3186785578727722,0.05233212932944298,0.6289893388748169,0.26634642854332924,Retail,2022-Q1,68,31,0.68
GOOGL,2022-Q3,"Oct 25, 2022, 5:00 p.m. ET",0.05903733894228935,0.02270074002444744,0.9182618856430054,0.03633659891784191,Tech,2022-Q3,33,86,0.275
MRNA,2021-Q2,"Aug 05, 2021, 8:00 a.m. ET",0.07502692192792892,0.013633828610181808,0.9113392233848572,0.061393093317747116,Healthcare,2021-Q2,37,49,0.42528735632183906
PFE,2022-Q4,"Jan 31, 2023, 10:00 a.m. ET",0.08369819819927216,0.014137287624180317,0.9021645188331604,0.06956091057509184,Healthcare,2022-Q4,33,86,0.275
PFE,2022-Q4,"Jan 31, 2023, 10:00 a.m. ET",0.08369819819927216,0.014137287624180317,0.9021645188331604,0.06956091057509184,Healthcare,2022-Q4,33,86,0.275
COST,2022-Q2,"Mar 03, 2022, 5:00 p.m. ET",0.34226736426353455,0.017785800620913506,0.6399468183517456,0.32448156364262104,Retail,2022-Q2,74,21,0.7708333333333334
NVDA,2023-Q1,"May 25, 2022, 5:00 p.m. ET",0.137070894241333,0.06155361980199814,0.8013755083084106,0.07551727443933487,Tech,2023-Q1,26,85,0.23214285714285715
DIS,2022-Q1,"Feb 09, 2022, 4:30 p.m. ET",0.21268156170845032,0.011272947303950787,0.7760455012321472,0.20140861440449953,Media,2022-Q1,12,48,0.19672131147540983
AMZN,2022-Q4,"Feb 02, 2023, 5:30 p.m. ET",0.050743065774440765,0.017473146319389343,0.9317837953567505,0.03326991945505142,Tech,2022-Q4,29,48,0.3717948717948718
COST,2023-Q1,"Dec 08, 2022, 5:00 p.m. ET",0.049330808222293854,0.02700190618634224,0.923667311668396,0.022328902035951614,Retail,2023-Q1,77,22,0.77
INTC,2022-Q1,"Apr 28, 2022, 5:00 p.m. ET",0.0929935947060585,0.019378308206796646,0.8876280784606934,0.07361528649926186,Tech,2022-Q1,37,104,0.2605633802816901
F,2022-Q3,"Oct 27, 2022, 1:00 p.m. ET",0.0790664479136467,0.021435003727674484,0.8994985222816467,0.057631444185972214,Auto,2022-Q3,24,48,0.3287671232876712
NVDA,2022-Q4,"Feb 16, 2022, 5:30 p.m. ET",0.26320430636405945,0.012012959457933903,0.7247827649116516,0.25119134690612555,Tech,2022-Q4,9,108,0.07627118644067797
WFC,2021-Q4,"Jan 14, 2022, 10:00 a.m. ET",0.16091187298297882,0.013583867810666561,0.8255042433738708,0.14732800517231226,Finance,2021-Q4,69,95,0.41818181818181815
MSFT,2022-Q3,"Apr 26, 2022, 5:30 p.m. ET",0.1520961970090866,0.11475198715925217,0.7331517934799194,0.03734420984983444,Tech,2022-Q3,31,118,0.20666666666666667
MRNA,2021-Q3,"Nov 04, 2021, 8:00 a.m. ET",0.12452851980924606,0.011852127499878407,0.8636193871498108,0.11267639230936766,Healthcare,2021-Q3,60,35,0.625
CVX,2021-Q3,"Oct 29, 2021, 11:00 a.m. ET",0.08959692716598511,0.05476332828402519,0.8556396961212158,0.034833598881959915,Energy,2021-Q3,6,34,0.14634146341463414
TGT,2022-Q2,"Aug 17, 2022, 8:00 a.m. ET",0.30378827452659607,0.013997022062540054,0.6822147369384766,0.289791252464056,Retail,2022-Q2,77,85,0.4723926380368098
AMD,2022-Q4,"Jan 31, 2023, 5:00 p.m. ET",0.5146840214729309,0.011950996704399586,0.4733649790287018,0.5027330247685313,Tech,2022-Q4,35,105,0.24822695035460993
DIS,2022-Q3,"Aug 10, 2022, 4:30 p.m. ET",0.5095924139022827,0.017462855204939842,0.4729447066783905,0.4921295586973429,Media,2022-Q3,22,61,0.2619047619047619
KO,2021-Q4,"Feb 10, 2022, 8:30 a.m. ET",0.22057341039180756,0.017924467101693153,0.7615020871162415,0.2026489432901144,Consumer,2021-Q4,40,125,0.24096385542168675
NVDA,2022-Q2,"Aug 18, 2021, 5:00 p.m. ET",0.23816601932048798,0.011257932521402836,0.7505760788917542,0.22690808679908514,Tech,2022-Q2,10,84,0.10526315789473684
TSLA,2022-Q4,"Jan 25, 2023, 5:30 p.m. ET",0.8482398986816406,0.008995434269309044,0.14276465773582458,0.8392444644123316,Auto,2022-Q4,34,32,0.5074626865671642
BLK,2021-Q4,"Jan 14, 2022, 8:30 a.m. ET",0.07192522287368774,0.017376702278852463,0.9106981158256531,0.05454852059483528,Finance,2021-Q4,20,144,0.12121212121212122
MCD,2021-Q3,"Oct 27, 2021, 8:30 a.m. ET",0.08918220549821854,0.08481340855360031,0.8260043859481812,0.004368796944618225,Consumer,2021-Q3,32,115,0.21621621621621623
BLK,2021-Q3,"Oct 13, 2021, 8:30 a.m. ET",0.20055368542671204,0.03943590819835663,0.7600104212760925,0.1611177772283554,Finance,2021-Q3,39,107,0.2653061224489796
JNJ,2021-Q4,"Jan 25, 2022, 8:30 a.m. ET",0.09488505125045776,0.09860875457525253,0.8065062165260315,-0.0037237033247947693,Healthcare,2021-Q4,68,197,0.2556390977443609
GOOGL,2021-Q3,"Oct 26, 2021, 4:30 p.m. ET",0.11727912724018097,0.011122782714664936,0.8715981245040894,0.10615634452551603,Tech,2021-Q3,19,80,0.19
GOOGL,2021-Q3,"Oct 26, 2021, 4:30 p.m. ET",0.11727912724018097,0.011122782714664936,0.8715981245040894,0.10615634452551603,Tech,2021-Q3,19,80,0.19
GOOGL,2021-Q3,"Oct 26, 2021, 4:30 p.m. ET",0.11727912724018097,0.011122782714664936,0.8715981245040894,0.10615634452551603,Tech,2021-Q3,19,80,0.19
BAC,2021-Q4,"Jan 19, 2022, 11:00 a.m. ET",0.07391199469566345,0.016144506633281708,0.9099435210227966,0.057767488062381744,Finance,2021-Q4,36,165,0.1782178217821782
WMT,2023-Q2,"Aug 16, 2022, 8:00 a.m. ET",0.05088574066758156,0.02086748369038105,0.928246796131134,0.030018256977200508,Retail,2023-Q2,94,92,0.5026737967914439
WMT,2023-Q2,"Aug 16, 2022, 8:00 a.m. ET",0.05088574066758156,0.02086748369038105,0.928246796131134,0.030018256977200508,Retail,2023-Q2,94,92,0.5026737967914439
WMT,2023-Q2,"Aug 16, 2022, 8:00 a.m. ET",0.05088574066758156,0.02086748369038105,0.928246796131134,0.030018256977200508,Retail,2023-Q2,94,92,0.5026737967914439
PEP,2021-Q3,"Oct 5, 2021, 8:15 a.m. ET",0.2708958685398102,0.010396594181656837,0.7187075614929199,0.26049927435815334,Consumer,2021-Q3,11,72,0.13095238095238096
TGT,2021-Q3,"Nov 17, 2021, 8:00 a.m. ET",0.11974909156560898,0.02526443637907505,0.8549865484237671,0.09448465518653393,Retail,2021-Q3,29,124,0.18831168831168832
AMD,2021-Q4,"Feb 01, 2022, 5:00 p.m. ET",0.17935232818126678,0.010649438947439194,0.8099982142448425,0.1687028892338276,Tech,2021-Q4,8,105,0.07017543859649122
MSFT,2022-Q2,"Jan 25, 2022, 5:30 p.m. ET",0.16151021420955658,0.020035099238157272,0.8184546828269958,0.1414751149713993,Tech,2022-Q2,22,130,0.1437908496732026
AAPL,2022-Q4,"Oct 27, 2022, 5:00 p.m. ET",0.2303887903690338,0.039825305342674255,0.7297859191894531,0.19056348502635956,Tech,2022-Q4,44,89,0.3283582089552239
XOM,2022-Q4,"Jan 31, 2023, 8:30 a.m. ET",0.06660713255405426,0.026932666078209877,0.906460165977478,0.03967446647584438,Energy,2022-Q4,29,36,0.4393939393939394
BAC,2022-Q2,"Jul 18, 2022, 8:30 a.m. ET",0.6508305072784424,0.017423465847969055,0.33174601197242737,0.6334070414304733,Finance,2022-Q2,57,94,0.375
COST,2021-Q4,"Sep 23, 2021, 5:00 p.m. ET",0.06070052832365036,0.014637436717748642,0.9246620535850525,0.04606309160590172,Retail,2021-Q4,82,22,0.780952380952381
NVDA,2023-Q2,"Aug 24, 2022, 5:00 p.m. ET",0.08795315027236938,0.023339705541729927,0.888707160949707,0.06461344473063946,Tech,2023-Q2,46,53,0.46
